,idx,balancing:strategy,classifier:__choice__,classifier:adaboost:algorithm,classifier:adaboost:learning_rate,classifier:adaboost:max_depth,classifier:adaboost:n_estimators,classifier:bernoulli_nb:alpha,classifier:bernoulli_nb:fit_prior,classifier:decision_tree:criterion,classifier:decision_tree:max_depth_factor,classifier:decision_tree:max_features,classifier:decision_tree:max_leaf_nodes,classifier:decision_tree:min_impurity_decrease,classifier:decision_tree:min_samples_leaf,classifier:decision_tree:min_samples_split,classifier:decision_tree:min_weight_fraction_leaf,classifier:extra_trees:bootstrap,classifier:extra_trees:criterion,classifier:extra_trees:max_depth,classifier:extra_trees:max_features,classifier:extra_trees:max_leaf_nodes,classifier:extra_trees:min_impurity_decrease,classifier:extra_trees:min_samples_leaf,classifier:extra_trees:min_samples_split,classifier:extra_trees:min_weight_fraction_leaf,classifier:gradient_boosting:early_stop,classifier:gradient_boosting:l2_regularization,classifier:gradient_boosting:learning_rate,classifier:gradient_boosting:loss,classifier:gradient_boosting:max_bins,classifier:gradient_boosting:max_depth,classifier:gradient_boosting:max_leaf_nodes,classifier:gradient_boosting:min_samples_leaf,classifier:gradient_boosting:n_iter_no_change,classifier:gradient_boosting:scoring,classifier:gradient_boosting:tol,classifier:gradient_boosting:validation_fraction,classifier:k_nearest_neighbors:n_neighbors,classifier:k_nearest_neighbors:p,classifier:k_nearest_neighbors:weights,classifier:lda:shrinkage,classifier:lda:shrinkage_factor,classifier:lda:tol,classifier:liblinear_svc:C,classifier:liblinear_svc:dual,classifier:liblinear_svc:fit_intercept,classifier:liblinear_svc:intercept_scaling,classifier:liblinear_svc:loss,classifier:liblinear_svc:multi_class,classifier:liblinear_svc:penalty,classifier:liblinear_svc:tol,classifier:libsvm_svc:C,classifier:libsvm_svc:coef0,classifier:libsvm_svc:degree,classifier:libsvm_svc:gamma,classifier:libsvm_svc:kernel,classifier:libsvm_svc:max_iter,classifier:libsvm_svc:shrinking,classifier:libsvm_svc:tol,classifier:mlp:activation,classifier:mlp:alpha,classifier:mlp:batch_size,classifier:mlp:beta_1,classifier:mlp:beta_2,classifier:mlp:early_stopping,classifier:mlp:epsilon,classifier:mlp:hidden_layer_depth,classifier:mlp:learning_rate_init,classifier:mlp:n_iter_no_change,classifier:mlp:num_nodes_per_layer,classifier:mlp:shuffle,classifier:mlp:solver,classifier:mlp:tol,classifier:mlp:validation_fraction,classifier:multinomial_nb:alpha,classifier:multinomial_nb:fit_prior,classifier:passive_aggressive:C,classifier:passive_aggressive:average,classifier:passive_aggressive:fit_intercept,classifier:passive_aggressive:loss,classifier:passive_aggressive:tol,classifier:qda:reg_param,classifier:random_forest:bootstrap,classifier:random_forest:criterion,classifier:random_forest:max_depth,classifier:random_forest:max_features,classifier:random_forest:max_leaf_nodes,classifier:random_forest:min_impurity_decrease,classifier:random_forest:min_samples_leaf,classifier:random_forest:min_samples_split,classifier:random_forest:min_weight_fraction_leaf,classifier:sgd:alpha,classifier:sgd:average,classifier:sgd:epsilon,classifier:sgd:eta0,classifier:sgd:fit_intercept,classifier:sgd:l1_ratio,classifier:sgd:learning_rate,classifier:sgd:loss,classifier:sgd:penalty,classifier:sgd:power_t,classifier:sgd:tol,data_preprocessor:feature_type:categorical_transformer:categorical_encoding:__choice__,data_preprocessor:feature_type:categorical_transformer:category_coalescence:__choice__,data_preprocessor:feature_type:categorical_transformer:category_coalescence:minority_coalescer:minimum_fraction,data_preprocessor:feature_type:numerical_transformer:imputation:strategy,data_preprocessor:feature_type:numerical_transformer:rescaling:__choice__,data_preprocessor:feature_type:numerical_transformer:rescaling:quantile_transformer:n_quantiles,data_preprocessor:feature_type:numerical_transformer:rescaling:quantile_transformer:output_distribution,data_preprocessor:feature_type:numerical_transformer:rescaling:robust_scaler:q_max,data_preprocessor:feature_type:numerical_transformer:rescaling:robust_scaler:q_min,feature_preprocessor:__choice__,feature_preprocessor:extra_trees_preproc_for_classification:bootstrap,feature_preprocessor:extra_trees_preproc_for_classification:criterion,feature_preprocessor:extra_trees_preproc_for_classification:max_depth,feature_preprocessor:extra_trees_preproc_for_classification:max_features,feature_preprocessor:extra_trees_preproc_for_classification:max_leaf_nodes,feature_preprocessor:extra_trees_preproc_for_classification:min_impurity_decrease,feature_preprocessor:extra_trees_preproc_for_classification:min_samples_leaf,feature_preprocessor:extra_trees_preproc_for_classification:min_samples_split,feature_preprocessor:extra_trees_preproc_for_classification:min_weight_fraction_leaf,feature_preprocessor:extra_trees_preproc_for_classification:n_estimators,feature_preprocessor:kernel_pca:coef0,feature_preprocessor:kernel_pca:degree,feature_preprocessor:kernel_pca:gamma,feature_preprocessor:kernel_pca:kernel,feature_preprocessor:kernel_pca:n_components,feature_preprocessor:kitchen_sinks:gamma,feature_preprocessor:kitchen_sinks:n_components,feature_preprocessor:liblinear_svc_preprocessor:C,feature_preprocessor:liblinear_svc_preprocessor:dual,feature_preprocessor:liblinear_svc_preprocessor:fit_intercept,feature_preprocessor:liblinear_svc_preprocessor:intercept_scaling,feature_preprocessor:liblinear_svc_preprocessor:loss,feature_preprocessor:liblinear_svc_preprocessor:multi_class,feature_preprocessor:liblinear_svc_preprocessor:penalty,feature_preprocessor:liblinear_svc_preprocessor:tol,feature_preprocessor:nystroem_sampler:coef0,feature_preprocessor:nystroem_sampler:degree,feature_preprocessor:nystroem_sampler:gamma,feature_preprocessor:nystroem_sampler:kernel,feature_preprocessor:nystroem_sampler:n_components,feature_preprocessor:polynomial:degree,feature_preprocessor:polynomial:include_bias,feature_preprocessor:polynomial:interaction_only,feature_preprocessor:random_trees_embedding:bootstrap,feature_preprocessor:random_trees_embedding:max_depth,feature_preprocessor:random_trees_embedding:max_leaf_nodes,feature_preprocessor:random_trees_embedding:min_samples_leaf,feature_preprocessor:random_trees_embedding:min_samples_split,feature_preprocessor:random_trees_embedding:min_weight_fraction_leaf,feature_preprocessor:random_trees_embedding:n_estimators,feature_preprocessor:select_percentile_classification:percentile,feature_preprocessor:select_percentile_classification:score_func,feature_preprocessor:select_rates_classification:alpha,feature_preprocessor:select_rates_classification:mode,feature_preprocessor:select_rates_classification:score_func,feature_preprocessor:truncatedSVD:target_dim,data_preprocessor:__choice__,data_preprocessor:feature_type:text_transformer:feature_reduction:n_components,data_preprocessor:feature_type:text_transformer:text_encoding:__choice__,data_preprocessor:feature_type:text_transformer:text_encoding:bag_of_word_encoding:min_df_absolute,data_preprocessor:feature_type:text_transformer:text_encoding:bag_of_word_encoding:min_df_choice,data_preprocessor:feature_type:text_transformer:text_encoding:bag_of_word_encoding:min_df_relative,data_preprocessor:feature_type:text_transformer:text_encoding:bag_of_word_encoding_distinct:min_df_absolute,data_preprocessor:feature_type:text_transformer:text_encoding:bag_of_word_encoding_distinct:min_df_choice,data_preprocessor:feature_type:text_transformer:text_encoding:bag_of_word_encoding_distinct:min_df_relative,data_preprocessor:feature_type:text_transformer:text_encoding:tfidf_encoding:min_df_absolute,data_preprocessor:feature_type:text_transformer:text_encoding:tfidf_encoding:min_df_choice,data_preprocessor:feature_type:text_transformer:text_encoding:tfidf_encoding:min_df_relative,data_preprocessor:feature_type:text_transformer:text_encoding:tfidf_encoding:use_idf
0,1,weighting,sgd,,,,,,,,,,,,,,,,,,,,,,,,,,,,,,,,,,,,,,,,,,,,,,,,,,,,,,,,,,,,,,,,,,,,,,,,,,,,,,,,,,,,,,,,,,5.886112392681687e-06,True,0.0001133852977681,0.0150845485139727,True,3.459362323263004e-07,constant,modified_huber,elasticnet,,5.034234698496303e-05,no_encoding,minority_coalescer,0.4470033646188783,mean,normalize,,,,,kernel_pca,,,,,,,,,,,,,,cosine,1992.0,,,,,,,,,,,,,,,,,,,,,,,,,,,,,,,,feature_type,100,bag_of_word_encoding,1,min_df_absolute,,,,,,,,
1,4,weighting,extra_trees,,,,,,,,,,,,,,,True,entropy,None,0.7556054092749199,None,0.0,13.0,11.0,0.0,,,,,,,,,,,,,,,,,,,,,,,,,,,,,,,,,,,,,,,,,,,,,,,,,,,,,,,,,,,,,,,,,,,,,,,,,,,,,,one_hot_encoding,minority_coalescer,0.01,median,normalize,,,,,liblinear_svc_preprocessor,,,,,,,,,,,,,,,,,,15.097243004078786,False,True,1.0,squared_hinge,ovr,l1,7.399250589284753e-05,,,,,,,,,,,,,,,,,,,,,,feature_type,100,bag_of_word_encoding,1,min_df_absolute,,,,,,,,
2,8,none,passive_aggressive,,,,,,,,,,,,,,,,,,,,,,,,,,,,,,,,,,,,,,,,,,,,,,,,,,,,,,,,,,,,,,,,,,,,,,,,,,,0.1426827771145481,False,True,hinge,0.0002600768160857,,,,,,,,,,,,,,,,,,,,,,no_encoding,minority_coalescer,0.0070580904199417,most_frequent,none,,,,,no_preprocessing,,,,,,,,,,,,,,,,,,,,,,,,,,,,,,,,,,,,,,,,,,,,,,,feature_type,100,bag_of_word_encoding,1,min_df_absolute,,,,,,,,
3,11,weighting,random_forest,,,,,,,,,,,,,,,,,,,,,,,,,,,,,,,,,,,,,,,,,,,,,,,,,,,,,,,,,,,,,,,,,,,,,,,,,,,,,,,,,False,gini,None,0.1448293017939638,None,0.0,1.0,3.0,0.0,,,,,,,,,,,,one_hot_encoding,minority_coalescer,0.0204640789729529,median,robust_scaler,,,0.7603181260124257,0.1961247612507315,extra_trees_preproc_for_classification,False,entropy,None,0.4814078134287786,None,0.0,2.0,13.0,0.0,100.0,,,,,,,,,,,,,,,,,,,,,,,,,,,,,,,,,,,,,feature_type,100,bag_of_word_encoding,1,min_df_absolute,,,,,,,,
4,14,weighting,adaboost,SAMME.R,0.0254638592763976,1.0,133.0,,,,,,,,,,,,,,,,,,,,,,,,,,,,,,,,,,,,,,,,,,,,,,,,,,,,,,,,,,,,,,,,,,,,,,,,,,,,,,,,,,,,,,,,,,,,,,,,,no_encoding,minority_coalescer,0.0108199785543212,mean,normalize,,,,,liblinear_svc_preprocessor,,,,,,,,,,,,,,,,,,10.135202888200782,False,True,1.0,squared_hinge,ovr,l1,0.0017865244880621,,,,,,,,,,,,,,,,,,,,,,feature_type,100,bag_of_word_encoding,1,min_df_absolute,,,,,,,,
5,15,weighting,random_forest,,,,,,,,,,,,,,,,,,,,,,,,,,,,,,,,,,,,,,,,,,,,,,,,,,,,,,,,,,,,,,,,,,,,,,,,,,,,,,,,,False,entropy,None,0.2349572029288535,None,0.0,2.0,6.0,0.0,,,,,,,,,,,,no_encoding,minority_coalescer,0.0101955654264362,most_frequent,normalize,,,,,polynomial,,,,,,,,,,,,,,,,,,,,,,,,,,,,,,,3.0,False,False,,,,,,,,,,,,,,feature_type,100,bag_of_word_encoding,1,min_df_absolute,,,,,,,,
6,18,none,mlp,,,,,,,,,,,,,,,,,,,,,,,,,,,,,,,,,,,,,,,,,,,,,,,,,,,,,,,,,,tanh,2.263537835280473e-07,auto,0.9,0.999,valid,1e-08,1.0,0.0006755624359067,32.0,256.0,True,adam,0.0001,0.1,,,,,,,,,,,,,,,,,,,,,,,,,,,,,no_encoding,no_coalescense,,median,standardize,,,,,random_trees_embedding,,,,,,,,,,,,,,,,,,,,,,,,,,,,,,,,,,True,5.0,None,8.0,3.0,1.0,92.0,,,,,,,feature_type,100,bag_of_word_encoding,1,min_df_absolute,,,,,,,,
7,20,none,extra_trees,,,,,,,,,,,,,,,True,gini,None,0.1578510140411891,None,0.0,1.0,2.0,0.0,,,,,,,,,,,,,,,,,,,,,,,,,,,,,,,,,,,,,,,,,,,,,,,,,,,,,,,,,,,,,,,,,,,,,,,,,,,,,,one_hot_encoding,minority_coalescer,0.0093579886154156,mean,none,,,,,no_preprocessing,,,,,,,,,,,,,,,,,,,,,,,,,,,,,,,,,,,,,,,,,,,,,,,feature_type,100,bag_of_word_encoding,1,min_df_absolute,,,,,,,,
8,24,none,random_forest,,,,,,,,,,,,,,,,,,,,,,,,,,,,,,,,,,,,,,,,,,,,,,,,,,,,,,,,,,,,,,,,,,,,,,,,,,,,,,,,,False,entropy,None,0.5899611783591084,None,0.0,5.0,10.0,0.0,,,,,,,,,,,,one_hot_encoding,minority_coalescer,0.0117643722038342,mean,none,,,,,polynomial,,,,,,,,,,,,,,,,,,,,,,,,,,,,,,,3.0,False,False,,,,,,,,,,,,,,feature_type,100,bag_of_word_encoding,1,min_df_absolute,,,,,,,,
9,26,weighting,extra_trees,,,,,,,,,,,,,,,False,gini,None,0.9292309396985746,None,0.0,1.0,10.0,0.0,,,,,,,,,,,,,,,,,,,,,,,,,,,,,,,,,,,,,,,,,,,,,,,,,,,,,,,,,,,,,,,,,,,,,,,,,,,,,,no_encoding,minority_coalescer,0.0327191586394294,median,normalize,,,,,extra_trees_preproc_for_classification,False,entropy,None,0.9929881254946676,None,0.0,1.0,2.0,0.0,100.0,,,,,,,,,,,,,,,,,,,,,,,,,,,,,,,,,,,,,feature_type,100,bag_of_word_encoding,1,min_df_absolute,,,,,,,,
10,29,none,random_forest,,,,,,,,,,,,,,,,,,,,,,,,,,,,,,,,,,,,,,,,,,,,,,,,,,,,,,,,,,,,,,,,,,,,,,,,,,,,,,,,,False,entropy,None,0.2506331808415944,None,0.0,2.0,10.0,0.0,,,,,,,,,,,,one_hot_encoding,no_coalescense,,most_frequent,none,,,,,polynomial,,,,,,,,,,,,,,,,,,,,,,,,,,,,,,,2.0,False,False,,,,,,,,,,,,,,feature_type,100,bag_of_word_encoding,1,min_df_absolute,,,,,,,,
11,35,none,passive_aggressive,,,,,,,,,,,,,,,,,,,,,,,,,,,,,,,,,,,,,,,,,,,,,,,,,,,,,,,,,,,,,,,,,,,,,,,,,,,0.1426827771145481,False,True,hinge,0.0002600768160857,,,,,,,,,,,,,,,,,,,,,,no_encoding,minority_coalescer,0.0070580904199417,most_frequent,none,,,,,no_preprocessing,,,,,,,,,,,,,,,,,,,,,,,,,,,,,,,,,,,,,,,,,,,,,,,feature_type,100,bag_of_word_encoding,1,min_df_absolute,,,,,,,,
12,37,none,mlp,,,,,,,,,,,,,,,,,,,,,,,,,,,,,,,,,,,,,,,,,,,,,,,,,,,,,,,,,,tanh,0.016831164612449,auto,0.9,0.999,train,1e-08,1.0,0.000124922370693,32.0,54.0,True,adam,0.0001,,,,,,,,,,,,,,,,,,,,,,,,,,,,,,no_encoding,minority_coalescer,0.0320188618917776,median,standardize,,,,,no_preprocessing,,,,,,,,,,,,,,,,,,,,,,,,,,,,,,,,,,,,,,,,,,,,,,,feature_type,100,bag_of_word_encoding,1,min_df_absolute,,,,,,,,
13,39,weighting,random_forest,,,,,,,,,,,,,,,,,,,,,,,,,,,,,,,,,,,,,,,,,,,,,,,,,,,,,,,,,,,,,,,,,,,,,,,,,,,,,,,,,False,gini,None,0.90420945640785,None,0.0,9.0,3.0,0.0,,,,,,,,,,,,no_encoding,no_coalescense,,most_frequent,robust_scaler,,,0.7664590833735542,0.1381284244826501,no_preprocessing,,,,,,,,,,,,,,,,,,,,,,,,,,,,,,,,,,,,,,,,,,,,,,,feature_type,100,bag_of_word_encoding,1,min_df_absolute,,,,,,,,
14,42,weighting,passive_aggressive,,,,,,,,,,,,,,,,,,,,,,,,,,,,,,,,,,,,,,,,,,,,,,,,,,,,,,,,,,,,,,,,,,,,,,,,,,,0.0056175495694479,True,True,squared_hinge,0.0096788227592249,,,,,,,,,,,,,,,,,,,,,,one_hot_encoding,no_coalescense,,mean,standardize,,,,,polynomial,,,,,,,,,,,,,,,,,,,,,,,,,,,,,,,2.0,False,False,,,,,,,,,,,,,,feature_type,100,bag_of_word_encoding,1,min_df_absolute,,,,,,,,
15,46,weighting,random_forest,,,,,,,,,,,,,,,,,,,,,,,,,,,,,,,,,,,,,,,,,,,,,,,,,,,,,,,,,,,,,,,,,,,,,,,,,,,,,,,,,False,gini,None,0.4825984303333078,None,0.0,1.0,2.0,0.0,,,,,,,,,,,,no_encoding,minority_coalescer,0.0028041211806575,most_frequent,quantile_transformer,1060.0,uniform,,,no_preprocessing,,,,,,,,,,,,,,,,,,,,,,,,,,,,,,,,,,,,,,,,,,,,,,,feature_type,100,bag_of_word_encoding,1,min_df_absolute,,,,,,,,
16,47,weighting,random_forest,,,,,,,,,,,,,,,,,,,,,,,,,,,,,,,,,,,,,,,,,,,,,,,,,,,,,,,,,,,,,,,,,,,,,,,,,,,,,,,,,False,gini,None,0.7903470484105553,None,0.0,1.0,3.0,0.0,,,,,,,,,,,,one_hot_encoding,minority_coalescer,0.1624538305738148,mean,standardize,,,,,select_percentile_classification,,,,,,,,,,,,,,,,,,,,,,,,,,,,,,,,,,,,,,,,,56.08044152774664,chi2,,,,,feature_type,100,bag_of_word_encoding,1,min_df_absolute,,,,,,,,
17,50,none,adaboost,SAMME.R,0.089463031610344,10.0,327.0,,,,,,,,,,,,,,,,,,,,,,,,,,,,,,,,,,,,,,,,,,,,,,,,,,,,,,,,,,,,,,,,,,,,,,,,,,,,,,,,,,,,,,,,,,,,,,,,,no_encoding,minority_coalescer,0.0003155746081471,median,robust_scaler,,,0.8240450177565517,0.1925544445943527,extra_trees_preproc_for_classification,True,entropy,None,0.4355959881374805,None,0.0,11.0,8.0,0.0,100.0,,,,,,,,,,,,,,,,,,,,,,,,,,,,,,,,,,,,,feature_type,100,bag_of_word_encoding,1,min_df_absolute,,,,,,,,
18,53,weighting,decision_tree,,,,,,,entropy,1.815282870873884,1.0,None,0.0,4.0,15.0,0.0,,,,,,,,,,,,,,,,,,,,,,,,,,,,,,,,,,,,,,,,,,,,,,,,,,,,,,,,,,,,,,,,,,,,,,,,,,,,,,,,,,,,,,,one_hot_encoding,minority_coalescer,0.2718314083985089,most_frequent,quantile_transformer,1169.0,uniform,,,no_preprocessing,,,,,,,,,,,,,,,,,,,,,,,,,,,,,,,,,,,,,,,,,,,,,,,feature_type,100,bag_of_word_encoding,1,min_df_absolute,,,,,,,,
19,59,weighting,random_forest,,,,,,,,,,,,,,,,,,,,,,,,,,,,,,,,,,,,,,,,,,,,,,,,,,,,,,,,,,,,,,,,,,,,,,,,,,,,,,,,,False,entropy,None,0.4705449636179841,None,0.0,10.0,7.0,0.0,,,,,,,,,,,,no_encoding,no_coalescense,,median,normalize,,,,,polynomial,,,,,,,,,,,,,,,,,,,,,,,,,,,,,,,2.0,False,False,,,,,,,,,,,,,,feature_type,100,bag_of_word_encoding,1,min_df_absolute,,,,,,,,
20,62,none,adaboost,SAMME.R,0.3655902144056098,6.0,52.0,,,,,,,,,,,,,,,,,,,,,,,,,,,,,,,,,,,,,,,,,,,,,,,,,,,,,,,,,,,,,,,,,,,,,,,,,,,,,,,,,,,,,,,,,,,,,,,,,one_hot_encoding,no_coalescense,,median,standardize,,,,,select_rates_classification,,,,,,,,,,,,,,,,,,,,,,,,,,,,,,,,,,,,,,,,,,,0.3482939865206283,,mutual_info_classif,,feature_type,100,bag_of_word_encoding,1,min_df_absolute,,,,,,,,
21,65,none,k_nearest_neighbors,,,,,,,,,,,,,,,,,,,,,,,,,,,,,,,,,,,,6.0,1.0,distance,,,,,,,,,,,,,,,,,,,,,,,,,,,,,,,,,,,,,,,,,,,,,,,,,,,,,,,,,,,,,,,no_encoding,minority_coalescer,0.133411196871668,most_frequent,standardize,,,,,extra_trees_preproc_for_classification,False,entropy,None,0.9918226012195012,None,0.0,1.0,3.0,0.0,100.0,,,,,,,,,,,,,,,,,,,,,,,,,,,,,,,,,,,,,feature_type,100,bag_of_word_encoding,1,min_df_absolute,,,,,,,,
22,67,none,mlp,,,,,,,,,,,,,,,,,,,,,,,,,,,,,,,,,,,,,,,,,,,,,,,,,,,,,,,,,,tanh,3.198483470889531e-06,auto,0.9,0.999,train,1e-08,2.0,0.0066048473571731,32.0,24.0,True,adam,0.0001,,,,,,,,,,,,,,,,,,,,,,,,,,,,,,no_encoding,no_coalescense,,median,standardize,,,,,liblinear_svc_preprocessor,,,,,,,,,,,,,,,,,,0.6755226057791226,False,True,1.0,squared_hinge,ovr,l1,0.000140910211901,,,,,,,,,,,,,,,,,,,,,,feature_type,100,bag_of_word_encoding,1,min_df_absolute,,,,,,,,
23,68,none,random_forest,,,,,,,,,,,,,,,,,,,,,,,,,,,,,,,,,,,,,,,,,,,,,,,,,,,,,,,,,,,,,,,,,,,,,,,,,,,,,,,,,False,entropy,None,0.4588809176844521,None,0.0,17.0,16.0,0.0,,,,,,,,,,,,no_encoding,no_coalescense,,median,standardize,,,,,no_preprocessing,,,,,,,,,,,,,,,,,,,,,,,,,,,,,,,,,,,,,,,,,,,,,,,feature_type,100,bag_of_word_encoding,1,min_df_absolute,,,,,,,,
24,70,weighting,extra_trees,,,,,,,,,,,,,,,True,entropy,None,0.0789476086183111,None,0.0,18.0,12.0,0.0,,,,,,,,,,,,,,,,,,,,,,,,,,,,,,,,,,,,,,,,,,,,,,,,,,,,,,,,,,,,,,,,,,,,,,,,,,,,,,no_encoding,no_coalescense,,mean,quantile_transformer,1148.0,uniform,,,no_preprocessing,,,,,,,,,,,,,,,,,,,,,,,,,,,,,,,,,,,,,,,,,,,,,,,feature_type,100,bag_of_word_encoding,1,min_df_absolute,,,,,,,,
25,71,none,random_forest,,,,,,,,,,,,,,,,,,,,,,,,,,,,,,,,,,,,,,,,,,,,,,,,,,,,,,,,,,,,,,,,,,,,,,,,,,,,,,,,,False,gini,None,0.6171704336426956,None,0.0,1.0,20.0,0.0,,,,,,,,,,,,no_encoding,minority_coalescer,0.0020902496894059,median,robust_scaler,,,0.7283312938920481,0.2317953994148193,polynomial,,,,,,,,,,,,,,,,,,,,,,,,,,,,,,,3.0,False,False,,,,,,,,,,,,,,feature_type,100,bag_of_word_encoding,1,min_df_absolute,,,,,,,,
26,73,weighting,random_forest,,,,,,,,,,,,,,,,,,,,,,,,,,,,,,,,,,,,,,,,,,,,,,,,,,,,,,,,,,,,,,,,,,,,,,,,,,,,,,,,,False,gini,None,0.5221205449782036,None,0.0,2.0,13.0,0.0,,,,,,,,,,,,no_encoding,minority_coalescer,0.2656150002518026,median,none,,,,,no_preprocessing,,,,,,,,,,,,,,,,,,,,,,,,,,,,,,,,,,,,,,,,,,,,,,,feature_type,100,bag_of_word_encoding,1,min_df_absolute,,,,,,,,
27,77,none,random_forest,,,,,,,,,,,,,,,,,,,,,,,,,,,,,,,,,,,,,,,,,,,,,,,,,,,,,,,,,,,,,,,,,,,,,,,,,,,,,,,,,False,gini,None,0.5150376551177311,None,0.0,2.0,3.0,0.0,,,,,,,,,,,,no_encoding,minority_coalescer,0.0001333626660994,mean,robust_scaler,,,0.7789358623251028,0.2726074612945577,no_preprocessing,,,,,,,,,,,,,,,,,,,,,,,,,,,,,,,,,,,,,,,,,,,,,,,feature_type,100,bag_of_word_encoding,1,min_df_absolute,,,,,,,,
28,78,weighting,random_forest,,,,,,,,,,,,,,,,,,,,,,,,,,,,,,,,,,,,,,,,,,,,,,,,,,,,,,,,,,,,,,,,,,,,,,,,,,,,,,,,,False,entropy,None,0.5198605286380312,None,0.0,5.0,4.0,0.0,,,,,,,,,,,,one_hot_encoding,no_coalescense,,mean,quantile_transformer,1432.0,uniform,,,select_rates_classification,,,,,,,,,,,,,,,,,,,,,,,,,,,,,,,,,,,,,,,,,,,0.3430990656720112,fpr,chi2,,feature_type,100,bag_of_word_encoding,1,min_df_absolute,,,,,,,,
29,81,none,random_forest,,,,,,,,,,,,,,,,,,,,,,,,,,,,,,,,,,,,,,,,,,,,,,,,,,,,,,,,,,,,,,,,,,,,,,,,,,,,,,,,,True,entropy,None,0.7250486391263982,None,0.0,2.0,8.0,0.0,,,,,,,,,,,,no_encoding,minority_coalescer,0.01,median,robust_scaler,,,0.7141418482180691,0.1231394521522306,no_preprocessing,,,,,,,,,,,,,,,,,,,,,,,,,,,,,,,,,,,,,,,,,,,,,,,feature_type,100,bag_of_word_encoding,1,min_df_absolute,,,,,,,,
30,86,weighting,passive_aggressive,,,,,,,,,,,,,,,,,,,,,,,,,,,,,,,,,,,,,,,,,,,,,,,,,,,,,,,,,,,,,,,,,,,,,,,,,,,0.8798092595200627,False,True,hinge,0.0002601487982141,,,,,,,,,,,,,,,,,,,,,,no_encoding,no_coalescense,,mean,none,,,,,kernel_pca,,,,,,,,,,,-0.0386305649772666,2.0,0.0070517012341768,poly,1519.0,,,,,,,,,,,,,,,,,,,,,,,,,,,,,,,,feature_type,100,bag_of_word_encoding,1,min_df_absolute,,,,,,,,
31,87,weighting,passive_aggressive,,,,,,,,,,,,,,,,,,,,,,,,,,,,,,,,,,,,,,,,,,,,,,,,,,,,,,,,,,,,,,,,,,,,,,,,,,,0.4115032148320096,True,True,squared_hinge,0.004851668540077,,,,,,,,,,,,,,,,,,,,,,no_encoding,no_coalescense,,most_frequent,standardize,,,,,polynomial,,,,,,,,,,,,,,,,,,,,,,,,,,,,,,,2.0,True,True,,,,,,,,,,,,,,feature_type,100,bag_of_word_encoding,1,min_df_absolute,,,,,,,,
32,89,none,mlp,,,,,,,,,,,,,,,,,,,,,,,,,,,,,,,,,,,,,,,,,,,,,,,,,,,,,,,,,,tanh,0.0441866535556806,auto,0.9,0.999,train,1e-08,3.0,0.0003564266819075,32.0,218.0,True,adam,0.0001,,,,,,,,,,,,,,,,,,,,,,,,,,,,,,one_hot_encoding,no_coalescense,,most_frequent,standardize,,,,,no_preprocessing,,,,,,,,,,,,,,,,,,,,,,,,,,,,,,,,,,,,,,,,,,,,,,,feature_type,100,bag_of_word_encoding,1,min_df_absolute,,,,,,,,
33,90,weighting,libsvm_svc,,,,,,,,,,,,,,,,,,,,,,,,,,,,,,,,,,,,,,,,,,,,,,,,,,9267.888846004707,0.0319322767663095,4.0,0.2213901652191866,poly,-1.0,True,4.882072393715862e-05,,,,,,,,,,,,,,,,,,,,,,,,,,,,,,,,,,,,,,,,,,,,no_encoding,minority_coalescer,0.0073614763708374,most_frequent,normalize,,,,,no_preprocessing,,,,,,,,,,,,,,,,,,,,,,,,,,,,,,,,,,,,,,,,,,,,,,,feature_type,100,bag_of_word_encoding,1,min_df_absolute,,,,,,,,
34,93,none,mlp,,,,,,,,,,,,,,,,,,,,,,,,,,,,,,,,,,,,,,,,,,,,,,,,,,,,,,,,,,tanh,0.0001332498365813,auto,0.9,0.999,train,1e-08,1.0,0.0001316940569037,32.0,53.0,True,adam,0.0001,,,,,,,,,,,,,,,,,,,,,,,,,,,,,,one_hot_encoding,no_coalescense,,mean,robust_scaler,,,0.96697623200312,0.0779135708484264,liblinear_svc_preprocessor,,,,,,,,,,,,,,,,,,2.222384348516417,False,True,1.0,squared_hinge,ovr,l1,0.0003903470448151,,,,,,,,,,,,,,,,,,,,,,feature_type,100,bag_of_word_encoding,1,min_df_absolute,,,,,,,,
35,97,none,random_forest,,,,,,,,,,,,,,,,,,,,,,,,,,,,,,,,,,,,,,,,,,,,,,,,,,,,,,,,,,,,,,,,,,,,,,,,,,,,,,,,,False,gini,None,0.4856982448755246,None,0.0,1.0,2.0,0.0,,,,,,,,,,,,one_hot_encoding,minority_coalescer,0.0047612914485248,mean,quantile_transformer,1027.0,normal,,,no_preprocessing,,,,,,,,,,,,,,,,,,,,,,,,,,,,,,,,,,,,,,,,,,,,,,,feature_type,100,bag_of_word_encoding,1,min_df_absolute,,,,,,,,
36,98,weighting,adaboost,SAMME,0.5740127605066573,10.0,476.0,,,,,,,,,,,,,,,,,,,,,,,,,,,,,,,,,,,,,,,,,,,,,,,,,,,,,,,,,,,,,,,,,,,,,,,,,,,,,,,,,,,,,,,,,,,,,,,,,one_hot_encoding,no_coalescense,,mean,none,,,,,extra_trees_preproc_for_classification,False,entropy,None,0.9416461716215032,None,0.0,13.0,6.0,0.0,100.0,,,,,,,,,,,,,,,,,,,,,,,,,,,,,,,,,,,,,feature_type,100,bag_of_word_encoding,1,min_df_absolute,,,,,,,,
37,102,weighting,sgd,,,,,,,,,,,,,,,,,,,,,,,,,,,,,,,,,,,,,,,,,,,,,,,,,,,,,,,,,,,,,,,,,,,,,,,,,,,,,,,,,,,,,,,,,,9.410144741041168e-05,True,,0.0018055343233337,True,,constant,log,l1,,0.050829042568387,one_hot_encoding,no_coalescense,,mean,normalize,,,,,no_preprocessing,,,,,,,,,,,,,,,,,,,,,,,,,,,,,,,,,,,,,,,,,,,,,,,feature_type,100,bag_of_word_encoding,1,min_df_absolute,,,,,,,,
38,105,weighting,passive_aggressive,,,,,,,,,,,,,,,,,,,,,,,,,,,,,,,,,,,,,,,,,,,,,,,,,,,,,,,,,,,,,,,,,,,,,,,,,,,4.244071774750696,True,True,hinge,0.0003503651335683,,,,,,,,,,,,,,,,,,,,,,no_encoding,no_coalescense,,mean,robust_scaler,,,0.7621435754046103,0.2252059412482798,kernel_pca,,,,,,,,,,,,,0.0012006057267598,rbf,624.0,,,,,,,,,,,,,,,,,,,,,,,,,,,,,,,,feature_type,100,bag_of_word_encoding,1,min_df_absolute,,,,,,,,
39,109,weighting,extra_trees,,,,,,,,,,,,,,,True,gini,None,0.5904249515895119,None,0.0,18.0,2.0,0.0,,,,,,,,,,,,,,,,,,,,,,,,,,,,,,,,,,,,,,,,,,,,,,,,,,,,,,,,,,,,,,,,,,,,,,,,,,,,,,no_encoding,minority_coalescer,0.0203183362616621,median,none,,,,,polynomial,,,,,,,,,,,,,,,,,,,,,,,,,,,,,,,2.0,False,True,,,,,,,,,,,,,,feature_type,100,bag_of_word_encoding,1,min_df_absolute,,,,,,,,
40,111,weighting,random_forest,,,,,,,,,,,,,,,,,,,,,,,,,,,,,,,,,,,,,,,,,,,,,,,,,,,,,,,,,,,,,,,,,,,,,,,,,,,,,,,,,False,entropy,None,0.7073993103058536,None,0.0,1.0,2.0,0.0,,,,,,,,,,,,no_encoding,minority_coalescer,0.0091913542233728,median,robust_scaler,,,0.7994739639717848,0.0256401151542639,extra_trees_preproc_for_classification,False,gini,None,0.9894287030139614,None,0.0,20.0,19.0,0.0,100.0,,,,,,,,,,,,,,,,,,,,,,,,,,,,,,,,,,,,,feature_type,100,bag_of_word_encoding,1,min_df_absolute,,,,,,,,
41,113,none,adaboost,SAMME.R,0.089463031610344,10.0,327.0,,,,,,,,,,,,,,,,,,,,,,,,,,,,,,,,,,,,,,,,,,,,,,,,,,,,,,,,,,,,,,,,,,,,,,,,,,,,,,,,,,,,,,,,,,,,,,,,,no_encoding,minority_coalescer,0.0003155746081471,median,robust_scaler,,,0.8240450177565517,0.1925544445943527,extra_trees_preproc_for_classification,True,entropy,None,0.4355959881374805,None,0.0,11.0,8.0,0.0,100.0,,,,,,,,,,,,,,,,,,,,,,,,,,,,,,,,,,,,,feature_type,100,bag_of_word_encoding,1,min_df_absolute,,,,,,,,
42,115,weighting,mlp,,,,,,,,,,,,,,,,,,,,,,,,,,,,,,,,,,,,,,,,,,,,,,,,,,,,,,,,,,relu,0.0001217040803168,auto,0.9,0.999,train,1e-08,3.0,0.0006298481802992,32.0,110.0,True,adam,0.0001,,,,,,,,,,,,,,,,,,,,,,,,,,,,,,one_hot_encoding,minority_coalescer,0.01,median,robust_scaler,,,0.7353475348585126,0.2256562559618402,no_preprocessing,,,,,,,,,,,,,,,,,,,,,,,,,,,,,,,,,,,,,,,,,,,,,,,feature_type,100,bag_of_word_encoding,1,min_df_absolute,,,,,,,,
43,116,weighting,liblinear_svc,,,,,,,,,,,,,,,,,,,,,,,,,,,,,,,,,,,,,,,,,,60.33166915528199,False,True,1.0,squared_hinge,ovr,l2,1.7167323147750332e-05,,,,,,,,,,,,,,,,,,,,,,,,,,,,,,,,,,,,,,,,,,,,,,,,,,,,one_hot_encoding,minority_coalescer,0.0195454155299463,median,quantile_transformer,1993.0,normal,,,nystroem_sampler,,,,,,,,,,,,,,,,,,,,,,,,,,-0.0459229431365273,,0.0050098742737352,sigmoid,286.0,,,,,,,,,,,,,,,,,feature_type,100,bag_of_word_encoding,1,min_df_absolute,,,,,,,,
44,122,none,adaboost,SAMME,0.0359563591574711,7.0,224.0,,,,,,,,,,,,,,,,,,,,,,,,,,,,,,,,,,,,,,,,,,,,,,,,,,,,,,,,,,,,,,,,,,,,,,,,,,,,,,,,,,,,,,,,,,,,,,,,,no_encoding,minority_coalescer,0.4662020962763587,median,normalize,,,,,no_preprocessing,,,,,,,,,,,,,,,,,,,,,,,,,,,,,,,,,,,,,,,,,,,,,,,feature_type,100,bag_of_word_encoding,1,min_df_absolute,,,,,,,,
45,125,weighting,random_forest,,,,,,,,,,,,,,,,,,,,,,,,,,,,,,,,,,,,,,,,,,,,,,,,,,,,,,,,,,,,,,,,,,,,,,,,,,,,,,,,,False,entropy,None,0.6001214477507307,None,0.0,12.0,8.0,0.0,,,,,,,,,,,,one_hot_encoding,minority_coalescer,0.0023870121210928,mean,quantile_transformer,1695.0,normal,,,polynomial,,,,,,,,,,,,,,,,,,,,,,,,,,,,,,,2.0,True,False,,,,,,,,,,,,,,feature_type,100,bag_of_word_encoding,1,min_df_absolute,,,,,,,,
46,127,none,adaboost,SAMME,0.1566258814795881,9.0,237.0,,,,,,,,,,,,,,,,,,,,,,,,,,,,,,,,,,,,,,,,,,,,,,,,,,,,,,,,,,,,,,,,,,,,,,,,,,,,,,,,,,,,,,,,,,,,,,,,,one_hot_encoding,minority_coalescer,0.0008853201805449,mean,robust_scaler,,,0.9409309470223024,0.066713687126852,select_rates_classification,,,,,,,,,,,,,,,,,,,,,,,,,,,,,,,,,,,,,,,,,,,0.2298386812528834,fwe,chi2,,feature_type,100,bag_of_word_encoding,1,min_df_absolute,,,,,,,,
47,133,weighting,extra_trees,,,,,,,,,,,,,,,False,gini,None,0.6960674689537957,None,0.0,19.0,14.0,0.0,,,,,,,,,,,,,,,,,,,,,,,,,,,,,,,,,,,,,,,,,,,,,,,,,,,,,,,,,,,,,,,,,,,,,,,,,,,,,,no_encoding,no_coalescense,,median,quantile_transformer,1966.0,normal,,,liblinear_svc_preprocessor,,,,,,,,,,,,,,,,,,2.2210902210233727,False,True,1.0,squared_hinge,ovr,l1,0.0016483546895483,,,,,,,,,,,,,,,,,,,,,,feature_type,100,bag_of_word_encoding,1,min_df_absolute,,,,,,,,
48,135,weighting,k_nearest_neighbors,,,,,,,,,,,,,,,,,,,,,,,,,,,,,,,,,,,,1.0,2.0,distance,,,,,,,,,,,,,,,,,,,,,,,,,,,,,,,,,,,,,,,,,,,,,,,,,,,,,,,,,,,,,,,one_hot_encoding,minority_coalescer,0.0082437857076992,mean,quantile_transformer,1087.0,uniform,,,select_rates_classification,,,,,,,,,,,,,,,,,,,,,,,,,,,,,,,,,,,,,,,,,,,0.0526495498782837,fpr,chi2,,feature_type,100,bag_of_word_encoding,1,min_df_absolute,,,,,,,,
49,138,weighting,random_forest,,,,,,,,,,,,,,,,,,,,,,,,,,,,,,,,,,,,,,,,,,,,,,,,,,,,,,,,,,,,,,,,,,,,,,,,,,,,,,,,,False,entropy,None,0.506236673887667,None,0.0,16.0,7.0,0.0,,,,,,,,,,,,no_encoding,minority_coalescer,0.0083649085750473,most_frequent,robust_scaler,,,0.7429147041957139,0.2624469190011884,polynomial,,,,,,,,,,,,,,,,,,,,,,,,,,,,,,,2.0,False,False,,,,,,,,,,,,,,feature_type,100,bag_of_word_encoding,1,min_df_absolute,,,,,,,,
50,141,weighting,passive_aggressive,,,,,,,,,,,,,,,,,,,,,,,,,,,,,,,,,,,,,,,,,,,,,,,,,,,,,,,,,,,,,,,,,,,,,,,,,,,0.0171879078369904,True,True,squared_hinge,0.085400310046256,,,,,,,,,,,,,,,,,,,,,,one_hot_encoding,minority_coalescer,0.0114670167204645,mean,standardize,,,,,nystroem_sampler,,,,,,,,,,,,,,,,,,,,,,,,,,,,,cosine,1358.0,,,,,,,,,,,,,,,,,feature_type,100,bag_of_word_encoding,1,min_df_absolute,,,,,,,,
51,143,weighting,adaboost,SAMME,0.5379978679655969,1.0,187.0,,,,,,,,,,,,,,,,,,,,,,,,,,,,,,,,,,,,,,,,,,,,,,,,,,,,,,,,,,,,,,,,,,,,,,,,,,,,,,,,,,,,,,,,,,,,,,,,,no_encoding,no_coalescense,,most_frequent,none,,,,,select_percentile_classification,,,,,,,,,,,,,,,,,,,,,,,,,,,,,,,,,,,,,,,,,44.812452510025366,chi2,,,,,feature_type,100,bag_of_word_encoding,1,min_df_absolute,,,,,,,,
52,147,weighting,passive_aggressive,,,,,,,,,,,,,,,,,,,,,,,,,,,,,,,,,,,,,,,,,,,,,,,,,,,,,,,,,,,,,,,,,,,,,,,,,,,0.0315913803674455,True,True,squared_hinge,7.87551445487994e-05,,,,,,,,,,,,,,,,,,,,,,one_hot_encoding,minority_coalescer,0.3381300993420547,median,quantile_transformer,508.0,uniform,,,polynomial,,,,,,,,,,,,,,,,,,,,,,,,,,,,,,,3.0,False,True,,,,,,,,,,,,,,feature_type,100,bag_of_word_encoding,1,min_df_absolute,,,,,,,,
53,148,weighting,libsvm_svc,,,,,,,,,,,,,,,,,,,,,,,,,,,,,,,,,,,,,,,,,,,,,,,,,,3593.811258138785,,,0.1166431442238703,rbf,-1.0,True,2.895651706890745e-05,,,,,,,,,,,,,,,,,,,,,,,,,,,,,,,,,,,,,,,,,,,,no_encoding,no_coalescense,,median,standardize,,,,,random_trees_embedding,,,,,,,,,,,,,,,,,,,,,,,,,,,,,,,,,,True,8.0,None,11.0,20.0,1.0,49.0,,,,,,,feature_type,100,bag_of_word_encoding,1,min_df_absolute,,,,,,,,
54,149,none,random_forest,,,,,,,,,,,,,,,,,,,,,,,,,,,,,,,,,,,,,,,,,,,,,,,,,,,,,,,,,,,,,,,,,,,,,,,,,,,,,,,,,False,gini,None,0.7641523704567803,None,0.0,4.0,14.0,0.0,,,,,,,,,,,,one_hot_encoding,minority_coalescer,0.0224879246303299,most_frequent,quantile_transformer,113.0,normal,,,no_preprocessing,,,,,,,,,,,,,,,,,,,,,,,,,,,,,,,,,,,,,,,,,,,,,,,feature_type,100,bag_of_word_encoding,1,min_df_absolute,,,,,,,,
55,151,none,random_forest,,,,,,,,,,,,,,,,,,,,,,,,,,,,,,,,,,,,,,,,,,,,,,,,,,,,,,,,,,,,,,,,,,,,,,,,,,,,,,,,,False,entropy,None,0.0119581648179435,None,0.0,1.0,2.0,0.0,,,,,,,,,,,,one_hot_encoding,no_coalescense,,mean,robust_scaler,,,0.7998927130144702,0.2511568407962056,no_preprocessing,,,,,,,,,,,,,,,,,,,,,,,,,,,,,,,,,,,,,,,,,,,,,,,feature_type,100,bag_of_word_encoding,1,min_df_absolute,,,,,,,,
56,152,weighting,random_forest,,,,,,,,,,,,,,,,,,,,,,,,,,,,,,,,,,,,,,,,,,,,,,,,,,,,,,,,,,,,,,,,,,,,,,,,,,,,,,,,,True,entropy,None,0.7443824813719745,None,0.0,13.0,13.0,0.0,,,,,,,,,,,,no_encoding,minority_coalescer,0.0001185352080207,mean,quantile_transformer,1218.0,normal,,,random_trees_embedding,,,,,,,,,,,,,,,,,,,,,,,,,,,,,,,,,,False,10.0,None,15.0,20.0,1.0,16.0,,,,,,,feature_type,100,bag_of_word_encoding,1,min_df_absolute,,,,,,,,
57,154,weighting,random_forest,,,,,,,,,,,,,,,,,,,,,,,,,,,,,,,,,,,,,,,,,,,,,,,,,,,,,,,,,,,,,,,,,,,,,,,,,,,,,,,,,False,entropy,None,0.7323115919225983,None,0.0,15.0,6.0,0.0,,,,,,,,,,,,one_hot_encoding,minority_coalescer,0.0119010348434175,mean,robust_scaler,,,0.7818500358383581,0.2006874613972311,no_preprocessing,,,,,,,,,,,,,,,,,,,,,,,,,,,,,,,,,,,,,,,,,,,,,,,feature_type,100,bag_of_word_encoding,1,min_df_absolute,,,,,,,,
58,157,weighting,random_forest,,,,,,,,,,,,,,,,,,,,,,,,,,,,,,,,,,,,,,,,,,,,,,,,,,,,,,,,,,,,,,,,,,,,,,,,,,,,,,,,,True,gini,None,0.0124112745781472,None,0.0,9.0,17.0,0.0,,,,,,,,,,,,one_hot_encoding,minority_coalescer,0.3991058038642099,most_frequent,quantile_transformer,1132.0,normal,,,select_rates_classification,,,,,,,,,,,,,,,,,,,,,,,,,,,,,,,,,,,,,,,,,,,0.1993964780773343,fpr,chi2,,feature_type,100,bag_of_word_encoding,1,min_df_absolute,,,,,,,,
59,160,none,adaboost,SAMME,0.4260665353918889,6.0,305.0,,,,,,,,,,,,,,,,,,,,,,,,,,,,,,,,,,,,,,,,,,,,,,,,,,,,,,,,,,,,,,,,,,,,,,,,,,,,,,,,,,,,,,,,,,,,,,,,,no_encoding,no_coalescense,,mean,quantile_transformer,1024.0,uniform,,,no_preprocessing,,,,,,,,,,,,,,,,,,,,,,,,,,,,,,,,,,,,,,,,,,,,,,,feature_type,100,bag_of_word_encoding,1,min_df_absolute,,,,,,,,
60,167,none,random_forest,,,,,,,,,,,,,,,,,,,,,,,,,,,,,,,,,,,,,,,,,,,,,,,,,,,,,,,,,,,,,,,,,,,,,,,,,,,,,,,,,True,gini,None,0.6703675883366872,None,0.0,11.0,5.0,0.0,,,,,,,,,,,,one_hot_encoding,minority_coalescer,0.0020751609914658,most_frequent,normalize,,,,,polynomial,,,,,,,,,,,,,,,,,,,,,,,,,,,,,,,2.0,False,True,,,,,,,,,,,,,,feature_type,100,bag_of_word_encoding,1,min_df_absolute,,,,,,,,
61,168,none,decision_tree,,,,,,,entropy,1.8365096459339665,1.0,None,0.0,13.0,19.0,0.0,,,,,,,,,,,,,,,,,,,,,,,,,,,,,,,,,,,,,,,,,,,,,,,,,,,,,,,,,,,,,,,,,,,,,,,,,,,,,,,,,,,,,,,one_hot_encoding,minority_coalescer,0.1954606959299558,median,standardize,,,,,select_rates_classification,,,,,,,,,,,,,,,,,,,,,,,,,,,,,,,,,,,,,,,,,,,0.4389096215130884,fwe,chi2,,feature_type,100,bag_of_word_encoding,1,min_df_absolute,,,,,,,,
62,174,weighting,random_forest,,,,,,,,,,,,,,,,,,,,,,,,,,,,,,,,,,,,,,,,,,,,,,,,,,,,,,,,,,,,,,,,,,,,,,,,,,,,,,,,,False,entropy,None,0.8390317715938469,None,0.0,14.0,6.0,0.0,,,,,,,,,,,,one_hot_encoding,minority_coalescer,0.1546588617109713,mean,robust_scaler,,,0.7083522758919695,0.2601757574172723,select_percentile_classification,,,,,,,,,,,,,,,,,,,,,,,,,,,,,,,,,,,,,,,,,56.29604107917355,chi2,,,,,feature_type,100,bag_of_word_encoding,1,min_df_absolute,,,,,,,,
63,176,weighting,decision_tree,,,,,,,entropy,1.998266389851792,1.0,None,0.0,13.0,20.0,0.0,,,,,,,,,,,,,,,,,,,,,,,,,,,,,,,,,,,,,,,,,,,,,,,,,,,,,,,,,,,,,,,,,,,,,,,,,,,,,,,,,,,,,,,no_encoding,no_coalescense,,median,robust_scaler,,,0.745955823875325,0.0188054521513764,extra_trees_preproc_for_classification,True,entropy,None,0.5947228812968997,None,0.0,2.0,3.0,0.0,100.0,,,,,,,,,,,,,,,,,,,,,,,,,,,,,,,,,,,,,feature_type,100,bag_of_word_encoding,1,min_df_absolute,,,,,,,,
64,178,weighting,random_forest,,,,,,,,,,,,,,,,,,,,,,,,,,,,,,,,,,,,,,,,,,,,,,,,,,,,,,,,,,,,,,,,,,,,,,,,,,,,,,,,,True,gini,None,0.7872409347469448,None,0.0,12.0,12.0,0.0,,,,,,,,,,,,no_encoding,no_coalescense,,median,none,,,,,polynomial,,,,,,,,,,,,,,,,,,,,,,,,,,,,,,,2.0,False,True,,,,,,,,,,,,,,feature_type,100,bag_of_word_encoding,1,min_df_absolute,,,,,,,,
65,180,weighting,random_forest,,,,,,,,,,,,,,,,,,,,,,,,,,,,,,,,,,,,,,,,,,,,,,,,,,,,,,,,,,,,,,,,,,,,,,,,,,,,,,,,,True,entropy,None,0.7219504454820612,None,0.0,20.0,19.0,0.0,,,,,,,,,,,,one_hot_encoding,minority_coalescer,0.4992391940536497,most_frequent,standardize,,,,,extra_trees_preproc_for_classification,True,gini,None,0.4673351344558881,None,0.0,11.0,3.0,0.0,100.0,,,,,,,,,,,,,,,,,,,,,,,,,,,,,,,,,,,,,feature_type,100,bag_of_word_encoding,1,min_df_absolute,,,,,,,,
66,182,weighting,extra_trees,,,,,,,,,,,,,,,False,entropy,None,0.5695655995825757,None,0.0,20.0,14.0,0.0,,,,,,,,,,,,,,,,,,,,,,,,,,,,,,,,,,,,,,,,,,,,,,,,,,,,,,,,,,,,,,,,,,,,,,,,,,,,,,no_encoding,minority_coalescer,0.0131608721056873,median,none,,,,,random_trees_embedding,,,,,,,,,,,,,,,,,,,,,,,,,,,,,,,,,,False,10.0,None,14.0,4.0,1.0,81.0,,,,,,,feature_type,100,bag_of_word_encoding,1,min_df_absolute,,,,,,,,
67,185,weighting,random_forest,,,,,,,,,,,,,,,,,,,,,,,,,,,,,,,,,,,,,,,,,,,,,,,,,,,,,,,,,,,,,,,,,,,,,,,,,,,,,,,,,False,gini,None,0.2141455885235982,None,0.0,1.0,13.0,0.0,,,,,,,,,,,,no_encoding,minority_coalescer,0.2409149336890486,most_frequent,quantile_transformer,896.0,uniform,,,extra_trees_preproc_for_classification,False,gini,None,0.4832341431594185,None,0.0,1.0,11.0,0.0,100.0,,,,,,,,,,,,,,,,,,,,,,,,,,,,,,,,,,,,,feature_type,100,bag_of_word_encoding,1,min_df_absolute,,,,,,,,
68,187,weighting,extra_trees,,,,,,,,,,,,,,,True,gini,None,0.9605282725670466,None,0.0,5.0,10.0,0.0,,,,,,,,,,,,,,,,,,,,,,,,,,,,,,,,,,,,,,,,,,,,,,,,,,,,,,,,,,,,,,,,,,,,,,,,,,,,,,one_hot_encoding,no_coalescense,,median,standardize,,,,,polynomial,,,,,,,,,,,,,,,,,,,,,,,,,,,,,,,2.0,True,True,,,,,,,,,,,,,,feature_type,100,bag_of_word_encoding,1,min_df_absolute,,,,,,,,
69,192,weighting,extra_trees,,,,,,,,,,,,,,,False,gini,None,0.4741157474209659,None,0.0,2.0,5.0,0.0,,,,,,,,,,,,,,,,,,,,,,,,,,,,,,,,,,,,,,,,,,,,,,,,,,,,,,,,,,,,,,,,,,,,,,,,,,,,,,no_encoding,no_coalescense,,mean,standardize,,,,,no_preprocessing,,,,,,,,,,,,,,,,,,,,,,,,,,,,,,,,,,,,,,,,,,,,,,,feature_type,100,bag_of_word_encoding,1,min_df_absolute,,,,,,,,
70,195,weighting,bernoulli_nb,,,,,3.022322540282093,True,,,,,,,,,,,,,,,,,,,,,,,,,,,,,,,,,,,,,,,,,,,,,,,,,,,,,,,,,,,,,,,,,,,,,,,,,,,,,,,,,,,,,,,,,,,,,,,one_hot_encoding,no_coalescense,,mean,quantile_transformer,554.0,uniform,,,random_trees_embedding,,,,,,,,,,,,,,,,,,,,,,,,,,,,,,,,,,True,2.0,None,9.0,14.0,1.0,53.0,,,,,,,feature_type,100,bag_of_word_encoding,1,min_df_absolute,,,,,,,,
71,199,weighting,random_forest,,,,,,,,,,,,,,,,,,,,,,,,,,,,,,,,,,,,,,,,,,,,,,,,,,,,,,,,,,,,,,,,,,,,,,,,,,,,,,,,,False,entropy,None,0.4180832165816069,None,0.0,1.0,4.0,0.0,,,,,,,,,,,,no_encoding,minority_coalescer,0.0112836886513845,median,standardize,,,,,no_preprocessing,,,,,,,,,,,,,,,,,,,,,,,,,,,,,,,,,,,,,,,,,,,,,,,feature_type,100,bag_of_word_encoding,1,min_df_absolute,,,,,,,,
72,201,weighting,extra_trees,,,,,,,,,,,,,,,False,gini,None,0.4920400265992651,None,0.0,13.0,3.0,0.0,,,,,,,,,,,,,,,,,,,,,,,,,,,,,,,,,,,,,,,,,,,,,,,,,,,,,,,,,,,,,,,,,,,,,,,,,,,,,,one_hot_encoding,no_coalescense,,median,robust_scaler,,,0.7868982202120821,0.25,select_rates_classification,,,,,,,,,,,,,,,,,,,,,,,,,,,,,,,,,,,,,,,,,,,0.1404882912336442,fpr,chi2,,feature_type,100,bag_of_word_encoding,1,min_df_absolute,,,,,,,,
73,204,weighting,extra_trees,,,,,,,,,,,,,,,False,entropy,None,0.993803313878608,None,0.0,2.0,20.0,0.0,,,,,,,,,,,,,,,,,,,,,,,,,,,,,,,,,,,,,,,,,,,,,,,,,,,,,,,,,,,,,,,,,,,,,,,,,,,,,,no_encoding,minority_coalescer,0.418262158589147,median,robust_scaler,,,0.7305615609807856,0.2559597076812356,polynomial,,,,,,,,,,,,,,,,,,,,,,,,,,,,,,,2.0,True,True,,,,,,,,,,,,,,feature_type,100,bag_of_word_encoding,1,min_df_absolute,,,,,,,,
74,207,weighting,random_forest,,,,,,,,,,,,,,,,,,,,,,,,,,,,,,,,,,,,,,,,,,,,,,,,,,,,,,,,,,,,,,,,,,,,,,,,,,,,,,,,,False,gini,None,0.5875014225319198,None,0.0,13.0,4.0,0.0,,,,,,,,,,,,one_hot_encoding,minority_coalescer,0.1194656403711521,most_frequent,standardize,,,,,no_preprocessing,,,,,,,,,,,,,,,,,,,,,,,,,,,,,,,,,,,,,,,,,,,,,,,feature_type,100,bag_of_word_encoding,1,min_df_absolute,,,,,,,,
75,209,weighting,sgd,,,,,,,,,,,,,,,,,,,,,,,,,,,,,,,,,,,,,,,,,,,,,,,,,,,,,,,,,,,,,,,,,,,,,,,,,,,,,,,,,,,,,,,,,,2.257920928631191e-05,True,,,True,0.0008807241624387,optimal,log,elasticnet,,0.0228203924653472,no_encoding,no_coalescense,,most_frequent,quantile_transformer,818.0,uniform,,,kernel_pca,,,,,,,,,,,0.4044610579179799,3.0,0.0516446849541044,poly,941.0,,,,,,,,,,,,,,,,,,,,,,,,,,,,,,,,feature_type,100,bag_of_word_encoding,1,min_df_absolute,,,,,,,,
76,212,weighting,adaboost,SAMME,0.2844845910527844,2.0,370.0,,,,,,,,,,,,,,,,,,,,,,,,,,,,,,,,,,,,,,,,,,,,,,,,,,,,,,,,,,,,,,,,,,,,,,,,,,,,,,,,,,,,,,,,,,,,,,,,,no_encoding,minority_coalescer,0.3519795567275179,median,standardize,,,,,no_preprocessing,,,,,,,,,,,,,,,,,,,,,,,,,,,,,,,,,,,,,,,,,,,,,,,feature_type,100,bag_of_word_encoding,1,min_df_absolute,,,,,,,,
77,215,weighting,libsvm_svc,,,,,,,,,,,,,,,,,,,,,,,,,,,,,,,,,,,,,,,,,,,,,,,,,,107.81799383768448,-0.527203963069504,5.0,0.0088409220887274,poly,-1.0,False,0.0995762116676581,,,,,,,,,,,,,,,,,,,,,,,,,,,,,,,,,,,,,,,,,,,,one_hot_encoding,minority_coalescer,0.0084523088578601,mean,normalize,,,,,liblinear_svc_preprocessor,,,,,,,,,,,,,,,,,,0.1855141038805673,False,True,1.0,squared_hinge,ovr,l1,0.0003826008745945,,,,,,,,,,,,,,,,,,,,,,feature_type,100,bag_of_word_encoding,1,min_df_absolute,,,,,,,,
78,218,weighting,adaboost,SAMME.R,0.0571309169197537,1.0,453.0,,,,,,,,,,,,,,,,,,,,,,,,,,,,,,,,,,,,,,,,,,,,,,,,,,,,,,,,,,,,,,,,,,,,,,,,,,,,,,,,,,,,,,,,,,,,,,,,,no_encoding,minority_coalescer,0.0002526631307614,most_frequent,quantile_transformer,202.0,normal,,,extra_trees_preproc_for_classification,False,entropy,None,0.8662844985170692,None,0.0,20.0,10.0,0.0,100.0,,,,,,,,,,,,,,,,,,,,,,,,,,,,,,,,,,,,,feature_type,100,bag_of_word_encoding,1,min_df_absolute,,,,,,,,
79,224,weighting,random_forest,,,,,,,,,,,,,,,,,,,,,,,,,,,,,,,,,,,,,,,,,,,,,,,,,,,,,,,,,,,,,,,,,,,,,,,,,,,,,,,,,True,entropy,None,0.5752197421546399,None,0.0,19.0,6.0,0.0,,,,,,,,,,,,no_encoding,no_coalescense,,median,robust_scaler,,,0.7265081535289926,0.2684751436371956,polynomial,,,,,,,,,,,,,,,,,,,,,,,,,,,,,,,3.0,True,False,,,,,,,,,,,,,,feature_type,100,bag_of_word_encoding,1,min_df_absolute,,,,,,,,
80,225,none,passive_aggressive,,,,,,,,,,,,,,,,,,,,,,,,,,,,,,,,,,,,,,,,,,,,,,,,,,,,,,,,,,,,,,,,,,,,,,,,,,,1.4863887130111564,True,True,hinge,1.018365934496501e-05,,,,,,,,,,,,,,,,,,,,,,no_encoding,minority_coalescer,0.01,mean,standardize,,,,,kernel_pca,,,,,,,,,,,,,,cosine,193.0,,,,,,,,,,,,,,,,,,,,,,,,,,,,,,,,feature_type,100,bag_of_word_encoding,1,min_df_absolute,,,,,,,,
81,226,weighting,libsvm_svc,,,,,,,,,,,,,,,,,,,,,,,,,,,,,,,,,,,,,,,,,,,,,,,,,,12658.141397913074,-0.9363219780388214,,0.0153769920445511,sigmoid,-1.0,True,0.0029450328242493,,,,,,,,,,,,,,,,,,,,,,,,,,,,,,,,,,,,,,,,,,,,one_hot_encoding,minority_coalescer,0.01,median,robust_scaler,,,0.751759920058951,0.2419866676528818,polynomial,,,,,,,,,,,,,,,,,,,,,,,,,,,,,,,2.0,True,False,,,,,,,,,,,,,,feature_type,100,bag_of_word_encoding,1,min_df_absolute,,,,,,,,
82,229,none,libsvm_svc,,,,,,,,,,,,,,,,,,,,,,,,,,,,,,,,,,,,,,,,,,,,,,,,,,16116.771742323255,0.6757594633052517,5.0,0.0129058596653158,poly,-1.0,True,0.0940705722403187,,,,,,,,,,,,,,,,,,,,,,,,,,,,,,,,,,,,,,,,,,,,one_hot_encoding,no_coalescense,,median,standardize,,,,,extra_trees_preproc_for_classification,False,gini,None,0.4560777195959739,None,0.0,2.0,6.0,0.0,100.0,,,,,,,,,,,,,,,,,,,,,,,,,,,,,,,,,,,,,feature_type,100,bag_of_word_encoding,1,min_df_absolute,,,,,,,,
83,231,weighting,bernoulli_nb,,,,,0.8716056914531038,True,,,,,,,,,,,,,,,,,,,,,,,,,,,,,,,,,,,,,,,,,,,,,,,,,,,,,,,,,,,,,,,,,,,,,,,,,,,,,,,,,,,,,,,,,,,,,,,one_hot_encoding,minority_coalescer,0.0001372613444264,median,robust_scaler,,,0.856264088010484,0.1794906148830047,kernel_pca,,,,,,,,,,,-0.6502388150485785,3.0,3.187740005683576,poly,16.0,,,,,,,,,,,,,,,,,,,,,,,,,,,,,,,,feature_type,100,bag_of_word_encoding,1,min_df_absolute,,,,,,,,
84,234,weighting,libsvm_svc,,,,,,,,,,,,,,,,,,,,,,,,,,,,,,,,,,,,,,,,,,,,,,,,,,14547.641687966585,,,0.0277603421732827,rbf,-1.0,False,2.6344220036014925e-05,,,,,,,,,,,,,,,,,,,,,,,,,,,,,,,,,,,,,,,,,,,,one_hot_encoding,minority_coalescer,0.0646256033212095,median,none,,,,,no_preprocessing,,,,,,,,,,,,,,,,,,,,,,,,,,,,,,,,,,,,,,,,,,,,,,,feature_type,100,bag_of_word_encoding,1,min_df_absolute,,,,,,,,
85,236,weighting,passive_aggressive,,,,,,,,,,,,,,,,,,,,,,,,,,,,,,,,,,,,,,,,,,,,,,,,,,,,,,,,,,,,,,,,,,,,,,,,,,,1.0,True,True,hinge,7.371074301034559e-05,,,,,,,,,,,,,,,,,,,,,,one_hot_encoding,no_coalescense,,mean,standardize,,,,,no_preprocessing,,,,,,,,,,,,,,,,,,,,,,,,,,,,,,,,,,,,,,,,,,,,,,,feature_type,100,bag_of_word_encoding,1,min_df_absolute,,,,,,,,
86,238,none,random_forest,,,,,,,,,,,,,,,,,,,,,,,,,,,,,,,,,,,,,,,,,,,,,,,,,,,,,,,,,,,,,,,,,,,,,,,,,,,,,,,,,True,entropy,None,0.8735889172956016,None,0.0,13.0,15.0,0.0,,,,,,,,,,,,no_encoding,minority_coalescer,0.0487010130888463,median,standardize,,,,,extra_trees_preproc_for_classification,True,entropy,None,0.6520621513915238,None,0.0,13.0,16.0,0.0,100.0,,,,,,,,,,,,,,,,,,,,,,,,,,,,,,,,,,,,,feature_type,100,bag_of_word_encoding,1,min_df_absolute,,,,,,,,
87,241,weighting,libsvm_svc,,,,,,,,,,,,,,,,,,,,,,,,,,,,,,,,,,,,,,,,,,,,,,,,,,4337.698074024637,0.1072146572020265,,0.0150831994271343,sigmoid,-1.0,True,1.5082917682962874e-05,,,,,,,,,,,,,,,,,,,,,,,,,,,,,,,,,,,,,,,,,,,,one_hot_encoding,no_coalescense,,mean,none,,,,,extra_trees_preproc_for_classification,True,entropy,None,0.5,None,0.0,1.0,5.0,0.0,100.0,,,,,,,,,,,,,,,,,,,,,,,,,,,,,,,,,,,,,feature_type,100,bag_of_word_encoding,1,min_df_absolute,,,,,,,,
88,245,none,random_forest,,,,,,,,,,,,,,,,,,,,,,,,,,,,,,,,,,,,,,,,,,,,,,,,,,,,,,,,,,,,,,,,,,,,,,,,,,,,,,,,,True,gini,None,0.4947140927426476,None,0.0,1.0,14.0,0.0,,,,,,,,,,,,one_hot_encoding,no_coalescense,,mean,standardize,,,,,polynomial,,,,,,,,,,,,,,,,,,,,,,,,,,,,,,,3.0,True,False,,,,,,,,,,,,,,feature_type,100,bag_of_word_encoding,1,min_df_absolute,,,,,,,,
89,247,none,random_forest,,,,,,,,,,,,,,,,,,,,,,,,,,,,,,,,,,,,,,,,,,,,,,,,,,,,,,,,,,,,,,,,,,,,,,,,,,,,,,,,,False,entropy,None,0.9983969302632713,None,0.0,15.0,6.0,0.0,,,,,,,,,,,,one_hot_encoding,minority_coalescer,0.0650190585765306,median,quantile_transformer,1239.0,uniform,,,liblinear_svc_preprocessor,,,,,,,,,,,,,,,,,,2.11027666978437,False,True,1.0,squared_hinge,ovr,l1,0.0004501509012329,,,,,,,,,,,,,,,,,,,,,,feature_type,100,bag_of_word_encoding,1,min_df_absolute,,,,,,,,
90,250,weighting,random_forest,,,,,,,,,,,,,,,,,,,,,,,,,,,,,,,,,,,,,,,,,,,,,,,,,,,,,,,,,,,,,,,,,,,,,,,,,,,,,,,,,True,entropy,None,0.83810067462912,None,0.0,12.0,19.0,0.0,,,,,,,,,,,,one_hot_encoding,no_coalescense,,most_frequent,quantile_transformer,1605.0,uniform,,,select_percentile_classification,,,,,,,,,,,,,,,,,,,,,,,,,,,,,,,,,,,,,,,,,51.25255252560417,chi2,,,,,feature_type,100,bag_of_word_encoding,1,min_df_absolute,,,,,,,,
91,251,weighting,random_forest,,,,,,,,,,,,,,,,,,,,,,,,,,,,,,,,,,,,,,,,,,,,,,,,,,,,,,,,,,,,,,,,,,,,,,,,,,,,,,,,,True,gini,None,0.6373656690035969,None,0.0,10.0,2.0,0.0,,,,,,,,,,,,one_hot_encoding,minority_coalescer,0.0899878993260088,median,normalize,,,,,extra_trees_preproc_for_classification,True,entropy,None,0.251167557363647,None,0.0,18.0,15.0,0.0,100.0,,,,,,,,,,,,,,,,,,,,,,,,,,,,,,,,,,,,,feature_type,100,bag_of_word_encoding,1,min_df_absolute,,,,,,,,
92,254,none,passive_aggressive,,,,,,,,,,,,,,,,,,,,,,,,,,,,,,,,,,,,,,,,,,,,,,,,,,,,,,,,,,,,,,,,,,,,,,,,,,,7.7010341352146225,True,True,hinge,1.3493678968975032e-05,,,,,,,,,,,,,,,,,,,,,,no_encoding,no_coalescense,,median,none,,,,,extra_trees_preproc_for_classification,False,gini,None,0.9307010207343483,None,0.0,8.0,17.0,0.0,100.0,,,,,,,,,,,,,,,,,,,,,,,,,,,,,,,,,,,,,feature_type,100,bag_of_word_encoding,1,min_df_absolute,,,,,,,,
93,258,none,adaboost,SAMME.R,0.046269426995092,3.0,406.0,,,,,,,,,,,,,,,,,,,,,,,,,,,,,,,,,,,,,,,,,,,,,,,,,,,,,,,,,,,,,,,,,,,,,,,,,,,,,,,,,,,,,,,,,,,,,,,,,one_hot_encoding,minority_coalescer,0.0021022420302169,mean,robust_scaler,,,0.7697572103377026,0.280953821785477,extra_trees_preproc_for_classification,False,entropy,None,0.4083984616819014,None,0.0,4.0,7.0,0.0,100.0,,,,,,,,,,,,,,,,,,,,,,,,,,,,,,,,,,,,,feature_type,100,bag_of_word_encoding,1,min_df_absolute,,,,,,,,
94,262,none,random_forest,,,,,,,,,,,,,,,,,,,,,,,,,,,,,,,,,,,,,,,,,,,,,,,,,,,,,,,,,,,,,,,,,,,,,,,,,,,,,,,,,True,gini,None,0.5461838984196814,None,0.0,2.0,3.0,0.0,,,,,,,,,,,,one_hot_encoding,no_coalescense,,median,none,,,,,extra_trees_preproc_for_classification,False,gini,None,0.6580365253936791,None,0.0,13.0,19.0,0.0,100.0,,,,,,,,,,,,,,,,,,,,,,,,,,,,,,,,,,,,,feature_type,100,bag_of_word_encoding,1,min_df_absolute,,,,,,,,
95,263,weighting,random_forest,,,,,,,,,,,,,,,,,,,,,,,,,,,,,,,,,,,,,,,,,,,,,,,,,,,,,,,,,,,,,,,,,,,,,,,,,,,,,,,,,True,entropy,None,0.7791518158801763,None,0.0,1.0,4.0,0.0,,,,,,,,,,,,no_encoding,minority_coalescer,0.1217816814024193,most_frequent,quantile_transformer,1097.0,uniform,,,polynomial,,,,,,,,,,,,,,,,,,,,,,,,,,,,,,,2.0,False,False,,,,,,,,,,,,,,feature_type,100,bag_of_word_encoding,1,min_df_absolute,,,,,,,,
96,268,weighting,random_forest,,,,,,,,,,,,,,,,,,,,,,,,,,,,,,,,,,,,,,,,,,,,,,,,,,,,,,,,,,,,,,,,,,,,,,,,,,,,,,,,,False,gini,None,0.99973301045547,None,0.0,11.0,3.0,0.0,,,,,,,,,,,,no_encoding,minority_coalescer,0.0613709591601619,median,quantile_transformer,1990.0,normal,,,select_percentile_classification,,,,,,,,,,,,,,,,,,,,,,,,,,,,,,,,,,,,,,,,,79.09940684555632,chi2,,,,,feature_type,100,bag_of_word_encoding,1,min_df_absolute,,,,,,,,
97,269,weighting,random_forest,,,,,,,,,,,,,,,,,,,,,,,,,,,,,,,,,,,,,,,,,,,,,,,,,,,,,,,,,,,,,,,,,,,,,,,,,,,,,,,,,True,gini,None,0.5401544933959419,None,0.0,1.0,5.0,0.0,,,,,,,,,,,,no_encoding,minority_coalescer,0.0089062504481462,median,robust_scaler,,,0.75,0.2711377002238483,no_preprocessing,,,,,,,,,,,,,,,,,,,,,,,,,,,,,,,,,,,,,,,,,,,,,,,feature_type,100,bag_of_word_encoding,1,min_df_absolute,,,,,,,,
98,271,none,liblinear_svc,,,,,,,,,,,,,,,,,,,,,,,,,,,,,,,,,,,,,,,,,,93.00200700741202,False,True,1.0,squared_hinge,ovr,l2,0.0001959333830859,,,,,,,,,,,,,,,,,,,,,,,,,,,,,,,,,,,,,,,,,,,,,,,,,,,,one_hot_encoding,minority_coalescer,0.3027700446627844,most_frequent,standardize,,,,,polynomial,,,,,,,,,,,,,,,,,,,,,,,,,,,,,,,2.0,True,True,,,,,,,,,,,,,,feature_type,100,bag_of_word_encoding,1,min_df_absolute,,,,,,,,
99,273,weighting,sgd,,,,,,,,,,,,,,,,,,,,,,,,,,,,,,,,,,,,,,,,,,,,,,,,,,,,,,,,,,,,,,,,,,,,,,,,,,,,,,,,,,,,,,,,,,0.0018367485569817,True,0.0693546725936767,3.015848986973335e-07,True,,constant,modified_huber,l1,,5.259458546040535e-05,one_hot_encoding,no_coalescense,,most_frequent,normalize,,,,,polynomial,,,,,,,,,,,,,,,,,,,,,,,,,,,,,,,3.0,True,True,,,,,,,,,,,,,,feature_type,100,bag_of_word_encoding,1,min_df_absolute,,,,,,,,
100,276,weighting,random_forest,,,,,,,,,,,,,,,,,,,,,,,,,,,,,,,,,,,,,,,,,,,,,,,,,,,,,,,,,,,,,,,,,,,,,,,,,,,,,,,,,True,entropy,None,0.5168512952726863,None,0.0,11.0,16.0,0.0,,,,,,,,,,,,no_encoding,minority_coalescer,0.0410714846165144,mean,quantile_transformer,1093.0,uniform,,,no_preprocessing,,,,,,,,,,,,,,,,,,,,,,,,,,,,,,,,,,,,,,,,,,,,,,,feature_type,100,bag_of_word_encoding,1,min_df_absolute,,,,,,,,
101,279,weighting,liblinear_svc,,,,,,,,,,,,,,,,,,,,,,,,,,,,,,,,,,,,,,,,,,0.080575747939466,False,True,1.0,squared_hinge,ovr,l2,1.8637627528298484e-05,,,,,,,,,,,,,,,,,,,,,,,,,,,,,,,,,,,,,,,,,,,,,,,,,,,,one_hot_encoding,no_coalescense,,median,standardize,,,,,polynomial,,,,,,,,,,,,,,,,,,,,,,,,,,,,,,,3.0,True,False,,,,,,,,,,,,,,feature_type,100,bag_of_word_encoding,1,min_df_absolute,,,,,,,,
102,281,none,mlp,,,,,,,,,,,,,,,,,,,,,,,,,,,,,,,,,,,,,,,,,,,,,,,,,,,,,,,,,,tanh,4.751364121958191e-05,auto,0.9,0.999,valid,1e-08,1.0,0.002010461351383,32.0,67.0,True,adam,0.0001,0.1,,,,,,,,,,,,,,,,,,,,,,,,,,,,,one_hot_encoding,minority_coalescer,0.0562991896790294,mean,quantile_transformer,1467.0,normal,,,no_preprocessing,,,,,,,,,,,,,,,,,,,,,,,,,,,,,,,,,,,,,,,,,,,,,,,feature_type,100,bag_of_word_encoding,1,min_df_absolute,,,,,,,,
103,284,weighting,libsvm_svc,,,,,,,,,,,,,,,,,,,,,,,,,,,,,,,,,,,,,,,,,,,,,,,,,,181.96184687258585,,,1.8287341102334311,rbf,-1.0,True,0.013996997317851,,,,,,,,,,,,,,,,,,,,,,,,,,,,,,,,,,,,,,,,,,,,no_encoding,no_coalescense,,most_frequent,robust_scaler,,,0.75,0.25,extra_trees_preproc_for_classification,False,gini,None,0.9476895445370578,None,0.0,19.0,8.0,0.0,100.0,,,,,,,,,,,,,,,,,,,,,,,,,,,,,,,,,,,,,feature_type,100,bag_of_word_encoding,1,min_df_absolute,,,,,,,,
104,287,weighting,random_forest,,,,,,,,,,,,,,,,,,,,,,,,,,,,,,,,,,,,,,,,,,,,,,,,,,,,,,,,,,,,,,,,,,,,,,,,,,,,,,,,,True,entropy,None,0.498276495228769,None,0.0,11.0,6.0,0.0,,,,,,,,,,,,one_hot_encoding,minority_coalescer,0.062524524635551,median,none,,,,,polynomial,,,,,,,,,,,,,,,,,,,,,,,,,,,,,,,3.0,False,False,,,,,,,,,,,,,,feature_type,100,bag_of_word_encoding,1,min_df_absolute,,,,,,,,
105,292,weighting,extra_trees,,,,,,,,,,,,,,,False,gini,None,0.3799104955619589,None,0.0,1.0,18.0,0.0,,,,,,,,,,,,,,,,,,,,,,,,,,,,,,,,,,,,,,,,,,,,,,,,,,,,,,,,,,,,,,,,,,,,,,,,,,,,,,no_encoding,minority_coalescer,0.01,median,robust_scaler,,,0.75,0.25,extra_trees_preproc_for_classification,False,entropy,None,0.5338676340022894,None,0.0,16.0,8.0,0.0,100.0,,,,,,,,,,,,,,,,,,,,,,,,,,,,,,,,,,,,,feature_type,100,bag_of_word_encoding,1,min_df_absolute,,,,,,,,
106,294,weighting,extra_trees,,,,,,,,,,,,,,,False,entropy,None,0.337598190971916,None,0.0,2.0,7.0,0.0,,,,,,,,,,,,,,,,,,,,,,,,,,,,,,,,,,,,,,,,,,,,,,,,,,,,,,,,,,,,,,,,,,,,,,,,,,,,,,no_encoding,minority_coalescer,0.2325110290132789,most_frequent,robust_scaler,,,0.907863059273871,0.2607023073538919,select_percentile_classification,,,,,,,,,,,,,,,,,,,,,,,,,,,,,,,,,,,,,,,,,74.41648769662828,chi2,,,,,feature_type,100,bag_of_word_encoding,1,min_df_absolute,,,,,,,,
107,296,weighting,passive_aggressive,,,,,,,,,,,,,,,,,,,,,,,,,,,,,,,,,,,,,,,,,,,,,,,,,,,,,,,,,,,,,,,,,,,,,,,,,,,0.0250898624526722,False,True,hinge,3.865901263104203e-05,,,,,,,,,,,,,,,,,,,,,,one_hot_encoding,minority_coalescer,0.0121266460559296,mean,quantile_transformer,1790.0,uniform,,,no_preprocessing,,,,,,,,,,,,,,,,,,,,,,,,,,,,,,,,,,,,,,,,,,,,,,,feature_type,100,bag_of_word_encoding,1,min_df_absolute,,,,,,,,
108,299,weighting,liblinear_svc,,,,,,,,,,,,,,,,,,,,,,,,,,,,,,,,,,,,,,,,,,1.5978060177576865,False,True,1.0,squared_hinge,ovr,l2,1.0560511191994327e-05,,,,,,,,,,,,,,,,,,,,,,,,,,,,,,,,,,,,,,,,,,,,,,,,,,,,one_hot_encoding,no_coalescense,,most_frequent,normalize,,,,,polynomial,,,,,,,,,,,,,,,,,,,,,,,,,,,,,,,3.0,False,False,,,,,,,,,,,,,,feature_type,100,bag_of_word_encoding,1,min_df_absolute,,,,,,,,
109,304,none,random_forest,,,,,,,,,,,,,,,,,,,,,,,,,,,,,,,,,,,,,,,,,,,,,,,,,,,,,,,,,,,,,,,,,,,,,,,,,,,,,,,,,False,gini,None,0.5073337637473023,None,0.0,1.0,2.0,0.0,,,,,,,,,,,,no_encoding,minority_coalescer,0.1343759737049293,mean,robust_scaler,,,0.7570096321117646,0.2350298456074532,no_preprocessing,,,,,,,,,,,,,,,,,,,,,,,,,,,,,,,,,,,,,,,,,,,,,,,feature_type,100,bag_of_word_encoding,1,min_df_absolute,,,,,,,,
110,308,weighting,random_forest,,,,,,,,,,,,,,,,,,,,,,,,,,,,,,,,,,,,,,,,,,,,,,,,,,,,,,,,,,,,,,,,,,,,,,,,,,,,,,,,,False,gini,None,0.3599659293525152,None,0.0,1.0,2.0,0.0,,,,,,,,,,,,no_encoding,minority_coalescer,0.0377599330753159,mean,quantile_transformer,860.0,uniform,,,extra_trees_preproc_for_classification,False,gini,None,0.9838496409910148,None,0.0,20.0,18.0,0.0,100.0,,,,,,,,,,,,,,,,,,,,,,,,,,,,,,,,,,,,,feature_type,100,bag_of_word_encoding,1,min_df_absolute,,,,,,,,
111,312,weighting,libsvm_svc,,,,,,,,,,,,,,,,,,,,,,,,,,,,,,,,,,,,,,,,,,,,,,,,,,1.1308405482878303,0.26844046438282,5.0,0.0035712374776192,poly,-1.0,True,3.088007711136196e-05,,,,,,,,,,,,,,,,,,,,,,,,,,,,,,,,,,,,,,,,,,,,no_encoding,minority_coalescer,0.000109821193872,most_frequent,normalize,,,,,extra_trees_preproc_for_classification,False,entropy,None,0.2318583265364712,None,0.0,9.0,3.0,0.0,100.0,,,,,,,,,,,,,,,,,,,,,,,,,,,,,,,,,,,,,feature_type,100,bag_of_word_encoding,1,min_df_absolute,,,,,,,,
112,313,weighting,decision_tree,,,,,,,gini,1.6785057002915529,1.0,None,0.0,4.0,20.0,0.0,,,,,,,,,,,,,,,,,,,,,,,,,,,,,,,,,,,,,,,,,,,,,,,,,,,,,,,,,,,,,,,,,,,,,,,,,,,,,,,,,,,,,,,one_hot_encoding,no_coalescense,,mean,normalize,,,,,no_preprocessing,,,,,,,,,,,,,,,,,,,,,,,,,,,,,,,,,,,,,,,,,,,,,,,feature_type,100,bag_of_word_encoding,1,min_df_absolute,,,,,,,,
113,317,none,libsvm_svc,,,,,,,,,,,,,,,,,,,,,,,,,,,,,,,,,,,,,,,,,,,,,,,,,,16952.795358786796,-0.0952701240291182,3.0,0.0345586823365034,poly,-1.0,False,0.001767038997427,,,,,,,,,,,,,,,,,,,,,,,,,,,,,,,,,,,,,,,,,,,,one_hot_encoding,minority_coalescer,0.0104581073534466,median,none,,,,,extra_trees_preproc_for_classification,False,gini,None,0.3302341754808897,None,0.0,18.0,6.0,0.0,100.0,,,,,,,,,,,,,,,,,,,,,,,,,,,,,,,,,,,,,feature_type,100,bag_of_word_encoding,1,min_df_absolute,,,,,,,,
114,320,none,mlp,,,,,,,,,,,,,,,,,,,,,,,,,,,,,,,,,,,,,,,,,,,,,,,,,,,,,,,,,,tanh,2.5550223982458062e-06,auto,0.9,0.999,train,1e-08,3.0,0.0002727128791946,32.0,54.0,True,adam,0.0001,,,,,,,,,,,,,,,,,,,,,,,,,,,,,,no_encoding,minority_coalescer,0.0171166616777151,mean,standardize,,,,,extra_trees_preproc_for_classification,False,entropy,None,0.7171678618990129,None,0.0,4.0,17.0,0.0,100.0,,,,,,,,,,,,,,,,,,,,,,,,,,,,,,,,,,,,,feature_type,100,bag_of_word_encoding,1,min_df_absolute,,,,,,,,
115,325,none,libsvm_svc,,,,,,,,,,,,,,,,,,,,,,,,,,,,,,,,,,,,,,,,,,,,,,,,,,1.171444369812126,,,0.0163645566919548,rbf,-1.0,True,1.2474972913820313e-05,,,,,,,,,,,,,,,,,,,,,,,,,,,,,,,,,,,,,,,,,,,,no_encoding,no_coalescense,,median,none,,,,,no_preprocessing,,,,,,,,,,,,,,,,,,,,,,,,,,,,,,,,,,,,,,,,,,,,,,,feature_type,100,bag_of_word_encoding,1,min_df_absolute,,,,,,,,
116,327,weighting,liblinear_svc,,,,,,,,,,,,,,,,,,,,,,,,,,,,,,,,,,,,,,,,,,999.897948630207,False,True,1.0,squared_hinge,ovr,l2,7.067903490334549e-05,,,,,,,,,,,,,,,,,,,,,,,,,,,,,,,,,,,,,,,,,,,,,,,,,,,,one_hot_encoding,no_coalescense,,most_frequent,robust_scaler,,,0.8031641753134632,0.2755613890217945,polynomial,,,,,,,,,,,,,,,,,,,,,,,,,,,,,,,2.0,True,True,,,,,,,,,,,,,,feature_type,100,bag_of_word_encoding,1,min_df_absolute,,,,,,,,
117,330,weighting,random_forest,,,,,,,,,,,,,,,,,,,,,,,,,,,,,,,,,,,,,,,,,,,,,,,,,,,,,,,,,,,,,,,,,,,,,,,,,,,,,,,,,True,entropy,None,0.7307347855491969,None,0.0,15.0,13.0,0.0,,,,,,,,,,,,no_encoding,no_coalescense,,mean,quantile_transformer,1013.0,normal,,,polynomial,,,,,,,,,,,,,,,,,,,,,,,,,,,,,,,2.0,True,False,,,,,,,,,,,,,,feature_type,100,bag_of_word_encoding,1,min_df_absolute,,,,,,,,
118,331,weighting,passive_aggressive,,,,,,,,,,,,,,,,,,,,,,,,,,,,,,,,,,,,,,,,,,,,,,,,,,,,,,,,,,,,,,,,,,,,,,,,,,,0.03856494823012,True,True,hinge,0.0036817262032079,,,,,,,,,,,,,,,,,,,,,,one_hot_encoding,minority_coalescer,0.0002688816970638,median,robust_scaler,,,0.805108105755608,0.2901853240896622,kitchen_sinks,,,,,,,,,,,,,,,,0.0004659180709857,476.0,,,,,,,,,,,,,,,,,,,,,,,,,,,,,,feature_type,100,bag_of_word_encoding,1,min_df_absolute,,,,,,,,
119,335,weighting,extra_trees,,,,,,,,,,,,,,,False,gini,None,0.930626080310634,None,0.0,12.0,2.0,0.0,,,,,,,,,,,,,,,,,,,,,,,,,,,,,,,,,,,,,,,,,,,,,,,,,,,,,,,,,,,,,,,,,,,,,,,,,,,,,,no_encoding,minority_coalescer,0.0014534537997062,mean,none,,,,,polynomial,,,,,,,,,,,,,,,,,,,,,,,,,,,,,,,3.0,True,True,,,,,,,,,,,,,,feature_type,100,bag_of_word_encoding,1,min_df_absolute,,,,,,,,
120,338,weighting,mlp,,,,,,,,,,,,,,,,,,,,,,,,,,,,,,,,,,,,,,,,,,,,,,,,,,,,,,,,,,tanh,0.0008919061594276,auto,0.9,0.999,train,1e-08,1.0,0.0001090682494176,32.0,111.0,True,adam,0.0001,,,,,,,,,,,,,,,,,,,,,,,,,,,,,,one_hot_encoding,no_coalescense,,most_frequent,standardize,,,,,polynomial,,,,,,,,,,,,,,,,,,,,,,,,,,,,,,,3.0,False,False,,,,,,,,,,,,,,feature_type,100,bag_of_word_encoding,1,min_df_absolute,,,,,,,,
121,340,weighting,libsvm_svc,,,,,,,,,,,,,,,,,,,,,,,,,,,,,,,,,,,,,,,,,,,,,,,,,,290.88633610748275,,,0.0008998523777083,rbf,-1.0,False,6.87356594045708e-05,,,,,,,,,,,,,,,,,,,,,,,,,,,,,,,,,,,,,,,,,,,,one_hot_encoding,minority_coalescer,0.0091369235792781,most_frequent,quantile_transformer,1064.0,uniform,,,polynomial,,,,,,,,,,,,,,,,,,,,,,,,,,,,,,,3.0,False,False,,,,,,,,,,,,,,feature_type,100,bag_of_word_encoding,1,min_df_absolute,,,,,,,,
122,344,weighting,random_forest,,,,,,,,,,,,,,,,,,,,,,,,,,,,,,,,,,,,,,,,,,,,,,,,,,,,,,,,,,,,,,,,,,,,,,,,,,,,,,,,,True,gini,None,0.4399936763197545,None,0.0,2.0,2.0,0.0,,,,,,,,,,,,no_encoding,no_coalescense,,most_frequent,standardize,,,,,extra_trees_preproc_for_classification,True,entropy,None,0.8134515743047006,None,0.0,9.0,20.0,0.0,100.0,,,,,,,,,,,,,,,,,,,,,,,,,,,,,,,,,,,,,feature_type,100,bag_of_word_encoding,1,min_df_absolute,,,,,,,,
123,347,none,libsvm_svc,,,,,,,,,,,,,,,,,,,,,,,,,,,,,,,,,,,,,,,,,,,,,,,,,,0.0382482626493693,-0.6599256347903437,3.0,0.2379131459089541,poly,-1.0,False,0.0001320269076314,,,,,,,,,,,,,,,,,,,,,,,,,,,,,,,,,,,,,,,,,,,,one_hot_encoding,minority_coalescer,0.1066841787443847,mean,none,,,,,select_rates_classification,,,,,,,,,,,,,,,,,,,,,,,,,,,,,,,,,,,,,,,,,,,0.029381354102094,fpr,chi2,,feature_type,100,bag_of_word_encoding,1,min_df_absolute,,,,,,,,
124,348,weighting,libsvm_svc,,,,,,,,,,,,,,,,,,,,,,,,,,,,,,,,,,,,,,,,,,,,,,,,,,53.02940476309046,,,4.620513273666799,rbf,-1.0,False,0.0001192783246725,,,,,,,,,,,,,,,,,,,,,,,,,,,,,,,,,,,,,,,,,,,,no_encoding,minority_coalescer,0.0153585306138736,mean,normalize,,,,,no_preprocessing,,,,,,,,,,,,,,,,,,,,,,,,,,,,,,,,,,,,,,,,,,,,,,,feature_type,100,bag_of_word_encoding,1,min_df_absolute,,,,,,,,
125,352,weighting,k_nearest_neighbors,,,,,,,,,,,,,,,,,,,,,,,,,,,,,,,,,,,,1.0,1.0,distance,,,,,,,,,,,,,,,,,,,,,,,,,,,,,,,,,,,,,,,,,,,,,,,,,,,,,,,,,,,,,,,one_hot_encoding,minority_coalescer,0.01,mean,robust_scaler,,,0.7379605755244315,0.2221396455643972,no_preprocessing,,,,,,,,,,,,,,,,,,,,,,,,,,,,,,,,,,,,,,,,,,,,,,,feature_type,100,bag_of_word_encoding,1,min_df_absolute,,,,,,,,
126,355,none,passive_aggressive,,,,,,,,,,,,,,,,,,,,,,,,,,,,,,,,,,,,,,,,,,,,,,,,,,,,,,,,,,,,,,,,,,,,,,,,,,,2.95830408341506e-05,False,True,squared_hinge,0.0001468942297619,,,,,,,,,,,,,,,,,,,,,,no_encoding,minority_coalescer,0.1080807991560244,median,quantile_transformer,734.0,uniform,,,extra_trees_preproc_for_classification,True,gini,None,0.5325788666290703,None,0.0,1.0,10.0,0.0,100.0,,,,,,,,,,,,,,,,,,,,,,,,,,,,,,,,,,,,,feature_type,100,bag_of_word_encoding,1,min_df_absolute,,,,,,,,
127,360,none,adaboost,SAMME,0.1316749323700579,2.0,56.0,,,,,,,,,,,,,,,,,,,,,,,,,,,,,,,,,,,,,,,,,,,,,,,,,,,,,,,,,,,,,,,,,,,,,,,,,,,,,,,,,,,,,,,,,,,,,,,,,one_hot_encoding,minority_coalescer,0.0589735770186017,mean,normalize,,,,,polynomial,,,,,,,,,,,,,,,,,,,,,,,,,,,,,,,3.0,False,False,,,,,,,,,,,,,,feature_type,100,bag_of_word_encoding,1,min_df_absolute,,,,,,,,
128,362,none,random_forest,,,,,,,,,,,,,,,,,,,,,,,,,,,,,,,,,,,,,,,,,,,,,,,,,,,,,,,,,,,,,,,,,,,,,,,,,,,,,,,,,False,entropy,None,0.989938281123279,None,0.0,1.0,4.0,0.0,,,,,,,,,,,,one_hot_encoding,minority_coalescer,0.024074640640731,most_frequent,quantile_transformer,1042.0,uniform,,,extra_trees_preproc_for_classification,True,gini,None,0.451059565562536,None,0.0,19.0,6.0,0.0,100.0,,,,,,,,,,,,,,,,,,,,,,,,,,,,,,,,,,,,,feature_type,100,bag_of_word_encoding,1,min_df_absolute,,,,,,,,
129,365,none,passive_aggressive,,,,,,,,,,,,,,,,,,,,,,,,,,,,,,,,,,,,,,,,,,,,,,,,,,,,,,,,,,,,,,,,,,,,,,,,,,,0.1426827771145481,False,True,hinge,0.0002600768160857,,,,,,,,,,,,,,,,,,,,,,no_encoding,minority_coalescer,0.0070580904199417,most_frequent,none,,,,,no_preprocessing,,,,,,,,,,,,,,,,,,,,,,,,,,,,,,,,,,,,,,,,,,,,,,,feature_type,100,bag_of_word_encoding,1,min_df_absolute,,,,,,,,
130,366,weighting,random_forest,,,,,,,,,,,,,,,,,,,,,,,,,,,,,,,,,,,,,,,,,,,,,,,,,,,,,,,,,,,,,,,,,,,,,,,,,,,,,,,,,True,gini,None,0.8782730356919523,None,0.0,5.0,2.0,0.0,,,,,,,,,,,,no_encoding,minority_coalescer,0.005380946059405,median,quantile_transformer,1000.0,uniform,,,polynomial,,,,,,,,,,,,,,,,,,,,,,,,,,,,,,,3.0,False,False,,,,,,,,,,,,,,feature_type,100,bag_of_word_encoding,1,min_df_absolute,,,,,,,,
131,370,weighting,mlp,,,,,,,,,,,,,,,,,,,,,,,,,,,,,,,,,,,,,,,,,,,,,,,,,,,,,,,,,,relu,0.0039895335677396,auto,0.9,0.999,valid,1e-08,2.0,0.0009934511776384,32.0,264.0,True,adam,0.0001,0.1,,,,,,,,,,,,,,,,,,,,,,,,,,,,,one_hot_encoding,no_coalescense,,most_frequent,standardize,,,,,extra_trees_preproc_for_classification,False,gini,None,0.683499980815128,None,0.0,1.0,16.0,0.0,100.0,,,,,,,,,,,,,,,,,,,,,,,,,,,,,,,,,,,,,feature_type,100,bag_of_word_encoding,1,min_df_absolute,,,,,,,,
132,373,weighting,random_forest,,,,,,,,,,,,,,,,,,,,,,,,,,,,,,,,,,,,,,,,,,,,,,,,,,,,,,,,,,,,,,,,,,,,,,,,,,,,,,,,,True,entropy,None,0.4775492074518431,None,0.0,2.0,2.0,0.0,,,,,,,,,,,,no_encoding,minority_coalescer,0.0159963680520628,most_frequent,robust_scaler,,,0.7845396961078424,0.2554505214126418,extra_trees_preproc_for_classification,False,entropy,None,0.5662900693317384,None,0.0,1.0,7.0,0.0,100.0,,,,,,,,,,,,,,,,,,,,,,,,,,,,,,,,,,,,,feature_type,100,bag_of_word_encoding,1,min_df_absolute,,,,,,,,
133,376,none,liblinear_svc,,,,,,,,,,,,,,,,,,,,,,,,,,,,,,,,,,,,,,,,,,6.395900616857626,False,True,1.0,squared_hinge,ovr,l2,0.0001641937070135,,,,,,,,,,,,,,,,,,,,,,,,,,,,,,,,,,,,,,,,,,,,,,,,,,,,no_encoding,no_coalescense,,median,quantile_transformer,431.0,normal,,,select_percentile_classification,,,,,,,,,,,,,,,,,,,,,,,,,,,,,,,,,,,,,,,,,80.9663133881143,chi2,,,,,feature_type,100,bag_of_word_encoding,1,min_df_absolute,,,,,,,,
134,381,none,random_forest,,,,,,,,,,,,,,,,,,,,,,,,,,,,,,,,,,,,,,,,,,,,,,,,,,,,,,,,,,,,,,,,,,,,,,,,,,,,,,,,,False,gini,None,0.5830626115596406,None,0.0,2.0,5.0,0.0,,,,,,,,,,,,one_hot_encoding,no_coalescense,,mean,normalize,,,,,polynomial,,,,,,,,,,,,,,,,,,,,,,,,,,,,,,,2.0,True,True,,,,,,,,,,,,,,feature_type,100,bag_of_word_encoding,1,min_df_absolute,,,,,,,,
135,382,weighting,adaboost,SAMME.R,1.6688109614227489,5.0,377.0,,,,,,,,,,,,,,,,,,,,,,,,,,,,,,,,,,,,,,,,,,,,,,,,,,,,,,,,,,,,,,,,,,,,,,,,,,,,,,,,,,,,,,,,,,,,,,,,,one_hot_encoding,minority_coalescer,0.0156433847674465,median,normalize,,,,,no_preprocessing,,,,,,,,,,,,,,,,,,,,,,,,,,,,,,,,,,,,,,,,,,,,,,,feature_type,100,bag_of_word_encoding,1,min_df_absolute,,,,,,,,
136,383,weighting,sgd,,,,,,,,,,,,,,,,,,,,,,,,,,,,,,,,,,,,,,,,,,,,,,,,,,,,,,,,,,,,,,,,,,,,,,,,,,,,,,,,,,,,,,,,,,0.0001,True,,0.0181060878183612,True,,invscaling,squared_hinge,l2,0.4679000098537685,6.425607305219398e-05,no_encoding,no_coalescense,,median,quantile_transformer,1898.0,normal,,,no_preprocessing,,,,,,,,,,,,,,,,,,,,,,,,,,,,,,,,,,,,,,,,,,,,,,,feature_type,100,bag_of_word_encoding,1,min_df_absolute,,,,,,,,
137,386,weighting,random_forest,,,,,,,,,,,,,,,,,,,,,,,,,,,,,,,,,,,,,,,,,,,,,,,,,,,,,,,,,,,,,,,,,,,,,,,,,,,,,,,,,True,entropy,None,0.4150032773862075,None,0.0,1.0,10.0,0.0,,,,,,,,,,,,no_encoding,minority_coalescer,0.0139154181012899,mean,robust_scaler,,,0.7550382509582769,0.25,no_preprocessing,,,,,,,,,,,,,,,,,,,,,,,,,,,,,,,,,,,,,,,,,,,,,,,feature_type,100,bag_of_word_encoding,1,min_df_absolute,,,,,,,,
138,389,weighting,random_forest,,,,,,,,,,,,,,,,,,,,,,,,,,,,,,,,,,,,,,,,,,,,,,,,,,,,,,,,,,,,,,,,,,,,,,,,,,,,,,,,,True,gini,None,0.3627079436451411,None,0.0,1.0,20.0,0.0,,,,,,,,,,,,no_encoding,minority_coalescer,0.002317157638122,mean,quantile_transformer,331.0,normal,,,no_preprocessing,,,,,,,,,,,,,,,,,,,,,,,,,,,,,,,,,,,,,,,,,,,,,,,feature_type,100,bag_of_word_encoding,1,min_df_absolute,,,,,,,,
139,390,weighting,sgd,,,,,,,,,,,,,,,,,,,,,,,,,,,,,,,,,,,,,,,,,,,,,,,,,,,,,,,,,,,,,,,,,,,,,,,,,,,,,,,,,,,,,,,,,,5.6960071548659e-07,True,,0.0079303153730978,True,,constant,perceptron,l2,,0.0688140192028604,no_encoding,no_coalescense,,median,none,,,,,no_preprocessing,,,,,,,,,,,,,,,,,,,,,,,,,,,,,,,,,,,,,,,,,,,,,,,feature_type,100,bag_of_word_encoding,1,min_df_absolute,,,,,,,,
140,395,none,random_forest,,,,,,,,,,,,,,,,,,,,,,,,,,,,,,,,,,,,,,,,,,,,,,,,,,,,,,,,,,,,,,,,,,,,,,,,,,,,,,,,,False,entropy,None,0.2211293096869571,None,0.0,1.0,4.0,0.0,,,,,,,,,,,,one_hot_encoding,minority_coalescer,0.01,most_frequent,none,,,,,polynomial,,,,,,,,,,,,,,,,,,,,,,,,,,,,,,,2.0,True,True,,,,,,,,,,,,,,feature_type,100,bag_of_word_encoding,1,min_df_absolute,,,,,,,,
141,397,weighting,random_forest,,,,,,,,,,,,,,,,,,,,,,,,,,,,,,,,,,,,,,,,,,,,,,,,,,,,,,,,,,,,,,,,,,,,,,,,,,,,,,,,,False,entropy,None,0.5,None,0.0,1.0,19.0,0.0,,,,,,,,,,,,no_encoding,minority_coalescer,0.0061243075819101,most_frequent,robust_scaler,,,0.8067477263495272,0.2214273304674245,no_preprocessing,,,,,,,,,,,,,,,,,,,,,,,,,,,,,,,,,,,,,,,,,,,,,,,feature_type,100,bag_of_word_encoding,1,min_df_absolute,,,,,,,,
142,400,none,random_forest,,,,,,,,,,,,,,,,,,,,,,,,,,,,,,,,,,,,,,,,,,,,,,,,,,,,,,,,,,,,,,,,,,,,,,,,,,,,,,,,,True,gini,None,0.4177715595575416,None,0.0,1.0,2.0,0.0,,,,,,,,,,,,one_hot_encoding,minority_coalescer,0.0113786322640731,most_frequent,standardize,,,,,polynomial,,,,,,,,,,,,,,,,,,,,,,,,,,,,,,,3.0,True,True,,,,,,,,,,,,,,feature_type,100,bag_of_word_encoding,1,min_df_absolute,,,,,,,,
143,401,none,random_forest,,,,,,,,,,,,,,,,,,,,,,,,,,,,,,,,,,,,,,,,,,,,,,,,,,,,,,,,,,,,,,,,,,,,,,,,,,,,,,,,,True,entropy,None,0.4523878087284705,None,0.0,1.0,5.0,0.0,,,,,,,,,,,,no_encoding,no_coalescense,,most_frequent,none,,,,,polynomial,,,,,,,,,,,,,,,,,,,,,,,,,,,,,,,2.0,False,False,,,,,,,,,,,,,,feature_type,100,bag_of_word_encoding,1,min_df_absolute,,,,,,,,
144,403,weighting,random_forest,,,,,,,,,,,,,,,,,,,,,,,,,,,,,,,,,,,,,,,,,,,,,,,,,,,,,,,,,,,,,,,,,,,,,,,,,,,,,,,,,True,entropy,None,0.7032725132170787,None,0.0,1.0,9.0,0.0,,,,,,,,,,,,one_hot_encoding,minority_coalescer,0.01,median,none,,,,,no_preprocessing,,,,,,,,,,,,,,,,,,,,,,,,,,,,,,,,,,,,,,,,,,,,,,,feature_type,100,bag_of_word_encoding,1,min_df_absolute,,,,,,,,
145,406,none,sgd,,,,,,,,,,,,,,,,,,,,,,,,,,,,,,,,,,,,,,,,,,,,,,,,,,,,,,,,,,,,,,,,,,,,,,,,,,,,,,,,,,,,,,,,,,0.0007605879915307,True,,6.976197433930478e-05,True,0.0010502021360724,invscaling,hinge,elasticnet,0.2095861043798353,0.0014032607809664,one_hot_encoding,no_coalescense,,mean,robust_scaler,,,0.7418742600571084,0.2716095617388226,no_preprocessing,,,,,,,,,,,,,,,,,,,,,,,,,,,,,,,,,,,,,,,,,,,,,,,feature_type,100,bag_of_word_encoding,1,min_df_absolute,,,,,,,,
146,408,weighting,random_forest,,,,,,,,,,,,,,,,,,,,,,,,,,,,,,,,,,,,,,,,,,,,,,,,,,,,,,,,,,,,,,,,,,,,,,,,,,,,,,,,,False,entropy,None,0.7822948152854257,None,0.0,1.0,2.0,0.0,,,,,,,,,,,,no_encoding,minority_coalescer,0.01,median,none,,,,,no_preprocessing,,,,,,,,,,,,,,,,,,,,,,,,,,,,,,,,,,,,,,,,,,,,,,,feature_type,100,bag_of_word_encoding,1,min_df_absolute,,,,,,,,
147,413,weighting,libsvm_svc,,,,,,,,,,,,,,,,,,,,,,,,,,,,,,,,,,,,,,,,,,,,,,,,,,8080.458417414794,0.5489897627168379,2.0,7.342258215039525,poly,-1.0,False,0.0118859613376241,,,,,,,,,,,,,,,,,,,,,,,,,,,,,,,,,,,,,,,,,,,,one_hot_encoding,minority_coalescer,0.0032819313080136,median,standardize,,,,,extra_trees_preproc_for_classification,False,gini,None,0.4904062353597739,None,0.0,2.0,5.0,0.0,100.0,,,,,,,,,,,,,,,,,,,,,,,,,,,,,,,,,,,,,feature_type,100,bag_of_word_encoding,1,min_df_absolute,,,,,,,,
148,415,weighting,extra_trees,,,,,,,,,,,,,,,False,gini,None,0.9989920710051852,None,0.0,18.0,18.0,0.0,,,,,,,,,,,,,,,,,,,,,,,,,,,,,,,,,,,,,,,,,,,,,,,,,,,,,,,,,,,,,,,,,,,,,,,,,,,,,,no_encoding,minority_coalescer,0.0144692803244082,most_frequent,robust_scaler,,,0.9494866992772018,0.2537657308458129,polynomial,,,,,,,,,,,,,,,,,,,,,,,,,,,,,,,3.0,False,False,,,,,,,,,,,,,,feature_type,100,bag_of_word_encoding,1,min_df_absolute,,,,,,,,
149,419,none,random_forest,,,,,,,,,,,,,,,,,,,,,,,,,,,,,,,,,,,,,,,,,,,,,,,,,,,,,,,,,,,,,,,,,,,,,,,,,,,,,,,,,False,gini,None,0.515837651073256,None,0.0,6.0,13.0,0.0,,,,,,,,,,,,one_hot_encoding,minority_coalescer,0.0001883603794241,mean,robust_scaler,,,0.9305545702956928,0.1351130069999138,extra_trees_preproc_for_classification,True,entropy,None,0.6517778324572666,None,0.0,5.0,12.0,0.0,100.0,,,,,,,,,,,,,,,,,,,,,,,,,,,,,,,,,,,,,feature_type,100,bag_of_word_encoding,1,min_df_absolute,,,,,,,,
150,420,weighting,extra_trees,,,,,,,,,,,,,,,False,entropy,None,0.9586012384536248,None,0.0,8.0,9.0,0.0,,,,,,,,,,,,,,,,,,,,,,,,,,,,,,,,,,,,,,,,,,,,,,,,,,,,,,,,,,,,,,,,,,,,,,,,,,,,,,one_hot_encoding,minority_coalescer,0.0049145168436025,most_frequent,standardize,,,,,no_preprocessing,,,,,,,,,,,,,,,,,,,,,,,,,,,,,,,,,,,,,,,,,,,,,,,feature_type,100,bag_of_word_encoding,1,min_df_absolute,,,,,,,,
151,423,weighting,random_forest,,,,,,,,,,,,,,,,,,,,,,,,,,,,,,,,,,,,,,,,,,,,,,,,,,,,,,,,,,,,,,,,,,,,,,,,,,,,,,,,,True,entropy,None,0.5639718864944128,None,0.0,2.0,6.0,0.0,,,,,,,,,,,,one_hot_encoding,minority_coalescer,0.0081564491661072,median,quantile_transformer,1051.0,uniform,,,extra_trees_preproc_for_classification,False,gini,None,0.8940381629166899,None,0.0,20.0,10.0,0.0,100.0,,,,,,,,,,,,,,,,,,,,,,,,,,,,,,,,,,,,,feature_type,100,bag_of_word_encoding,1,min_df_absolute,,,,,,,,
152,428,weighting,libsvm_svc,,,,,,,,,,,,,,,,,,,,,,,,,,,,,,,,,,,,,,,,,,,,,,,,,,1596.061184499148,-0.1656045392188794,,0.4661922018935441,sigmoid,-1.0,True,0.0438977788088019,,,,,,,,,,,,,,,,,,,,,,,,,,,,,,,,,,,,,,,,,,,,one_hot_encoding,minority_coalescer,0.000222831421866,median,normalize,,,,,extra_trees_preproc_for_classification,False,entropy,None,0.9092057405403215,None,0.0,2.0,5.0,0.0,100.0,,,,,,,,,,,,,,,,,,,,,,,,,,,,,,,,,,,,,feature_type,100,bag_of_word_encoding,1,min_df_absolute,,,,,,,,
153,431,weighting,random_forest,,,,,,,,,,,,,,,,,,,,,,,,,,,,,,,,,,,,,,,,,,,,,,,,,,,,,,,,,,,,,,,,,,,,,,,,,,,,,,,,,False,gini,None,0.2383269611879236,None,0.0,1.0,16.0,0.0,,,,,,,,,,,,no_encoding,minority_coalescer,0.0359498031385241,mean,robust_scaler,,,0.7356350569414665,0.2902106911441806,select_rates_classification,,,,,,,,,,,,,,,,,,,,,,,,,,,,,,,,,,,,,,,,,,,0.3610975428987517,,mutual_info_classif,,feature_type,100,bag_of_word_encoding,1,min_df_absolute,,,,,,,,
154,433,weighting,mlp,,,,,,,,,,,,,,,,,,,,,,,,,,,,,,,,,,,,,,,,,,,,,,,,,,,,,,,,,,tanh,0.0002041488755975,auto,0.9,0.999,train,1e-08,2.0,0.0006831060185857,32.0,241.0,True,adam,0.0001,,,,,,,,,,,,,,,,,,,,,,,,,,,,,,one_hot_encoding,minority_coalescer,0.0031375741762951,most_frequent,standardize,,,,,polynomial,,,,,,,,,,,,,,,,,,,,,,,,,,,,,,,3.0,True,True,,,,,,,,,,,,,,feature_type,100,bag_of_word_encoding,1,min_df_absolute,,,,,,,,
155,435,none,random_forest,,,,,,,,,,,,,,,,,,,,,,,,,,,,,,,,,,,,,,,,,,,,,,,,,,,,,,,,,,,,,,,,,,,,,,,,,,,,,,,,,True,entropy,None,0.5,None,0.0,1.0,2.0,0.0,,,,,,,,,,,,no_encoding,no_coalescense,,median,quantile_transformer,937.0,uniform,,,random_trees_embedding,,,,,,,,,,,,,,,,,,,,,,,,,,,,,,,,,,True,5.0,None,1.0,2.0,1.0,10.0,,,,,,,feature_type,100,bag_of_word_encoding,1,min_df_absolute,,,,,,,,
156,439,none,random_forest,,,,,,,,,,,,,,,,,,,,,,,,,,,,,,,,,,,,,,,,,,,,,,,,,,,,,,,,,,,,,,,,,,,,,,,,,,,,,,,,,True,entropy,None,0.6233851779666082,None,0.0,6.0,18.0,0.0,,,,,,,,,,,,one_hot_encoding,minority_coalescer,0.0747673371670171,median,quantile_transformer,158.0,uniform,,,polynomial,,,,,,,,,,,,,,,,,,,,,,,,,,,,,,,3.0,False,False,,,,,,,,,,,,,,feature_type,100,bag_of_word_encoding,1,min_df_absolute,,,,,,,,
157,442,weighting,extra_trees,,,,,,,,,,,,,,,True,entropy,None,0.9990114591467004,None,0.0,3.0,3.0,0.0,,,,,,,,,,,,,,,,,,,,,,,,,,,,,,,,,,,,,,,,,,,,,,,,,,,,,,,,,,,,,,,,,,,,,,,,,,,,,,one_hot_encoding,minority_coalescer,0.0466591925251657,mean,normalize,,,,,extra_trees_preproc_for_classification,False,entropy,None,0.6679542814383976,None,0.0,19.0,20.0,0.0,100.0,,,,,,,,,,,,,,,,,,,,,,,,,,,,,,,,,,,,,feature_type,100,bag_of_word_encoding,1,min_df_absolute,,,,,,,,
158,446,none,passive_aggressive,,,,,,,,,,,,,,,,,,,,,,,,,,,,,,,,,,,,,,,,,,,,,,,,,,,,,,,,,,,,,,,,,,,,,,,,,,,0.0355333117895806,True,True,squared_hinge,0.0281304790426432,,,,,,,,,,,,,,,,,,,,,,one_hot_encoding,no_coalescense,,mean,quantile_transformer,1757.0,uniform,,,polynomial,,,,,,,,,,,,,,,,,,,,,,,,,,,,,,,2.0,True,False,,,,,,,,,,,,,,feature_type,100,bag_of_word_encoding,1,min_df_absolute,,,,,,,,
159,448,weighting,random_forest,,,,,,,,,,,,,,,,,,,,,,,,,,,,,,,,,,,,,,,,,,,,,,,,,,,,,,,,,,,,,,,,,,,,,,,,,,,,,,,,,True,entropy,None,0.8850338089149195,None,0.0,7.0,11.0,0.0,,,,,,,,,,,,one_hot_encoding,minority_coalescer,0.01,mean,none,,,,,select_percentile_classification,,,,,,,,,,,,,,,,,,,,,,,,,,,,,,,,,,,,,,,,,53.7845981262578,chi2,,,,,feature_type,100,bag_of_word_encoding,1,min_df_absolute,,,,,,,,
160,451,none,mlp,,,,,,,,,,,,,,,,,,,,,,,,,,,,,,,,,,,,,,,,,,,,,,,,,,,,,,,,,,tanh,9.3217049979992e-06,auto,0.9,0.999,train,1e-08,3.0,0.0001015129794067,32.0,155.0,True,adam,0.0001,,,,,,,,,,,,,,,,,,,,,,,,,,,,,,no_encoding,no_coalescense,,most_frequent,none,,,,,no_preprocessing,,,,,,,,,,,,,,,,,,,,,,,,,,,,,,,,,,,,,,,,,,,,,,,feature_type,100,bag_of_word_encoding,1,min_df_absolute,,,,,,,,
161,454,weighting,random_forest,,,,,,,,,,,,,,,,,,,,,,,,,,,,,,,,,,,,,,,,,,,,,,,,,,,,,,,,,,,,,,,,,,,,,,,,,,,,,,,,,False,entropy,None,0.5,None,0.0,1.0,2.0,0.0,,,,,,,,,,,,one_hot_encoding,minority_coalescer,0.01,median,quantile_transformer,967.0,uniform,,,no_preprocessing,,,,,,,,,,,,,,,,,,,,,,,,,,,,,,,,,,,,,,,,,,,,,,,feature_type,100,bag_of_word_encoding,1,min_df_absolute,,,,,,,,
162,458,none,random_forest,,,,,,,,,,,,,,,,,,,,,,,,,,,,,,,,,,,,,,,,,,,,,,,,,,,,,,,,,,,,,,,,,,,,,,,,,,,,,,,,,False,entropy,None,0.8829219054291442,None,0.0,7.0,8.0,0.0,,,,,,,,,,,,no_encoding,no_coalescense,,mean,none,,,,,polynomial,,,,,,,,,,,,,,,,,,,,,,,,,,,,,,,3.0,False,False,,,,,,,,,,,,,,feature_type,100,bag_of_word_encoding,1,min_df_absolute,,,,,,,,
163,459,weighting,sgd,,,,,,,,,,,,,,,,,,,,,,,,,,,,,,,,,,,,,,,,,,,,,,,,,,,,,,,,,,,,,,,,,,,,,,,,,,,,,,,,,,,,,,,,,,2.8194352252648784e-05,True,,3.6813298391419256e-06,True,0.775476134063245,invscaling,log,elasticnet,0.4049780072503146,0.0740968052356145,no_encoding,no_coalescense,,most_frequent,none,,,,,random_trees_embedding,,,,,,,,,,,,,,,,,,,,,,,,,,,,,,,,,,False,10.0,None,1.0,3.0,1.0,71.0,,,,,,,feature_type,100,bag_of_word_encoding,1,min_df_absolute,,,,,,,,
164,463,weighting,passive_aggressive,,,,,,,,,,,,,,,,,,,,,,,,,,,,,,,,,,,,,,,,,,,,,,,,,,,,,,,,,,,,,,,,,,,,,,,,,,,0.148332332944316,True,True,squared_hinge,0.0001648216664625,,,,,,,,,,,,,,,,,,,,,,no_encoding,minority_coalescer,0.2072274511347658,most_frequent,robust_scaler,,,0.9201445143882738,0.0110240526316944,kitchen_sinks,,,,,,,,,,,,,,,,0.0001362819330766,148.0,,,,,,,,,,,,,,,,,,,,,,,,,,,,,,feature_type,100,bag_of_word_encoding,1,min_df_absolute,,,,,,,,
165,467,weighting,extra_trees,,,,,,,,,,,,,,,False,gini,None,0.6366103480947918,None,0.0,1.0,2.0,0.0,,,,,,,,,,,,,,,,,,,,,,,,,,,,,,,,,,,,,,,,,,,,,,,,,,,,,,,,,,,,,,,,,,,,,,,,,,,,,,no_encoding,no_coalescense,,median,robust_scaler,,,0.7043060551256404,0.2598803216804252,liblinear_svc_preprocessor,,,,,,,,,,,,,,,,,,1.0,False,True,1.0,squared_hinge,ovr,l1,3.317156007565104e-05,,,,,,,,,,,,,,,,,,,,,,feature_type,100,bag_of_word_encoding,1,min_df_absolute,,,,,,,,
166,469,weighting,random_forest,,,,,,,,,,,,,,,,,,,,,,,,,,,,,,,,,,,,,,,,,,,,,,,,,,,,,,,,,,,,,,,,,,,,,,,,,,,,,,,,,True,entropy,None,0.6779841015398226,None,0.0,14.0,14.0,0.0,,,,,,,,,,,,one_hot_encoding,minority_coalescer,0.0396123202837337,most_frequent,robust_scaler,,,0.9772109830437746,0.1330050333470669,no_preprocessing,,,,,,,,,,,,,,,,,,,,,,,,,,,,,,,,,,,,,,,,,,,,,,,feature_type,100,bag_of_word_encoding,1,min_df_absolute,,,,,,,,
167,473,none,sgd,,,,,,,,,,,,,,,,,,,,,,,,,,,,,,,,,,,,,,,,,,,,,,,,,,,,,,,,,,,,,,,,,,,,,,,,,,,,,,,,,,,,,,,,,,0.0437824536199109,True,,0.0144300065948161,True,,constant,perceptron,l2,,0.0035062149368092,one_hot_encoding,minority_coalescer,0.0109497126919455,most_frequent,standardize,,,,,nystroem_sampler,,,,,,,,,,,,,,,,,,,,,,,,,,,,,cosine,87.0,,,,,,,,,,,,,,,,,feature_type,100,bag_of_word_encoding,1,min_df_absolute,,,,,,,,
168,476,weighting,liblinear_svc,,,,,,,,,,,,,,,,,,,,,,,,,,,,,,,,,,,,,,,,,,0.3683813078573346,False,True,1.0,squared_hinge,ovr,l2,3.792533032071424e-05,,,,,,,,,,,,,,,,,,,,,,,,,,,,,,,,,,,,,,,,,,,,,,,,,,,,one_hot_encoding,no_coalescense,,median,none,,,,,polynomial,,,,,,,,,,,,,,,,,,,,,,,,,,,,,,,2.0,True,True,,,,,,,,,,,,,,feature_type,100,bag_of_word_encoding,1,min_df_absolute,,,,,,,,
169,479,none,random_forest,,,,,,,,,,,,,,,,,,,,,,,,,,,,,,,,,,,,,,,,,,,,,,,,,,,,,,,,,,,,,,,,,,,,,,,,,,,,,,,,,False,entropy,None,0.7712734111885328,None,0.0,1.0,5.0,0.0,,,,,,,,,,,,no_encoding,minority_coalescer,0.0153148776932628,most_frequent,quantile_transformer,1356.0,uniform,,,select_percentile_classification,,,,,,,,,,,,,,,,,,,,,,,,,,,,,,,,,,,,,,,,,87.53446402021245,chi2,,,,,feature_type,100,bag_of_word_encoding,1,min_df_absolute,,,,,,,,
170,481,weighting,random_forest,,,,,,,,,,,,,,,,,,,,,,,,,,,,,,,,,,,,,,,,,,,,,,,,,,,,,,,,,,,,,,,,,,,,,,,,,,,,,,,,,False,gini,None,0.4099596588162648,None,0.0,1.0,8.0,0.0,,,,,,,,,,,,one_hot_encoding,minority_coalescer,0.4771492435819997,most_frequent,none,,,,,polynomial,,,,,,,,,,,,,,,,,,,,,,,,,,,,,,,3.0,True,False,,,,,,,,,,,,,,feature_type,100,bag_of_word_encoding,1,min_df_absolute,,,,,,,,
171,482,weighting,lda,,,,,,,,,,,,,,,,,,,,,,,,,,,,,,,,,,,,,,,None,,1.2368147155880344e-05,,,,,,,,,,,,,,,,,,,,,,,,,,,,,,,,,,,,,,,,,,,,,,,,,,,,,,,,,,,,one_hot_encoding,no_coalescense,,most_frequent,none,,,,,kernel_pca,,,,,,,,,,,0.6207957103581596,4.0,0.0107780119850349,poly,1449.0,,,,,,,,,,,,,,,,,,,,,,,,,,,,,,,,feature_type,100,bag_of_word_encoding,1,min_df_absolute,,,,,,,,
172,484,weighting,lda,,,,,,,,,,,,,,,,,,,,,,,,,,,,,,,,,,,,,,,None,,2.5333090728103463e-05,,,,,,,,,,,,,,,,,,,,,,,,,,,,,,,,,,,,,,,,,,,,,,,,,,,,,,,,,,,,no_encoding,minority_coalescer,0.0161565196102838,most_frequent,none,,,,,kernel_pca,,,,,,,,,,,-0.0359547095953501,4.0,0.0845557950667849,poly,1990.0,,,,,,,,,,,,,,,,,,,,,,,,,,,,,,,,feature_type,100,bag_of_word_encoding,1,min_df_absolute,,,,,,,,
173,487,weighting,adaboost,SAMME.R,0.1080140333331083,4.0,50.0,,,,,,,,,,,,,,,,,,,,,,,,,,,,,,,,,,,,,,,,,,,,,,,,,,,,,,,,,,,,,,,,,,,,,,,,,,,,,,,,,,,,,,,,,,,,,,,,,no_encoding,no_coalescense,,most_frequent,standardize,,,,,polynomial,,,,,,,,,,,,,,,,,,,,,,,,,,,,,,,2.0,False,True,,,,,,,,,,,,,,feature_type,100,bag_of_word_encoding,1,min_df_absolute,,,,,,,,
174,491,none,extra_trees,,,,,,,,,,,,,,,False,entropy,None,0.873772969271144,None,0.0,7.0,11.0,0.0,,,,,,,,,,,,,,,,,,,,,,,,,,,,,,,,,,,,,,,,,,,,,,,,,,,,,,,,,,,,,,,,,,,,,,,,,,,,,,no_encoding,no_coalescense,,most_frequent,quantile_transformer,1821.0,uniform,,,no_preprocessing,,,,,,,,,,,,,,,,,,,,,,,,,,,,,,,,,,,,,,,,,,,,,,,feature_type,100,bag_of_word_encoding,1,min_df_absolute,,,,,,,,
175,492,none,random_forest,,,,,,,,,,,,,,,,,,,,,,,,,,,,,,,,,,,,,,,,,,,,,,,,,,,,,,,,,,,,,,,,,,,,,,,,,,,,,,,,,True,gini,None,0.471667884624141,None,0.0,1.0,2.0,0.0,,,,,,,,,,,,no_encoding,minority_coalescer,0.01,most_frequent,robust_scaler,,,0.7801278716697352,0.0099589884571816,no_preprocessing,,,,,,,,,,,,,,,,,,,,,,,,,,,,,,,,,,,,,,,,,,,,,,,feature_type,100,bag_of_word_encoding,1,min_df_absolute,,,,,,,,
176,494,weighting,multinomial_nb,,,,,,,,,,,,,,,,,,,,,,,,,,,,,,,,,,,,,,,,,,,,,,,,,,,,,,,,,,,,,,,,,,,,,,,,,5.7449309666631,True,,,,,,,,,,,,,,,,,,,,,,,,,,,no_encoding,minority_coalescer,0.0186620166049296,mean,quantile_transformer,585.0,uniform,,,random_trees_embedding,,,,,,,,,,,,,,,,,,,,,,,,,,,,,,,,,,False,6.0,None,18.0,10.0,1.0,69.0,,,,,,,feature_type,100,bag_of_word_encoding,1,min_df_absolute,,,,,,,,
177,498,weighting,extra_trees,,,,,,,,,,,,,,,True,entropy,None,0.1616098706366607,None,0.0,9.0,17.0,0.0,,,,,,,,,,,,,,,,,,,,,,,,,,,,,,,,,,,,,,,,,,,,,,,,,,,,,,,,,,,,,,,,,,,,,,,,,,,,,,one_hot_encoding,minority_coalescer,0.0147830836642073,mean,normalize,,,,,random_trees_embedding,,,,,,,,,,,,,,,,,,,,,,,,,,,,,,,,,,True,4.0,None,13.0,3.0,1.0,99.0,,,,,,,feature_type,100,bag_of_word_encoding,1,min_df_absolute,,,,,,,,
178,503,none,passive_aggressive,,,,,,,,,,,,,,,,,,,,,,,,,,,,,,,,,,,,,,,,,,,,,,,,,,,,,,,,,,,,,,,,,,,,,,,,,,,0.3646508497609059,False,True,hinge,0.0008907846004102,,,,,,,,,,,,,,,,,,,,,,no_encoding,minority_coalescer,0.0092267937420717,median,quantile_transformer,1894.0,uniform,,,kernel_pca,,,,,,,,,,,,,,cosine,943.0,,,,,,,,,,,,,,,,,,,,,,,,,,,,,,,,feature_type,100,bag_of_word_encoding,1,min_df_absolute,,,,,,,,
179,505,weighting,k_nearest_neighbors,,,,,,,,,,,,,,,,,,,,,,,,,,,,,,,,,,,,2.0,2.0,distance,,,,,,,,,,,,,,,,,,,,,,,,,,,,,,,,,,,,,,,,,,,,,,,,,,,,,,,,,,,,,,,one_hot_encoding,no_coalescense,,most_frequent,normalize,,,,,no_preprocessing,,,,,,,,,,,,,,,,,,,,,,,,,,,,,,,,,,,,,,,,,,,,,,,feature_type,100,bag_of_word_encoding,1,min_df_absolute,,,,,,,,
180,510,weighting,random_forest,,,,,,,,,,,,,,,,,,,,,,,,,,,,,,,,,,,,,,,,,,,,,,,,,,,,,,,,,,,,,,,,,,,,,,,,,,,,,,,,,True,entropy,None,0.3980880471559327,None,0.0,1.0,2.0,0.0,,,,,,,,,,,,one_hot_encoding,minority_coalescer,0.0288493363632965,mean,standardize,,,,,no_preprocessing,,,,,,,,,,,,,,,,,,,,,,,,,,,,,,,,,,,,,,,,,,,,,,,feature_type,100,bag_of_word_encoding,1,min_df_absolute,,,,,,,,
181,513,weighting,extra_trees,,,,,,,,,,,,,,,False,gini,None,0.6027260245555867,None,0.0,4.0,18.0,0.0,,,,,,,,,,,,,,,,,,,,,,,,,,,,,,,,,,,,,,,,,,,,,,,,,,,,,,,,,,,,,,,,,,,,,,,,,,,,,,one_hot_encoding,minority_coalescer,0.010450071540728,median,normalize,,,,,extra_trees_preproc_for_classification,False,entropy,None,0.3534283573406214,None,0.0,11.0,9.0,0.0,100.0,,,,,,,,,,,,,,,,,,,,,,,,,,,,,,,,,,,,,feature_type,100,bag_of_word_encoding,1,min_df_absolute,,,,,,,,
182,515,weighting,decision_tree,,,,,,,gini,0.9536075871250508,1.0,None,0.0,6.0,3.0,0.0,,,,,,,,,,,,,,,,,,,,,,,,,,,,,,,,,,,,,,,,,,,,,,,,,,,,,,,,,,,,,,,,,,,,,,,,,,,,,,,,,,,,,,,no_encoding,minority_coalescer,0.0120282160701764,most_frequent,robust_scaler,,,0.8158929330617789,0.056469977372166,select_rates_classification,,,,,,,,,,,,,,,,,,,,,,,,,,,,,,,,,,,,,,,,,,,0.453778667649397,fwe,chi2,,feature_type,100,bag_of_word_encoding,1,min_df_absolute,,,,,,,,
183,519,none,random_forest,,,,,,,,,,,,,,,,,,,,,,,,,,,,,,,,,,,,,,,,,,,,,,,,,,,,,,,,,,,,,,,,,,,,,,,,,,,,,,,,,False,gini,None,0.5993366356288942,None,0.0,1.0,12.0,0.0,,,,,,,,,,,,no_encoding,minority_coalescer,0.0169642335700707,most_frequent,none,,,,,polynomial,,,,,,,,,,,,,,,,,,,,,,,,,,,,,,,2.0,True,True,,,,,,,,,,,,,,feature_type,100,bag_of_word_encoding,1,min_df_absolute,,,,,,,,
184,523,weighting,passive_aggressive,,,,,,,,,,,,,,,,,,,,,,,,,,,,,,,,,,,,,,,,,,,,,,,,,,,,,,,,,,,,,,,,,,,,,,,,,,,1.052064969681484,True,True,squared_hinge,1.4496041479232045e-05,,,,,,,,,,,,,,,,,,,,,,one_hot_encoding,minority_coalescer,0.1525819651724828,most_frequent,quantile_transformer,1017.0,uniform,,,polynomial,,,,,,,,,,,,,,,,,,,,,,,,,,,,,,,2.0,True,False,,,,,,,,,,,,,,feature_type,100,bag_of_word_encoding,1,min_df_absolute,,,,,,,,
185,527,weighting,adaboost,SAMME.R,1.310432435908926,2.0,447.0,,,,,,,,,,,,,,,,,,,,,,,,,,,,,,,,,,,,,,,,,,,,,,,,,,,,,,,,,,,,,,,,,,,,,,,,,,,,,,,,,,,,,,,,,,,,,,,,,one_hot_encoding,minority_coalescer,0.0076881690832809,mean,quantile_transformer,976.0,uniform,,,polynomial,,,,,,,,,,,,,,,,,,,,,,,,,,,,,,,3.0,True,False,,,,,,,,,,,,,,feature_type,100,bag_of_word_encoding,1,min_df_absolute,,,,,,,,
186,528,none,sgd,,,,,,,,,,,,,,,,,,,,,,,,,,,,,,,,,,,,,,,,,,,,,,,,,,,,,,,,,,,,,,,,,,,,,,,,,,,,,,,,,,,,,,,,,,0.0005123507835151,True,,,True,,optimal,perceptron,l1,,1.3597916081623305e-05,one_hot_encoding,no_coalescense,,median,standardize,,,,,no_preprocessing,,,,,,,,,,,,,,,,,,,,,,,,,,,,,,,,,,,,,,,,,,,,,,,feature_type,100,bag_of_word_encoding,1,min_df_absolute,,,,,,,,
187,533,weighting,sgd,,,,,,,,,,,,,,,,,,,,,,,,,,,,,,,,,,,,,,,,,,,,,,,,,,,,,,,,,,,,,,,,,,,,,,,,,,,,,,,,,,,,,,,,,,8.029287379812161e-05,True,,,True,0.0999185161302193,optimal,log,elasticnet,,0.0049666946028762,no_encoding,minority_coalescer,0.0012831689186395,most_frequent,quantile_transformer,1669.0,uniform,,,no_preprocessing,,,,,,,,,,,,,,,,,,,,,,,,,,,,,,,,,,,,,,,,,,,,,,,feature_type,100,bag_of_word_encoding,1,min_df_absolute,,,,,,,,
188,534,none,k_nearest_neighbors,,,,,,,,,,,,,,,,,,,,,,,,,,,,,,,,,,,,1.0,2.0,distance,,,,,,,,,,,,,,,,,,,,,,,,,,,,,,,,,,,,,,,,,,,,,,,,,,,,,,,,,,,,,,,one_hot_encoding,minority_coalescer,0.0124944277353655,mean,robust_scaler,,,0.8013321163679897,0.0450868675388827,random_trees_embedding,,,,,,,,,,,,,,,,,,,,,,,,,,,,,,,,,,False,3.0,None,8.0,18.0,1.0,74.0,,,,,,,feature_type,100,bag_of_word_encoding,1,min_df_absolute,,,,,,,,
189,538,weighting,random_forest,,,,,,,,,,,,,,,,,,,,,,,,,,,,,,,,,,,,,,,,,,,,,,,,,,,,,,,,,,,,,,,,,,,,,,,,,,,,,,,,,False,entropy,None,0.4384265279683322,None,0.0,11.0,11.0,0.0,,,,,,,,,,,,one_hot_encoding,minority_coalescer,0.0661719146510074,mean,none,,,,,extra_trees_preproc_for_classification,True,gini,None,0.4741926190491831,None,0.0,7.0,17.0,0.0,100.0,,,,,,,,,,,,,,,,,,,,,,,,,,,,,,,,,,,,,feature_type,100,bag_of_word_encoding,1,min_df_absolute,,,,,,,,
190,540,weighting,lda,,,,,,,,,,,,,,,,,,,,,,,,,,,,,,,,,,,,,,,None,,2.377943848880537e-05,,,,,,,,,,,,,,,,,,,,,,,,,,,,,,,,,,,,,,,,,,,,,,,,,,,,,,,,,,,,one_hot_encoding,minority_coalescer,0.1431989104096294,most_frequent,quantile_transformer,1392.0,uniform,,,kernel_pca,,,,,,,,,,,,,0.01,rbf,100.0,,,,,,,,,,,,,,,,,,,,,,,,,,,,,,,,feature_type,100,bag_of_word_encoding,1,min_df_absolute,,,,,,,,
191,542,weighting,libsvm_svc,,,,,,,,,,,,,,,,,,,,,,,,,,,,,,,,,,,,,,,,,,,,,,,,,,575.2840839820392,,,0.2825101589329317,rbf,-1.0,False,6.314728575433805e-05,,,,,,,,,,,,,,,,,,,,,,,,,,,,,,,,,,,,,,,,,,,,one_hot_encoding,no_coalescense,,median,none,,,,,no_preprocessing,,,,,,,,,,,,,,,,,,,,,,,,,,,,,,,,,,,,,,,,,,,,,,,feature_type,100,bag_of_word_encoding,1,min_df_absolute,,,,,,,,
192,545,none,sgd,,,,,,,,,,,,,,,,,,,,,,,,,,,,,,,,,,,,,,,,,,,,,,,,,,,,,,,,,,,,,,,,,,,,,,,,,,,,,,,,,,,,,,,,,,0.0318294976731326,False,0.0313647489061439,,True,,optimal,modified_huber,l1,,2.914297106988554e-05,no_encoding,no_coalescense,,median,quantile_transformer,978.0,uniform,,,select_rates_classification,,,,,,,,,,,,,,,,,,,,,,,,,,,,,,,,,,,,,,,,,,,0.3052123727089145,,mutual_info_classif,,feature_type,100,bag_of_word_encoding,1,min_df_absolute,,,,,,,,
193,548,none,random_forest,,,,,,,,,,,,,,,,,,,,,,,,,,,,,,,,,,,,,,,,,,,,,,,,,,,,,,,,,,,,,,,,,,,,,,,,,,,,,,,,,False,gini,None,0.0443000156771366,None,0.0,1.0,3.0,0.0,,,,,,,,,,,,one_hot_encoding,minority_coalescer,0.0106873601071166,mean,none,,,,,polynomial,,,,,,,,,,,,,,,,,,,,,,,,,,,,,,,2.0,True,False,,,,,,,,,,,,,,feature_type,100,bag_of_word_encoding,1,min_df_absolute,,,,,,,,
194,549,none,sgd,,,,,,,,,,,,,,,,,,,,,,,,,,,,,,,,,,,,,,,,,,,,,,,,,,,,,,,,,,,,,,,,,,,,,,,,,,,,,,,,,,,,,,,,,,5.9414069705206326e-05,True,,,True,0.9347722140167288,optimal,hinge,elasticnet,,0.0025507834236029,one_hot_encoding,minority_coalescer,0.005278860254126,mean,robust_scaler,,,0.893819912120224,0.0966809175586119,kitchen_sinks,,,,,,,,,,,,,,,,3.356169142107901e-05,194.0,,,,,,,,,,,,,,,,,,,,,,,,,,,,,,feature_type,100,bag_of_word_encoding,1,min_df_absolute,,,,,,,,
195,554,weighting,adaboost,SAMME,0.0898116612384131,5.0,305.0,,,,,,,,,,,,,,,,,,,,,,,,,,,,,,,,,,,,,,,,,,,,,,,,,,,,,,,,,,,,,,,,,,,,,,,,,,,,,,,,,,,,,,,,,,,,,,,,,no_encoding,no_coalescense,,most_frequent,none,,,,,polynomial,,,,,,,,,,,,,,,,,,,,,,,,,,,,,,,3.0,True,True,,,,,,,,,,,,,,feature_type,100,bag_of_word_encoding,1,min_df_absolute,,,,,,,,
196,556,none,k_nearest_neighbors,,,,,,,,,,,,,,,,,,,,,,,,,,,,,,,,,,,,1.0,2.0,distance,,,,,,,,,,,,,,,,,,,,,,,,,,,,,,,,,,,,,,,,,,,,,,,,,,,,,,,,,,,,,,,one_hot_encoding,minority_coalescer,0.2243702699735874,median,robust_scaler,,,0.9398079108777536,0.0675150823644732,extra_trees_preproc_for_classification,False,gini,None,0.5400657457230515,None,0.0,17.0,7.0,0.0,100.0,,,,,,,,,,,,,,,,,,,,,,,,,,,,,,,,,,,,,feature_type,100,bag_of_word_encoding,1,min_df_absolute,,,,,,,,
