idx,imputation:strategy,one_hot_encoding:minimum_fraction,one_hot_encoding:use_minimum_fraction,preprocessor:__choice__,preprocessor:extra_trees_preproc_for_regression:bootstrap,preprocessor:extra_trees_preproc_for_regression:criterion,preprocessor:extra_trees_preproc_for_regression:max_depth,preprocessor:extra_trees_preproc_for_regression:max_features,preprocessor:extra_trees_preproc_for_regression:min_samples_leaf,preprocessor:extra_trees_preproc_for_regression:min_samples_split,preprocessor:extra_trees_preproc_for_regression:min_weight_fraction_leaf,preprocessor:extra_trees_preproc_for_regression:n_estimators,preprocessor:fast_ica:algorithm,preprocessor:fast_ica:fun,preprocessor:fast_ica:n_components,preprocessor:fast_ica:whiten,preprocessor:feature_agglomeration:affinity,preprocessor:feature_agglomeration:linkage,preprocessor:feature_agglomeration:n_clusters,preprocessor:feature_agglomeration:pooling_func,preprocessor:kernel_pca:coef0,preprocessor:kernel_pca:degree,preprocessor:kernel_pca:gamma,preprocessor:kernel_pca:kernel,preprocessor:kernel_pca:n_components,preprocessor:kitchen_sinks:gamma,preprocessor:kitchen_sinks:n_components,preprocessor:nystroem_sampler:coef0,preprocessor:nystroem_sampler:degree,preprocessor:nystroem_sampler:gamma,preprocessor:nystroem_sampler:kernel,preprocessor:nystroem_sampler:n_components,preprocessor:pca:keep_variance,preprocessor:pca:whiten,preprocessor:polynomial:degree,preprocessor:polynomial:include_bias,preprocessor:polynomial:interaction_only,preprocessor:random_trees_embedding:max_depth,preprocessor:random_trees_embedding:max_leaf_nodes,preprocessor:random_trees_embedding:min_samples_leaf,preprocessor:random_trees_embedding:min_samples_split,preprocessor:random_trees_embedding:min_weight_fraction_leaf,preprocessor:random_trees_embedding:n_estimators,preprocessor:select_percentile_regression:percentile,preprocessor:select_percentile_regression:score_func,regressor:__choice__,regressor:adaboost:learning_rate,regressor:adaboost:loss,regressor:adaboost:max_depth,regressor:adaboost:n_estimators,regressor:ard_regression:alpha_1,regressor:ard_regression:alpha_2,regressor:ard_regression:fit_intercept,regressor:ard_regression:lambda_1,regressor:ard_regression:lambda_2,regressor:ard_regression:n_iter,regressor:ard_regression:threshold_lambda,regressor:ard_regression:tol,regressor:decision_tree:criterion,regressor:decision_tree:max_depth,regressor:decision_tree:max_features,regressor:decision_tree:max_leaf_nodes,regressor:decision_tree:min_samples_leaf,regressor:decision_tree:min_samples_split,regressor:decision_tree:min_weight_fraction_leaf,regressor:decision_tree:splitter,regressor:extra_trees:bootstrap,regressor:extra_trees:criterion,regressor:extra_trees:max_depth,regressor:extra_trees:max_features,regressor:extra_trees:min_samples_leaf,regressor:extra_trees:min_samples_split,regressor:extra_trees:n_estimators,regressor:gaussian_process:nugget,regressor:gaussian_process:thetaL,regressor:gaussian_process:thetaU,regressor:gradient_boosting:alpha,regressor:gradient_boosting:learning_rate,regressor:gradient_boosting:loss,regressor:gradient_boosting:max_depth,regressor:gradient_boosting:max_features,regressor:gradient_boosting:max_leaf_nodes,regressor:gradient_boosting:min_samples_leaf,regressor:gradient_boosting:min_samples_split,regressor:gradient_boosting:min_weight_fraction_leaf,regressor:gradient_boosting:n_estimators,regressor:gradient_boosting:subsample,regressor:k_nearest_neighbors:n_neighbors,regressor:k_nearest_neighbors:p,regressor:k_nearest_neighbors:weights,regressor:liblinear_svr:C,regressor:liblinear_svr:dual,regressor:liblinear_svr:epsilon,regressor:liblinear_svr:fit_intercept,regressor:liblinear_svr:intercept_scaling,regressor:liblinear_svr:loss,regressor:liblinear_svr:tol,regressor:libsvm_svr:C,regressor:libsvm_svr:coef0,regressor:libsvm_svr:degree,regressor:libsvm_svr:epsilon,regressor:libsvm_svr:gamma,regressor:libsvm_svr:kernel,regressor:libsvm_svr:max_iter,regressor:libsvm_svr:shrinking,regressor:libsvm_svr:tol,regressor:random_forest:bootstrap,regressor:random_forest:criterion,regressor:random_forest:max_depth,regressor:random_forest:max_features,regressor:random_forest:max_leaf_nodes,regressor:random_forest:min_samples_leaf,regressor:random_forest:min_samples_split,regressor:random_forest:min_weight_fraction_leaf,regressor:random_forest:n_estimators,regressor:ridge_regression:alpha,regressor:ridge_regression:fit_intercept,regressor:ridge_regression:tol,regressor:sgd:alpha,regressor:sgd:average,regressor:sgd:epsilon,regressor:sgd:eta0,regressor:sgd:fit_intercept,regressor:sgd:l1_ratio,regressor:sgd:learning_rate,regressor:sgd:loss,regressor:sgd:n_iter,regressor:sgd:penalty,regressor:sgd:power_t,rescaling:__choice__
1,mean,,False,feature_agglomeration,,,,,,,,,,,,,euclidean,complete,27,max,,,,,,,,,,,,,,,,,,,,,,,,,,adaboost,0.0008410245467125437,exponential,5,121,,,,,,,,,,,,,,,,,,,,,,,,,,,,,,,,,,,,,,,,,,,,,,,,,,,,,,,,,,,,,,,,,,,,,,,,,,,,,,,,none
2,median,,False,feature_agglomeration,,,,,,,,,,,,,cosine,complete,91,median,,,,,,,,,,,,,,,,,,,,,,,,,,adaboost,0.0002931439451865384,exponential,5,134,,,,,,,,,,,,,,,,,,,,,,,,,,,,,,,,,,,,,,,,,,,,,,,,,,,,,,,,,,,,,,,,,,,,,,,,,,,,,,,,none
3,mean,,False,fast_ica,,,,,,,,,deflation,cube,,False,,,,,,,,,,,,,,,,,,,,,,,,,,,,,,gaussian_process,,,,,,,,,,,,,,,,,,,,,,,,,,,,0.009523422808447861,0.00012464941966599892,2.311833852636026,,,,,,,,,,,,,,,,,,,,,,,,,,,,,,,,,,,,,,,,,,,,,,,,,,,,,,standardize
4,most_frequent,0.17126250403118867,True,no_preprocessing,,,,,,,,,,,,,,,,,,,,,,,,,,,,,,,,,,,,,,,,,,gaussian_process,,,,,,,,,,,,,,,,,,,,,,,,,,,,0.007369709482417261,0.0003542466650930109,1.3528944611163378,,,,,,,,,,,,,,,,,,,,,,,,,,,,,,,,,,,,,,,,,,,,,,,,,,,,,,none
5,mean,,False,kernel_pca,,,,,,,,,,,,,,,,,-0.6303583274125435,,,sigmoid,597,,,,,,,,,,,,,,,,,,,,,libsvm_svr,,,,,,,,,,,,,,,,,,,,,,,,,,,,,,,,,,,,,,,,,,,,,,,,,,,,112.45724148516774,,1,0.025243818561347893,0.09757363908476978,rbf,-1,False,0.0045836171402331045,,,,,,,,,,,,,,,,,,,,,,,,standardize
6,mean,,False,pca,,,,,,,,,,,,,,,,,,,,,,,,,,,,,0.56379209883684,True,,,,,,,,,,,,gradient_boosting,,,,,,,,,,,,,,,,,,,,,,,,,,,,,,,,0.0981902838874954,lad,2,2.114329564909699,None,5,2,0.0,100,0.7698611628095223,,,,,,,,,,,,,,,,,,,,,,,,,,,,,,,,,,,,,,,,,,,none
7,median,0.4347673978981241,True,kernel_pca,,,,,,,,,,,,,,,,,,,0.0526903509448651,rbf,279,,,,,,,,,,,,,,,,,,,,,ridge_regression,,,,,,,,,,,,,,,,,,,,,,,,,,,,,,,,,,,,,,,,,,,,,,,,,,,,,,,,,,,,,,,,,,,,,,0.0026626899542977304,True,5.9578188100059425e-05,,,,,,,,,,,,min/max
8,mean,,False,nystroem_sampler,,,,,,,,,,,,,,,,,,,,,,,,,,0.08624093541861358,rbf,183,,,,,,,,,,,,,,libsvm_svr,,,,,,,,,,,,,,,,,,,,,,,,,,,,,,,,,,,,,,,,,,,,,,,,,,,,13.13755995490531,,4,0.10225284690427631,0.346917257492084,rbf,-1,True,0.0010229847891082438,,,,,,,,,,,,,,,,,,,,,,,,min/max
9,median,,False,polynomial,,,,,,,,,,,,,,,,,,,,,,,,,,,,,,,2,False,True,,,,,,,,,random_forest,,,,,,,,,,,,,,,,,,,,,,,,,,,,,,,,,,,,,,,,,,,,,,,,,,,,,,,,,,,,,False,mse,None,2.9218887084394387,None,3,2,0.0,100,,,,,,,,,,,,,,,none
10,median,0.0005200069594831246,True,polynomial,,,,,,,,,,,,,,,,,,,,,,,,,,,,,,,3,False,False,,,,,,,,,random_forest,,,,,,,,,,,,,,,,,,,,,,,,,,,,,,,,,,,,,,,,,,,,,,,,,,,,,,,,,,,,,True,mse,None,4.776391596575882,None,4,8,0.0,100,,,,,,,,,,,,,,,standardize
11,mean,0.0003767625991775545,True,select_percentile_regression,,,,,,,,,,,,,,,,,,,,,,,,,,,,,,,,,,,,,,,,23.599371401838656,f_regression,gradient_boosting,,,,,,,,,,,,,,,,,,,,,,,,,,,,,,,,0.5659714492903828,lad,1,0.6896372477544269,None,17,17,0.0,100,0.4946753837397815,,,,,,,,,,,,,,,,,,,,,,,,,,,,,,,,,,,,,,,,,,,standardize
12,mean,0.00026575770734568955,True,kitchen_sinks,,,,,,,,,,,,,,,,,,,,,,1.778874035835733,898,,,,,,,,,,,,,,,,,,,libsvm_svr,,,,,,,,,,,,,,,,,,,,,,,,,,,,,,,,,,,,,,,,,,,,,,,,,,,,6.682025727404637,,2,0.00971491188239168,0.0021141365899008057,rbf,-1,True,0.003373808079008951,,,,,,,,,,,,,,,,,,,,,,,,min/max
13,most_frequent,0.10885650022152105,True,nystroem_sampler,,,,,,,,,,,,,,,,,,,,,,,,,,0.006501647325920295,rbf,2189,,,,,,,,,,,,,,liblinear_svr,,,,,,,,,,,,,,,,,,,,,,,,,,,,,,,,,,,,,,,,,,,,,2.773040983185171,False,0.0018809329204208635,True,1,squared_epsilon_insensitive,0.0061625158539494315,,,,,,,,,,,,,,,,,,,,,,,,,,,,,,,,,none
14,mean,,False,no_preprocessing,,,,,,,,,,,,,,,,,,,,,,,,,,,,,,,,,,,,,,,,,,random_forest,,,,,,,,,,,,,,,,,,,,,,,,,,,,,,,,,,,,,,,,,,,,,,,,,,,,,,,,,,,,,False,mse,None,4.788768964665574,None,17,6,0.0,100,,,,,,,,,,,,,,,normalize
15,mean,,False,feature_agglomeration,,,,,,,,,,,,,cosine,average,152,median,,,,,,,,,,,,,,,,,,,,,,,,,,gradient_boosting,,,,,,,,,,,,,,,,,,,,,,,,,,,,,,,0.9096085031795507,0.04885993640507687,huber,9,4.616077619283477,None,13,2,0.0,100,0.20430980723901587,,,,,,,,,,,,,,,,,,,,,,,,,,,,,,,,,,,,,,,,,,,none
16,mean,0.004118010423377577,True,no_preprocessing,,,,,,,,,,,,,,,,,,,,,,,,,,,,,,,,,,,,,,,,,,random_forest,,,,,,,,,,,,,,,,,,,,,,,,,,,,,,,,,,,,,,,,,,,,,,,,,,,,,,,,,,,,,False,mse,None,2.8363054974759287,None,5,3,0.0,100,,,,,,,,,,,,,,,none
17,mean,0.01,True,no_preprocessing,,,,,,,,,,,,,,,,,,,,,,,,,,,,,,,,,,,,,,,,,,random_forest,,,,,,,,,,,,,,,,,,,,,,,,,,,,,,,,,,,,,,,,,,,,,,,,,,,,,,,,,,,,,True,mse,None,1.0,None,1,2,0.0,100,,,,,,,,,,,,,,,min/max
18,mean,0.0961317582803779,True,polynomial,,,,,,,,,,,,,,,,,,,,,,,,,,,,,,,2,True,False,,,,,,,,,random_forest,,,,,,,,,,,,,,,,,,,,,,,,,,,,,,,,,,,,,,,,,,,,,,,,,,,,,,,,,,,,,False,mse,None,0.8737996949241732,None,18,17,0.0,100,,,,,,,,,,,,,,,standardize
19,most_frequent,0.00026575770734568955,True,extra_trees_preproc_for_regression,False,mse,None,2.205333760393658,15,16,0.0,100,,,,,,,,,,,,,,,,,,,,,,,,,,,,,,,,,,random_forest,,,,,,,,,,,,,,,,,,,,,,,,,,,,,,,,,,,,,,,,,,,,,,,,,,,,,,,,,,,,,True,mse,None,0.5653908557049732,None,16,16,0.0,100,,,,,,,,,,,,,,,standardize
20,mean,,False,polynomial,,,,,,,,,,,,,,,,,,,,,,,,,,,,,,,3,True,False,,,,,,,,,adaboost,0.17405841956730256,exponential,7,350,,,,,,,,,,,,,,,,,,,,,,,,,,,,,,,,,,,,,,,,,,,,,,,,,,,,,,,,,,,,,,,,,,,,,,,,,,,,,,,,none
21,most_frequent,,False,feature_agglomeration,,,,,,,,,,,,,cosine,average,17,median,,,,,,,,,,,,,,,,,,,,,,,,,,adaboost,0.08558439117560109,linear,7,267,,,,,,,,,,,,,,,,,,,,,,,,,,,,,,,,,,,,,,,,,,,,,,,,,,,,,,,,,,,,,,,,,,,,,,,,,,,,,,,,min/max
22,median,0.002143427561846455,True,extra_trees_preproc_for_regression,True,mse,None,4.347325260732746,3,12,0.0,100,,,,,,,,,,,,,,,,,,,,,,,,,,,,,,,,,,libsvm_svr,,,,,,,,,,,,,,,,,,,,,,,,,,,,,,,,,,,,,,,,,,,,,,,,,,,,0.30448271294478385,0.895686458853689,4,0.28977429727272813,0.8634952558838467,poly,-1,False,0.024899956992494608,,,,,,,,,,,,,,,,,,,,,,,,standardize
23,median,0.0045040946844254835,True,extra_trees_preproc_for_regression,True,mse,None,3.6102623472420836,5,20,0.0,100,,,,,,,,,,,,,,,,,,,,,,,,,,,,,,,,,,libsvm_svr,,,,,,,,,,,,,,,,,,,,,,,,,,,,,,,,,,,,,,,,,,,,,,,,,,,,0.7339304064583292,,2,0.13564851491456265,0.26863340177325246,rbf,-1,True,2.9607380915009004e-05,,,,,,,,,,,,,,,,,,,,,,,,none
24,median,0.08181823005294164,True,select_percentile_regression,,,,,,,,,,,,,,,,,,,,,,,,,,,,,,,,,,,,,,,,80.31858344736001,f_regression,extra_trees,,,,,,,,,,,,,,,,,,,,,True,mse,None,2.766522330597764,4,18,100,,,,,,,,,,,,,,,,,,,,,,,,,,,,,,,,,,,,,,,,,,,,,,,,,,,,,,,,,standardize
25,most_frequent,0.0014398298860076554,True,fast_ica,,,,,,,,,parallel,logcosh,,False,,,,,,,,,,,,,,,,,,,,,,,,,,,,,,extra_trees,,,,,,,,,,,,,,,,,,,,,True,mse,None,3.980385644039615,5,14,100,,,,,,,,,,,,,,,,,,,,,,,,,,,,,,,,,,,,,,,,,,,,,,,,,,,,,,,,,none
26,median,,False,polynomial,,,,,,,,,,,,,,,,,,,,,,,,,,,,,,,3,True,True,,,,,,,,,libsvm_svr,,,,,,,,,,,,,,,,,,,,,,,,,,,,,,,,,,,,,,,,,,,,,,,,,,,,922.7781338393083,0.8874805398451269,4,0.0039681430387626246,0.017962064306202983,poly,-1,False,0.004106297181047322,,,,,,,,,,,,,,,,,,,,,,,,normalize
27,mean,,False,select_percentile_regression,,,,,,,,,,,,,,,,,,,,,,,,,,,,,,,,,,,,,,,,33.974562703467235,f_regression,random_forest,,,,,,,,,,,,,,,,,,,,,,,,,,,,,,,,,,,,,,,,,,,,,,,,,,,,,,,,,,,,,False,mse,None,4.404819647337053,None,9,7,0.0,100,,,,,,,,,,,,,,,min/max
28,mean,,False,feature_agglomeration,,,,,,,,,,,,,cosine,average,380,mean,,,,,,,,,,,,,,,,,,,,,,,,,,gradient_boosting,,,,,,,,,,,,,,,,,,,,,,,,,,,,,,,0.7755934088628741,0.1171697277661414,huber,7,4.494047176110845,None,11,16,0.0,100,0.684559341735214,,,,,,,,,,,,,,,,,,,,,,,,,,,,,,,,,,,,,,,,,,,none
29,median,,False,feature_agglomeration,,,,,,,,,,,,,cosine,average,254,mean,,,,,,,,,,,,,,,,,,,,,,,,,,random_forest,,,,,,,,,,,,,,,,,,,,,,,,,,,,,,,,,,,,,,,,,,,,,,,,,,,,,,,,,,,,,True,mse,None,4.699471143560365,None,1,2,0.0,100,,,,,,,,,,,,,,,standardize
30,most_frequent,0.0022724706240719486,True,extra_trees_preproc_for_regression,True,mse,None,2.3954454931318767,4,11,0.0,100,,,,,,,,,,,,,,,,,,,,,,,,,,,,,,,,,,libsvm_svr,,,,,,,,,,,,,,,,,,,,,,,,,,,,,,,,,,,,,,,,,,,,,,,,,,,,251.53257029118527,0.7797129131309484,5,0.015781676227905807,0.2736312631527727,poly,-1,True,0.0016026875280370691,,,,,,,,,,,,,,,,,,,,,,,,standardize
31,most_frequent,,False,nystroem_sampler,,,,,,,,,,,,,,,,,,,,,,,,,,4.230503814139951,rbf,4020,,,,,,,,,,,,,,sgd,,,,,,,,,,,,,,,,,,,,,,,,,,,,,,,,,,,,,,,,,,,,,,,,,,,,,,,,,,,,,,,,,,,,,,,,,6.837765185010804e-06,True,0.0049024667855225995,0.08411030990142922,True,5.097720720139073e-07,constant,epsilon_insensitive,711,elasticnet,,min/max
32,mean,0.00948473752262725,True,nystroem_sampler,,,,,,,,,,,,,,,,,,,,,,,,,,0.019206332605811675,rbf,53,,,,,,,,,,,,,,libsvm_svr,,,,,,,,,,,,,,,,,,,,,,,,,,,,,,,,,,,,,,,,,,,,,,,,,,,,7125.927878089316,,2,0.1521824597603772,0.026360169953740666,rbf,-1,False,0.03333039885726712,,,,,,,,,,,,,,,,,,,,,,,,standardize
33,median,,False,kernel_pca,,,,,,,,,,,,,,,,,,,0.19220478851423953,rbf,487,,,,,,,,,,,,,,,,,,,,,ridge_regression,,,,,,,,,,,,,,,,,,,,,,,,,,,,,,,,,,,,,,,,,,,,,,,,,,,,,,,,,,,,,,,,,,,,,,0.0010522420041539772,True,2.1635276594374536e-05,,,,,,,,,,,,normalize
34,median,0.46945712023462344,True,kernel_pca,,,,,,,,,,,,,,,,,,,6.233982963947049,rbf,1400,,,,,,,,,,,,,,,,,,,,,sgd,,,,,,,,,,,,,,,,,,,,,,,,,,,,,,,,,,,,,,,,,,,,,,,,,,,,,,,,,,,,,,,,,,,,,,,,,1.647464520403159e-06,True,0.0007705265204486421,0.06950402910323647,True,0.0015819192961755311,constant,epsilon_insensitive,179,elasticnet,,normalize
35,most_frequent,0.01,True,no_preprocessing,,,,,,,,,,,,,,,,,,,,,,,,,,,,,,,,,,,,,,,,,,random_forest,,,,,,,,,,,,,,,,,,,,,,,,,,,,,,,,,,,,,,,,,,,,,,,,,,,,,,,,,,,,,True,mse,None,1.0,None,1,2,0.0,100,,,,,,,,,,,,,,,standardize
36,mean,,False,polynomial,,,,,,,,,,,,,,,,,,,,,,,,,,,,,,,2,True,False,,,,,,,,,random_forest,,,,,,,,,,,,,,,,,,,,,,,,,,,,,,,,,,,,,,,,,,,,,,,,,,,,,,,,,,,,,False,mse,None,4.592230471191443,None,4,4,0.0,100,,,,,,,,,,,,,,,none
37,median,0.08204527872299065,True,select_percentile_regression,,,,,,,,,,,,,,,,,,,,,,,,,,,,,,,,,,,,,,,,82.17147889045815,f_regression,libsvm_svr,,,,,,,,,,,,,,,,,,,,,,,,,,,,,,,,,,,,,,,,,,,,,,,,,,,,13.002692295512873,,2,0.0023370549310869093,0.3349382861897981,rbf,-1,True,0.001608761439523515,,,,,,,,,,,,,,,,,,,,,,,,standardize
38,median,,False,polynomial,,,,,,,,,,,,,,,,,,,,,,,,,,,,,,,2,False,True,,,,,,,,,extra_trees,,,,,,,,,,,,,,,,,,,,,False,mse,None,3.8354509785829975,2,8,100,,,,,,,,,,,,,,,,,,,,,,,,,,,,,,,,,,,,,,,,,,,,,,,,,,,,,,,,,standardize
39,mean,,False,polynomial,,,,,,,,,,,,,,,,,,,,,,,,,,,,,,,2,True,True,,,,,,,,,ridge_regression,,,,,,,,,,,,,,,,,,,,,,,,,,,,,,,,,,,,,,,,,,,,,,,,,,,,,,,,,,,,,,,,,,,,,,4.6144962388237045e-05,True,0.05416438538682006,,,,,,,,,,,,none
40,median,0.2172309667667147,True,polynomial,,,,,,,,,,,,,,,,,,,,,,,,,,,,,,,2,True,False,,,,,,,,,ridge_regression,,,,,,,,,,,,,,,,,,,,,,,,,,,,,,,,,,,,,,,,,,,,,,,,,,,,,,,,,,,,,,,,,,,,,,4.993147757084896,True,9.947601103707153e-05,,,,,,,,,,,,standardize
41,most_frequent,,False,kitchen_sinks,,,,,,,,,,,,,,,,,,,,,,0.6899195250166854,3638,,,,,,,,,,,,,,,,,,,liblinear_svr,,,,,,,,,,,,,,,,,,,,,,,,,,,,,,,,,,,,,,,,,,,,,21.300387506682195,False,0.030595224729220723,True,1,squared_epsilon_insensitive,1.201326469271566e-05,,,,,,,,,,,,,,,,,,,,,,,,,,,,,,,,,min/max
42,median,,False,polynomial,,,,,,,,,,,,,,,,,,,,,,,,,,,,,,,3,False,False,,,,,,,,,ridge_regression,,,,,,,,,,,,,,,,,,,,,,,,,,,,,,,,,,,,,,,,,,,,,,,,,,,,,,,,,,,,,,,,,,,,,,0.00010319286663504893,True,0.0022542774185680126,,,,,,,,,,,,standardize
43,median,0.0008049946998827609,True,kitchen_sinks,,,,,,,,,,,,,,,,,,,,,,1.8135504473079669,4543,,,,,,,,,,,,,,,,,,,ridge_regression,,,,,,,,,,,,,,,,,,,,,,,,,,,,,,,,,,,,,,,,,,,,,,,,,,,,,,,,,,,,,,,,,,,,,,0.0016341633194764467,True,0.01010854513165373,,,,,,,,,,,,min/max
44,median,,False,kitchen_sinks,,,,,,,,,,,,,,,,,,,,,,1.6989313915077366,9060,,,,,,,,,,,,,,,,,,,sgd,,,,,,,,,,,,,,,,,,,,,,,,,,,,,,,,,,,,,,,,,,,,,,,,,,,,,,,,,,,,,,,,,,,,,,,,,4.209284614648379e-06,True,0.008387656924181195,0.02756993558073238,True,,constant,squared_epsilon_insensitive,769,l2,,min/max
45,most_frequent,,False,feature_agglomeration,,,,,,,,,,,,,manhattan,complete,187,median,,,,,,,,,,,,,,,,,,,,,,,,,,adaboost,0.40436963527687636,exponential,10,338,,,,,,,,,,,,,,,,,,,,,,,,,,,,,,,,,,,,,,,,,,,,,,,,,,,,,,,,,,,,,,,,,,,,,,,,,,,,,,,,standardize
46,median,,False,polynomial,,,,,,,,,,,,,,,,,,,,,,,,,,,,,,,3,False,True,,,,,,,,,adaboost,0.03881375740244802,linear,8,423,,,,,,,,,,,,,,,,,,,,,,,,,,,,,,,,,,,,,,,,,,,,,,,,,,,,,,,,,,,,,,,,,,,,,,,,,,,,,,,,min/max
47,median,,False,polynomial,,,,,,,,,,,,,,,,,,,,,,,,,,,,,,,3,False,False,,,,,,,,,random_forest,,,,,,,,,,,,,,,,,,,,,,,,,,,,,,,,,,,,,,,,,,,,,,,,,,,,,,,,,,,,,False,mse,None,4.964568605961244,None,6,3,0.0,100,,,,,,,,,,,,,,,standardize
48,median,,False,polynomial,,,,,,,,,,,,,,,,,,,,,,,,,,,,,,,2,True,True,,,,,,,,,random_forest,,,,,,,,,,,,,,,,,,,,,,,,,,,,,,,,,,,,,,,,,,,,,,,,,,,,,,,,,,,,,True,mse,None,4.638463312412601,None,5,4,0.0,100,,,,,,,,,,,,,,,none
49,mean,0.06837813706602064,True,feature_agglomeration,,,,,,,,,,,,,manhattan,average,31,median,,,,,,,,,,,,,,,,,,,,,,,,,,random_forest,,,,,,,,,,,,,,,,,,,,,,,,,,,,,,,,,,,,,,,,,,,,,,,,,,,,,,,,,,,,,True,mse,None,4.816610219718326,None,3,12,0.0,100,,,,,,,,,,,,,,,standardize
50,mean,0.06588990666418214,True,no_preprocessing,,,,,,,,,,,,,,,,,,,,,,,,,,,,,,,,,,,,,,,,,,random_forest,,,,,,,,,,,,,,,,,,,,,,,,,,,,,,,,,,,,,,,,,,,,,,,,,,,,,,,,,,,,,False,mse,None,4.64312817587696,None,4,16,0.0,100,,,,,,,,,,,,,,,none
51,median,0.035413129022298255,True,polynomial,,,,,,,,,,,,,,,,,,,,,,,,,,,,,,,3,False,False,,,,,,,,,liblinear_svr,,,,,,,,,,,,,,,,,,,,,,,,,,,,,,,,,,,,,,,,,,,,,0.6934727071735427,False,0.001393180598569528,True,1,squared_epsilon_insensitive,1.1129869858587773e-05,,,,,,,,,,,,,,,,,,,,,,,,,,,,,,,,,standardize
52,mean,0.05169879074187555,True,select_percentile_regression,,,,,,,,,,,,,,,,,,,,,,,,,,,,,,,,,,,,,,,,69.5278515347773,f_regression,random_forest,,,,,,,,,,,,,,,,,,,,,,,,,,,,,,,,,,,,,,,,,,,,,,,,,,,,,,,,,,,,,False,mse,None,4.286891705724335,None,7,11,0.0,100,,,,,,,,,,,,,,,min/max
53,mean,0.013307227780517586,True,select_percentile_regression,,,,,,,,,,,,,,,,,,,,,,,,,,,,,,,,,,,,,,,,77.39722264573916,f_regression,decision_tree,,,,,,,,,,,,,mse,1.1806384544117086,1.0,None,9,20,0.0,best,,,,,,,,,,,,,,,,,,,,,,,,,,,,,,,,,,,,,,,,,,,,,,,,,,,,,,,,,,,,,,,,min/max
54,mean,0.01,True,no_preprocessing,,,,,,,,,,,,,,,,,,,,,,,,,,,,,,,,,,,,,,,,,,decision_tree,,,,,,,,,,,,,mse,0.5,1.0,None,1,2,0.0,best,,,,,,,,,,,,,,,,,,,,,,,,,,,,,,,,,,,,,,,,,,,,,,,,,,,,,,,,,,,,,,,,min/max
55,mean,0.0023994786419236558,True,no_preprocessing,,,,,,,,,,,,,,,,,,,,,,,,,,,,,,,,,,,,,,,,,,decision_tree,,,,,,,,,,,,,mse,1.926017202951233,1.0,None,1,2,0.0,best,,,,,,,,,,,,,,,,,,,,,,,,,,,,,,,,,,,,,,,,,,,,,,,,,,,,,,,,,,,,,,,,none
56,mean,0.00012980286034531858,True,polynomial,,,,,,,,,,,,,,,,,,,,,,,,,,,,,,,2,True,True,,,,,,,,,sgd,,,,,,,,,,,,,,,,,,,,,,,,,,,,,,,,,,,,,,,,,,,,,,,,,,,,,,,,,,,,,,,,,,,,,,,,,0.004609606728225581,True,2.5557817408084165e-05,0.026579153138680305,True,,invscaling,epsilon_insensitive,969,l2,0.0929887923927151,standardize
57,most_frequent,0.001559668909077697,True,polynomial,,,,,,,,,,,,,,,,,,,,,,,,,,,,,,,2,False,True,,,,,,,,,liblinear_svr,,,,,,,,,,,,,,,,,,,,,,,,,,,,,,,,,,,,,,,,,,,,,2.082881730018572,False,0.06166886997671436,True,1,squared_epsilon_insensitive,3.292634310699719e-05,,,,,,,,,,,,,,,,,,,,,,,,,,,,,,,,,standardize
58,most_frequent,0.14346177037935146,True,polynomial,,,,,,,,,,,,,,,,,,,,,,,,,,,,,,,2,True,True,,,,,,,,,ridge_regression,,,,,,,,,,,,,,,,,,,,,,,,,,,,,,,,,,,,,,,,,,,,,,,,,,,,,,,,,,,,,,,,,,,,,,0.002871580718687084,True,0.0004685256778738382,,,,,,,,,,,,min/max
59,median,,False,kitchen_sinks,,,,,,,,,,,,,,,,,,,,,,0.6863994469812906,5776,,,,,,,,,,,,,,,,,,,sgd,,,,,,,,,,,,,,,,,,,,,,,,,,,,,,,,,,,,,,,,,,,,,,,,,,,,,,,,,,,,,,,,,,,,,,,,,4.522914874445429e-05,False,,0.030016048237273864,True,5.623348010918567e-09,constant,squared_loss,306,elasticnet,,min/max
60,mean,0.0008795607847802394,True,polynomial,,,,,,,,,,,,,,,,,,,,,,,,,,,,,,,2,True,False,,,,,,,,,adaboost,0.09926696771782668,linear,3,111,,,,,,,,,,,,,,,,,,,,,,,,,,,,,,,,,,,,,,,,,,,,,,,,,,,,,,,,,,,,,,,,,,,,,,,,,,,,,,,,min/max
61,most_frequent,0.0007532614729206898,True,polynomial,,,,,,,,,,,,,,,,,,,,,,,,,,,,,,,3,True,False,,,,,,,,,ard_regression,,,,,0.00042906735025235033,1.3695555361436012e-10,True,0.00016402959364960796,1.2762015128704412e-10,300,93670.42273046337,0.0008077649594743829,,,,,,,,,,,,,,,,,,,,,,,,,,,,,,,,,,,,,,,,,,,,,,,,,,,,,,,,,,,,,,,,,,,,,,,,standardize
62,mean,,False,kitchen_sinks,,,,,,,,,,,,,,,,,,,,,,0.620187571887624,3028,,,,,,,,,,,,,,,,,,,ridge_regression,,,,,,,,,,,,,,,,,,,,,,,,,,,,,,,,,,,,,,,,,,,,,,,,,,,,,,,,,,,,,,,,,,,,,,0.0021734462607454676,True,2.7960144386696057e-05,,,,,,,,,,,,standardize
63,most_frequent,0.0001625707154796164,True,kitchen_sinks,,,,,,,,,,,,,,,,,,,,,,1.967466412432852,1594,,,,,,,,,,,,,,,,,,,ard_regression,,,,,0.00036257796572477033,1.4604413147509483e-08,True,0.0001843468315027027,1.3570161502719352e-08,300,2869.361951102668,0.006034061980184114,,,,,,,,,,,,,,,,,,,,,,,,,,,,,,,,,,,,,,,,,,,,,,,,,,,,,,,,,,,,,,,,,,,,,,,,standardize
64,most_frequent,0.21338776746252336,True,feature_agglomeration,,,,,,,,,,,,,euclidean,average,213,mean,,,,,,,,,,,,,,,,,,,,,,,,,,random_forest,,,,,,,,,,,,,,,,,,,,,,,,,,,,,,,,,,,,,,,,,,,,,,,,,,,,,,,,,,,,,False,mse,None,4.852162823305485,None,12,15,0.0,100,,,,,,,,,,,,,,,none
65,most_frequent,,False,nystroem_sampler,,,,,,,,,,,,,,,,,,,,,,,,,,1.1462353774599199,rbf,56,,,,,,,,,,,,,,sgd,,,,,,,,,,,,,,,,,,,,,,,,,,,,,,,,,,,,,,,,,,,,,,,,,,,,,,,,,,,,,,,,,,,,,,,,,4.743394673354396e-06,True,0.00847857431871685,0.09971388475732029,True,0.00033284954626829543,optimal,huber,46,elasticnet,,normalize
66,median,0.0968556998482573,True,random_trees_embedding,,,,,,,,,,,,,,,,,,,,,,,,,,,,,,,,,,2,None,8,4,1.0,30,,,libsvm_svr,,,,,,,,,,,,,,,,,,,,,,,,,,,,,,,,,,,,,,,,,,,,,,,,,,,,0.0641375748610752,,,0.23204376605619673,,linear,-1,True,0.008566344762428551,,,,,,,,,,,,,,,,,,,,,,,,standardize
67,most_frequent,0.005607066924937062,True,extra_trees_preproc_for_regression,True,mse,None,2.6112604563622552,12,15,0.0,100,,,,,,,,,,,,,,,,,,,,,,,,,,,,,,,,,,libsvm_svr,,,,,,,,,,,,,,,,,,,,,,,,,,,,,,,,,,,,,,,,,,,,,,,,,,,,2.045789159051221,,5,0.004784503543114743,4.627298382526854,rbf,-1,False,2.8494792916708405e-05,,,,,,,,,,,,,,,,,,,,,,,,min/max
68,median,,False,extra_trees_preproc_for_regression,True,mse,None,0.993528657198836,10,20,0.0,100,,,,,,,,,,,,,,,,,,,,,,,,,,,,,,,,,,libsvm_svr,,,,,,,,,,,,,,,,,,,,,,,,,,,,,,,,,,,,,,,,,,,,,,,,,,,,1933.5929428405466,,2,0.015939473931353206,0.7858707127149234,rbf,-1,False,0.0037322094857651553,,,,,,,,,,,,,,,,,,,,,,,,min/max
69,most_frequent,0.0014457709291250823,True,kernel_pca,,,,,,,,,,,,,,,,,-0.01416546049641254,3,0.23060510905667822,poly,1413,,,,,,,,,,,,,,,,,,,,,sgd,,,,,,,,,,,,,,,,,,,,,,,,,,,,,,,,,,,,,,,,,,,,,,,,,,,,,,,,,,,,,,,,,,,,,,,,,0.0017837392449809443,True,0.00345075877020118,0.09774090746458727,True,,optimal,epsilon_insensitive,195,l2,,none
70,median,,False,no_preprocessing,,,,,,,,,,,,,,,,,,,,,,,,,,,,,,,,,,,,,,,,,,libsvm_svr,,,,,,,,,,,,,,,,,,,,,,,,,,,,,,,,,,,,,,,,,,,,,,,,,,,,15.683440436880492,,4,0.008766678436592141,0.10578131451502429,rbf,-1,False,0.08678739387617436,,,,,,,,,,,,,,,,,,,,,,,,none
71,mean,,False,nystroem_sampler,,,,,,,,,,,,,,,,,,,,,,,,0.5828695478528918,,1.2846036338050844,sigmoid,355,,,,,,,,,,,,,,sgd,,,,,,,,,,,,,,,,,,,,,,,,,,,,,,,,,,,,,,,,,,,,,,,,,,,,,,,,,,,,,,,,,,,,,,,,,9.793413587557181e-06,False,2.7540645871255865e-05,0.006462379282943462,True,,optimal,huber,325,l1,,min/max
72,mean,0.08562251742396482,True,nystroem_sampler,,,,,,,,,,,,,,,,,,,,,,,,,,3.5905557599097153,rbf,74,,,,,,,,,,,,,,sgd,,,,,,,,,,,,,,,,,,,,,,,,,,,,,,,,,,,,,,,,,,,,,,,,,,,,,,,,,,,,,,,,,,,,,,,,,1.052990481379682e-06,False,2.2842654098672913e-05,0.09620557628291702,True,0.012660036055398494,optimal,huber,209,elasticnet,,none
73,mean,,False,no_preprocessing,,,,,,,,,,,,,,,,,,,,,,,,,,,,,,,,,,,,,,,,,,gaussian_process,,,,,,,,,,,,,,,,,,,,,,,,,,,,0.010148480388225148,0.00016676399867236993,3.16342061142116,,,,,,,,,,,,,,,,,,,,,,,,,,,,,,,,,,,,,,,,,,,,,,,,,,,,,,min/max
74,median,,False,no_preprocessing,,,,,,,,,,,,,,,,,,,,,,,,,,,,,,,,,,,,,,,,,,gaussian_process,,,,,,,,,,,,,,,,,,,,,,,,,,,,0.007642369343100022,1.8419258971411445e-05,0.9833146696212234,,,,,,,,,,,,,,,,,,,,,,,,,,,,,,,,,,,,,,,,,,,,,,,,,,,,,,standardize
75,mean,0.00016629738514881763,True,polynomial,,,,,,,,,,,,,,,,,,,,,,,,,,,,,,,2,True,False,,,,,,,,,random_forest,,,,,,,,,,,,,,,,,,,,,,,,,,,,,,,,,,,,,,,,,,,,,,,,,,,,,,,,,,,,,False,mse,None,4.592230471191443,None,4,6,0.0,100,,,,,,,,,,,,,,,min/max
76,median,0.00548806117992972,True,nystroem_sampler,,,,,,,,,,,,,,,,,,,,,,,,,,3.0972538714361577,rbf,5291,,,,,,,,,,,,,,sgd,,,,,,,,,,,,,,,,,,,,,,,,,,,,,,,,,,,,,,,,,,,,,,,,,,,,,,,,,,,,,,,,,,,,,,,,,1.6864007905723228e-06,True,0.006559405529560316,0.07194784725205487,True,,constant,squared_epsilon_insensitive,89,l2,,min/max
77,mean,,False,nystroem_sampler,,,,,,,,,,,,,,,,,,,,,,,,0.1566448365058719,5,0.7004476388937543,poly,956,,,,,,,,,,,,,,ridge_regression,,,,,,,,,,,,,,,,,,,,,,,,,,,,,,,,,,,,,,,,,,,,,,,,,,,,,,,,,,,,,,,,,,,,,,0.02849145741142527,True,0.001397013116831936,,,,,,,,,,,,min/max
78,median,0.0005361882641678341,True,kitchen_sinks,,,,,,,,,,,,,,,,,,,,,,1.9516292646600342,5226,,,,,,,,,,,,,,,,,,,sgd,,,,,,,,,,,,,,,,,,,,,,,,,,,,,,,,,,,,,,,,,,,,,,,,,,,,,,,,,,,,,,,,,,,,,,,,,4.844327967977615e-05,True,0.010965543419019197,0.02393286766186689,True,,constant,squared_epsilon_insensitive,502,l2,,min/max
79,mean,0.007129891763108858,True,no_preprocessing,,,,,,,,,,,,,,,,,,,,,,,,,,,,,,,,,,,,,,,,,,libsvm_svr,,,,,,,,,,,,,,,,,,,,,,,,,,,,,,,,,,,,,,,,,,,,,,,,,,,,222.52007103508296,,2,0.0014545049235116735,0.8961440468564937,rbf,-1,False,0.005206529915661272,,,,,,,,,,,,,,,,,,,,,,,,min/max
80,median,,False,no_preprocessing,,,,,,,,,,,,,,,,,,,,,,,,,,,,,,,,,,,,,,,,,,random_forest,,,,,,,,,,,,,,,,,,,,,,,,,,,,,,,,,,,,,,,,,,,,,,,,,,,,,,,,,,,,,True,mse,None,3.8792789945671258,None,10,18,0.0,100,,,,,,,,,,,,,,,min/max
81,median,0.05987995402504049,True,polynomial,,,,,,,,,,,,,,,,,,,,,,,,,,,,,,,3,False,True,,,,,,,,,extra_trees,,,,,,,,,,,,,,,,,,,,,True,mse,None,4.663594806506735,18,17,100,,,,,,,,,,,,,,,,,,,,,,,,,,,,,,,,,,,,,,,,,,,,,,,,,,,,,,,,,none
82,most_frequent,0.00234992390287966,True,extra_trees_preproc_for_regression,False,mse,None,0.8044960404154922,1,6,0.0,100,,,,,,,,,,,,,,,,,,,,,,,,,,,,,,,,,,libsvm_svr,,,,,,,,,,,,,,,,,,,,,,,,,,,,,,,,,,,,,,,,,,,,,,,,,,,,286.5841951417159,,4,0.17570677855266975,0.0999999999999999,rbf,-1,True,0.001,,,,,,,,,,,,,,,,,,,,,,,,standardize
83,most_frequent,,False,extra_trees_preproc_for_regression,True,mse,None,2.5830935657278076,19,16,0.0,100,,,,,,,,,,,,,,,,,,,,,,,,,,,,,,,,,,libsvm_svr,,,,,,,,,,,,,,,,,,,,,,,,,,,,,,,,,,,,,,,,,,,,,,,,,,,,4.962812951051284,,4,0.01204802523960763,0.1821781494294054,rbf,-1,False,1.3160253217209612e-05,,,,,,,,,,,,,,,,,,,,,,,,standardize
84,mean,0.15213222665693707,True,feature_agglomeration,,,,,,,,,,,,,manhattan,average,294,median,,,,,,,,,,,,,,,,,,,,,,,,,,extra_trees,,,,,,,,,,,,,,,,,,,,,True,mse,None,3.9189947880940927,3,4,100,,,,,,,,,,,,,,,,,,,,,,,,,,,,,,,,,,,,,,,,,,,,,,,,,,,,,,,,,standardize
85,mean,0.08567185090735716,True,polynomial,,,,,,,,,,,,,,,,,,,,,,,,,,,,,,,3,True,False,,,,,,,,,random_forest,,,,,,,,,,,,,,,,,,,,,,,,,,,,,,,,,,,,,,,,,,,,,,,,,,,,,,,,,,,,,True,mse,None,2.3981698229031436,None,19,20,0.0,100,,,,,,,,,,,,,,,min/max
86,median,,False,polynomial,,,,,,,,,,,,,,,,,,,,,,,,,,,,,,,2,True,False,,,,,,,,,liblinear_svr,,,,,,,,,,,,,,,,,,,,,,,,,,,,,,,,,,,,,,,,,,,,,5.12583724307049,False,0.0018926648667342925,True,1,squared_epsilon_insensitive,0.008267080450623797,,,,,,,,,,,,,,,,,,,,,,,,,,,,,,,,,min/max
87,median,0.003145909671422029,True,polynomial,,,,,,,,,,,,,,,,,,,,,,,,,,,,,,,2,False,False,,,,,,,,,sgd,,,,,,,,,,,,,,,,,,,,,,,,,,,,,,,,,,,,,,,,,,,,,,,,,,,,,,,,,,,,,,,,,,,,,,,,,1.1154751316101943e-06,False,0.006276424097548576,0.038108446269937486,True,9.434769722730874e-09,invscaling,squared_epsilon_insensitive,305,elasticnet,0.45306002466009593,min/max
