idx,balancing:strategy,categorical_encoding:__choice__,categorical_encoding:one_hot_encoding:minimum_fraction,categorical_encoding:one_hot_encoding:use_minimum_fraction,classifier:__choice__,classifier:adaboost:algorithm,classifier:adaboost:learning_rate,classifier:adaboost:max_depth,classifier:adaboost:n_estimators,classifier:bernoulli_nb:alpha,classifier:bernoulli_nb:fit_prior,classifier:decision_tree:criterion,classifier:decision_tree:max_depth,classifier:decision_tree:max_features,classifier:decision_tree:max_leaf_nodes,classifier:decision_tree:min_impurity_decrease,classifier:decision_tree:min_samples_leaf,classifier:decision_tree:min_samples_split,classifier:decision_tree:min_weight_fraction_leaf,classifier:extra_trees:bootstrap,classifier:extra_trees:criterion,classifier:extra_trees:max_depth,classifier:extra_trees:max_features,classifier:extra_trees:max_leaf_nodes,classifier:extra_trees:min_impurity_decrease,classifier:extra_trees:min_samples_leaf,classifier:extra_trees:min_samples_split,classifier:extra_trees:min_weight_fraction_leaf,classifier:extra_trees:n_estimators,classifier:gradient_boosting:criterion,classifier:gradient_boosting:learning_rate,classifier:gradient_boosting:loss,classifier:gradient_boosting:max_depth,classifier:gradient_boosting:max_features,classifier:gradient_boosting:max_leaf_nodes,classifier:gradient_boosting:min_impurity_decrease,classifier:gradient_boosting:min_samples_leaf,classifier:gradient_boosting:min_samples_split,classifier:gradient_boosting:min_weight_fraction_leaf,classifier:gradient_boosting:n_estimators,classifier:gradient_boosting:subsample,classifier:k_nearest_neighbors:n_neighbors,classifier:k_nearest_neighbors:p,classifier:k_nearest_neighbors:weights,classifier:lda:n_components,classifier:lda:shrinkage,classifier:lda:shrinkage_factor,classifier:lda:tol,classifier:liblinear_svc:C,classifier:liblinear_svc:dual,classifier:liblinear_svc:fit_intercept,classifier:liblinear_svc:intercept_scaling,classifier:liblinear_svc:loss,classifier:liblinear_svc:multi_class,classifier:liblinear_svc:penalty,classifier:liblinear_svc:tol,classifier:libsvm_svc:C,classifier:libsvm_svc:coef0,classifier:libsvm_svc:degree,classifier:libsvm_svc:gamma,classifier:libsvm_svc:kernel,classifier:libsvm_svc:max_iter,classifier:libsvm_svc:shrinking,classifier:libsvm_svc:tol,classifier:multinomial_nb:alpha,classifier:multinomial_nb:fit_prior,classifier:passive_aggressive:C,classifier:passive_aggressive:average,classifier:passive_aggressive:fit_intercept,classifier:passive_aggressive:loss,classifier:passive_aggressive:tol,classifier:qda:reg_param,classifier:random_forest:bootstrap,classifier:random_forest:criterion,classifier:random_forest:max_depth,classifier:random_forest:max_features,classifier:random_forest:max_leaf_nodes,classifier:random_forest:min_impurity_decrease,classifier:random_forest:min_samples_leaf,classifier:random_forest:min_samples_split,classifier:random_forest:min_weight_fraction_leaf,classifier:random_forest:n_estimators,classifier:sgd:alpha,classifier:sgd:average,classifier:sgd:epsilon,classifier:sgd:eta0,classifier:sgd:fit_intercept,classifier:sgd:l1_ratio,classifier:sgd:learning_rate,classifier:sgd:loss,classifier:sgd:penalty,classifier:sgd:power_t,classifier:sgd:tol,imputation:strategy,preprocessor:__choice__,preprocessor:extra_trees_preproc_for_classification:bootstrap,preprocessor:extra_trees_preproc_for_classification:criterion,preprocessor:extra_trees_preproc_for_classification:max_depth,preprocessor:extra_trees_preproc_for_classification:max_features,preprocessor:extra_trees_preproc_for_classification:max_leaf_nodes,preprocessor:extra_trees_preproc_for_classification:min_impurity_decrease,preprocessor:extra_trees_preproc_for_classification:min_samples_leaf,preprocessor:extra_trees_preproc_for_classification:min_samples_split,preprocessor:extra_trees_preproc_for_classification:min_weight_fraction_leaf,preprocessor:extra_trees_preproc_for_classification:n_estimators,preprocessor:fast_ica:algorithm,preprocessor:fast_ica:fun,preprocessor:fast_ica:n_components,preprocessor:fast_ica:whiten,preprocessor:feature_agglomeration:affinity,preprocessor:feature_agglomeration:linkage,preprocessor:feature_agglomeration:n_clusters,preprocessor:feature_agglomeration:pooling_func,preprocessor:kernel_pca:coef0,preprocessor:kernel_pca:degree,preprocessor:kernel_pca:gamma,preprocessor:kernel_pca:kernel,preprocessor:kernel_pca:n_components,preprocessor:kitchen_sinks:gamma,preprocessor:kitchen_sinks:n_components,preprocessor:liblinear_svc_preprocessor:C,preprocessor:liblinear_svc_preprocessor:dual,preprocessor:liblinear_svc_preprocessor:fit_intercept,preprocessor:liblinear_svc_preprocessor:intercept_scaling,preprocessor:liblinear_svc_preprocessor:loss,preprocessor:liblinear_svc_preprocessor:multi_class,preprocessor:liblinear_svc_preprocessor:penalty,preprocessor:liblinear_svc_preprocessor:tol,preprocessor:nystroem_sampler:coef0,preprocessor:nystroem_sampler:degree,preprocessor:nystroem_sampler:gamma,preprocessor:nystroem_sampler:kernel,preprocessor:nystroem_sampler:n_components,preprocessor:pca:keep_variance,preprocessor:pca:whiten,preprocessor:polynomial:degree,preprocessor:polynomial:include_bias,preprocessor:polynomial:interaction_only,preprocessor:random_trees_embedding:bootstrap,preprocessor:random_trees_embedding:max_depth,preprocessor:random_trees_embedding:max_leaf_nodes,preprocessor:random_trees_embedding:min_samples_leaf,preprocessor:random_trees_embedding:min_samples_split,preprocessor:random_trees_embedding:min_weight_fraction_leaf,preprocessor:random_trees_embedding:n_estimators,preprocessor:select_percentile_classification:percentile,preprocessor:select_percentile_classification:score_func,preprocessor:select_rates:alpha,preprocessor:select_rates:mode,preprocessor:select_rates:score_func,rescaling:__choice__,rescaling:quantile_transformer:n_quantiles,rescaling:quantile_transformer:output_distribution,rescaling:robust_scaler:q_max,rescaling:robust_scaler:q_min
1,weighting,no_encoding,,,decision_tree,,,,,,,gini,1.821884814590433,1.0,None,0.0,3,12,0.0,,,,,,,,,,,,,,,,,,,,,,,,,,,,,,,,,,,,,,,,,,,,,,,,,,,,,,,,,,,,,,,,,,,,,,,,,,,median,select_rates,,,,,,,,,,,,,,,,,,,,,,,,,,,,,,,,,,,,,,,,,,,,,,,,,,,,,0.2930349562854553,fwe,f_classif,none,,,,
2,none,no_encoding,,,gradient_boosting,,,,,,,,,,,,,,,,,,,,,,,,,mse,0.03474109838999682,deviance,4,0.5687034678818491,None,0.0,18,12,0.0,408,0.5150113945430513,,,,,,,,,,,,,,,,,,,,,,,,,,,,,,,,,,,,,,,,,,,,,,,,,,,,,most_frequent,select_percentile_classification,,,,,,,,,,,,,,,,,,,,,,,,,,,,,,,,,,,,,,,,,,,,,,,,,,,92.63289395179382,f_classif,,,,standardize,,,,
3,none,one_hot_encoding,0.01,True,random_forest,,,,,,,,,,,,,,,,,,,,,,,,,,,,,,,,,,,,,,,,,,,,,,,,,,,,,,,,,,,,,,,,,,,,True,gini,None,0.5,None,0.0,1,2,0.0,100,,,,,,,,,,,,mean,no_preprocessing,,,,,,,,,,,,,,,,,,,,,,,,,,,,,,,,,,,,,,,,,,,,,,,,,,,,,,,,standardize,,,,
4,weighting,one_hot_encoding,0.001856820833094005,True,random_forest,,,,,,,,,,,,,,,,,,,,,,,,,,,,,,,,,,,,,,,,,,,,,,,,,,,,,,,,,,,,,,,,,,,,False,gini,None,0.7983157215145903,None,0.0,4,15,0.0,100,,,,,,,,,,,,mean,liblinear_svc_preprocessor,,,,,,,,,,,,,,,,,,,,,,,,,,0.4971515945303584,False,True,1,squared_hinge,ovr,l1,0.00010268311046018636,,,,,,,,,,,,,,,,,,,,,,,standardize,,,,
5,weighting,no_encoding,,,random_forest,,,,,,,,,,,,,,,,,,,,,,,,,,,,,,,,,,,,,,,,,,,,,,,,,,,,,,,,,,,,,,,,,,,,False,entropy,None,0.5368752992317617,None,0.0,16,11,0.0,100,,,,,,,,,,,,mean,select_percentile_classification,,,,,,,,,,,,,,,,,,,,,,,,,,,,,,,,,,,,,,,,,,,,,,,,,,,2.8382117756438676,mutual_info,,,,quantile_transformer,11480,normal,,
6,none,one_hot_encoding,0.01,True,random_forest,,,,,,,,,,,,,,,,,,,,,,,,,,,,,,,,,,,,,,,,,,,,,,,,,,,,,,,,,,,,,,,,,,,,True,gini,None,0.5,None,0.0,1,2,0.0,100,,,,,,,,,,,,mean,no_preprocessing,,,,,,,,,,,,,,,,,,,,,,,,,,,,,,,,,,,,,,,,,,,,,,,,,,,,,,,,standardize,,,,
7,none,one_hot_encoding,0.01,True,random_forest,,,,,,,,,,,,,,,,,,,,,,,,,,,,,,,,,,,,,,,,,,,,,,,,,,,,,,,,,,,,,,,,,,,,True,gini,None,0.5,None,0.0,1,2,0.0,100,,,,,,,,,,,,mean,no_preprocessing,,,,,,,,,,,,,,,,,,,,,,,,,,,,,,,,,,,,,,,,,,,,,,,,,,,,,,,,standardize,,,,
8,weighting,no_encoding,,,extra_trees,,,,,,,,,,,,,,,False,gini,None,0.6291601746046639,None,0.0,11,19,0.0,100,,,,,,,,,,,,,,,,,,,,,,,,,,,,,,,,,,,,,,,,,,,,,,,,,,,,,,,,,,,,,,,,,median,pca,,,,,,,,,,,,,,,,,,,,,,,,,,,,,,,,,,,,,,,0.7146659106968425,True,,,,,,,,,,,,,,,,none,,,,
9,none,one_hot_encoding,0.01,True,random_forest,,,,,,,,,,,,,,,,,,,,,,,,,,,,,,,,,,,,,,,,,,,,,,,,,,,,,,,,,,,,,,,,,,,,True,gini,None,0.5,None,0.0,1,2,0.0,100,,,,,,,,,,,,mean,no_preprocessing,,,,,,,,,,,,,,,,,,,,,,,,,,,,,,,,,,,,,,,,,,,,,,,,,,,,,,,,standardize,,,,
10,weighting,one_hot_encoding,0.010000000000000004,True,extra_trees,,,,,,,,,,,,,,,False,entropy,None,0.9954201822467588,None,0.0,4,14,0.0,100,,,,,,,,,,,,,,,,,,,,,,,,,,,,,,,,,,,,,,,,,,,,,,,,,,,,,,,,,,,,,,,,,mean,fast_ica,,,,,,,,,,,deflation,cube,,False,,,,,,,,,,,,,,,,,,,,,,,,,,,,,,,,,,,,,,,,,,robust_scaler,,,0.75,0.12964080341374423
11,none,one_hot_encoding,0.01,True,random_forest,,,,,,,,,,,,,,,,,,,,,,,,,,,,,,,,,,,,,,,,,,,,,,,,,,,,,,,,,,,,,,,,,,,,True,gini,None,0.5,None,0.0,1,2,0.0,100,,,,,,,,,,,,mean,no_preprocessing,,,,,,,,,,,,,,,,,,,,,,,,,,,,,,,,,,,,,,,,,,,,,,,,,,,,,,,,standardize,,,,
12,none,one_hot_encoding,0.01,True,random_forest,,,,,,,,,,,,,,,,,,,,,,,,,,,,,,,,,,,,,,,,,,,,,,,,,,,,,,,,,,,,,,,,,,,,True,gini,None,0.5,None,0.0,1,2,0.0,100,,,,,,,,,,,,mean,no_preprocessing,,,,,,,,,,,,,,,,,,,,,,,,,,,,,,,,,,,,,,,,,,,,,,,,,,,,,,,,standardize,,,,
13,none,one_hot_encoding,0.01,True,random_forest,,,,,,,,,,,,,,,,,,,,,,,,,,,,,,,,,,,,,,,,,,,,,,,,,,,,,,,,,,,,,,,,,,,,True,gini,None,0.5,None,0.0,1,2,0.0,100,,,,,,,,,,,,mean,no_preprocessing,,,,,,,,,,,,,,,,,,,,,,,,,,,,,,,,,,,,,,,,,,,,,,,,,,,,,,,,standardize,,,,
14,none,one_hot_encoding,0.01,True,random_forest,,,,,,,,,,,,,,,,,,,,,,,,,,,,,,,,,,,,,,,,,,,,,,,,,,,,,,,,,,,,,,,,,,,,True,gini,None,0.5,None,0.0,1,2,0.0,100,,,,,,,,,,,,mean,no_preprocessing,,,,,,,,,,,,,,,,,,,,,,,,,,,,,,,,,,,,,,,,,,,,,,,,,,,,,,,,standardize,,,,
15,none,no_encoding,,,gradient_boosting,,,,,,,,,,,,,,,,,,,,,,,,,friedman_mse,0.04093642460278944,deviance,7,0.5495014745530306,None,0.0,20,18,0.0,141,0.6905343807995293,,,,,,,,,,,,,,,,,,,,,,,,,,,,,,,,,,,,,,,,,,,,,,,,,,,,,most_frequent,polynomial,,,,,,,,,,,,,,,,,,,,,,,,,,,,,,,,,,,,,,,,,3,True,False,,,,,,,,,,,,,robust_scaler,,,0.75,0.25
16,none,one_hot_encoding,0.01,True,random_forest,,,,,,,,,,,,,,,,,,,,,,,,,,,,,,,,,,,,,,,,,,,,,,,,,,,,,,,,,,,,,,,,,,,,True,gini,None,0.5,None,0.0,1,2,0.0,100,,,,,,,,,,,,mean,no_preprocessing,,,,,,,,,,,,,,,,,,,,,,,,,,,,,,,,,,,,,,,,,,,,,,,,,,,,,,,,standardize,,,,
17,weighting,one_hot_encoding,0.00034835629696198427,True,gaussian_nb,,,,,,,,,,,,,,,,,,,,,,,,,,,,,,,,,,,,,,,,,,,,,,,,,,,,,,,,,,,,,,,,,,,,,,,,,,,,,,,,,,,,,,,,,mean,no_preprocessing,,,,,,,,,,,,,,,,,,,,,,,,,,,,,,,,,,,,,,,,,,,,,,,,,,,,,,,,robust_scaler,,,0.8245132980938538,0.08947420373097192
18,weighting,one_hot_encoding,,False,gradient_boosting,,,,,,,,,,,,,,,,,,,,,,,,,mse,0.1958974686405233,deviance,5,0.33885235607979314,None,0.0,6,4,0.0,125,0.9448890820738562,,,,,,,,,,,,,,,,,,,,,,,,,,,,,,,,,,,,,,,,,,,,,,,,,,,,,median,polynomial,,,,,,,,,,,,,,,,,,,,,,,,,,,,,,,,,,,,,,,,,2,False,False,,,,,,,,,,,,,none,,,,
19,weighting,one_hot_encoding,0.010000000000000004,True,extra_trees,,,,,,,,,,,,,,,False,gini,None,0.8495948473718509,None,0.0,19,12,0.0,100,,,,,,,,,,,,,,,,,,,,,,,,,,,,,,,,,,,,,,,,,,,,,,,,,,,,,,,,,,,,,,,,,median,feature_agglomeration,,,,,,,,,,,,,,,cosine,complete,173,mean,,,,,,,,,,,,,,,,,,,,,,,,,,,,,,,,,,,,,,robust_scaler,,,0.7360755084850574,0.13979965846112485
20,none,one_hot_encoding,0.00353232434213139,True,extra_trees,,,,,,,,,,,,,,,True,entropy,None,0.8709229440057928,None,0.0,3,13,0.0,100,,,,,,,,,,,,,,,,,,,,,,,,,,,,,,,,,,,,,,,,,,,,,,,,,,,,,,,,,,,,,,,,,mean,fast_ica,,,,,,,,,,,parallel,exp,,False,,,,,,,,,,,,,,,,,,,,,,,,,,,,,,,,,,,,,,,,,,robust_scaler,,,0.7446318916516063,0.23782974987118102
21,none,one_hot_encoding,0.00012586572428922356,True,random_forest,,,,,,,,,,,,,,,,,,,,,,,,,,,,,,,,,,,,,,,,,,,,,,,,,,,,,,,,,,,,,,,,,,,,True,gini,None,0.5240592829918601,None,0.0,10,16,0.0,100,,,,,,,,,,,,mean,no_preprocessing,,,,,,,,,,,,,,,,,,,,,,,,,,,,,,,,,,,,,,,,,,,,,,,,,,,,,,,,normalize,,,,
22,weighting,one_hot_encoding,0.03192699980429505,True,adaboost,SAMME.R,0.10000000000000002,1,50,,,,,,,,,,,,,,,,,,,,,,,,,,,,,,,,,,,,,,,,,,,,,,,,,,,,,,,,,,,,,,,,,,,,,,,,,,,,,,,,,,,,,mean,select_rates,,,,,,,,,,,,,,,,,,,,,,,,,,,,,,,,,,,,,,,,,,,,,,,,,,,,,0.1,fpr,chi2,quantile_transformer,8407,normal,,
23,none,one_hot_encoding,0.01,True,random_forest,,,,,,,,,,,,,,,,,,,,,,,,,,,,,,,,,,,,,,,,,,,,,,,,,,,,,,,,,,,,,,,,,,,,True,gini,None,0.5,None,0.0,1,2,0.0,100,,,,,,,,,,,,mean,no_preprocessing,,,,,,,,,,,,,,,,,,,,,,,,,,,,,,,,,,,,,,,,,,,,,,,,,,,,,,,,standardize,,,,
24,weighting,one_hot_encoding,0.031898383885633236,True,extra_trees,,,,,,,,,,,,,,,False,entropy,None,0.9284140023853044,None,0.0,19,8,0.0,100,,,,,,,,,,,,,,,,,,,,,,,,,,,,,,,,,,,,,,,,,,,,,,,,,,,,,,,,,,,,,,,,,mean,no_preprocessing,,,,,,,,,,,,,,,,,,,,,,,,,,,,,,,,,,,,,,,,,,,,,,,,,,,,,,,,quantile_transformer,20571,uniform,,
25,weighting,no_encoding,,,extra_trees,,,,,,,,,,,,,,,False,entropy,None,0.9541039630394388,None,0.0,16,14,0.0,100,,,,,,,,,,,,,,,,,,,,,,,,,,,,,,,,,,,,,,,,,,,,,,,,,,,,,,,,,,,,,,,,,most_frequent,extra_trees_preproc_for_classification,True,entropy,None,0.9082628722828775,None,0.0,2,18,0.0,100,,,,,,,,,,,,,,,,,,,,,,,,,,,,,,,,,,,,,,,,,,,,,,none,,,,
26,none,one_hot_encoding,0.01,True,random_forest,,,,,,,,,,,,,,,,,,,,,,,,,,,,,,,,,,,,,,,,,,,,,,,,,,,,,,,,,,,,,,,,,,,,True,gini,None,0.5,None,0.0,1,2,0.0,100,,,,,,,,,,,,mean,no_preprocessing,,,,,,,,,,,,,,,,,,,,,,,,,,,,,,,,,,,,,,,,,,,,,,,,,,,,,,,,standardize,,,,
27,none,one_hot_encoding,0.01,True,random_forest,,,,,,,,,,,,,,,,,,,,,,,,,,,,,,,,,,,,,,,,,,,,,,,,,,,,,,,,,,,,,,,,,,,,True,gini,None,0.5,None,0.0,1,2,0.0,100,,,,,,,,,,,,mean,no_preprocessing,,,,,,,,,,,,,,,,,,,,,,,,,,,,,,,,,,,,,,,,,,,,,,,,,,,,,,,,standardize,,,,
28,weighting,one_hot_encoding,,False,extra_trees,,,,,,,,,,,,,,,False,gini,None,0.609975998293528,None,0.0,1,2,0.0,100,,,,,,,,,,,,,,,,,,,,,,,,,,,,,,,,,,,,,,,,,,,,,,,,,,,,,,,,,,,,,,,,,most_frequent,fast_ica,,,,,,,,,,,parallel,logcosh,2000,True,,,,,,,,,,,,,,,,,,,,,,,,,,,,,,,,,,,,,,,,,,robust_scaler,,,0.8430415644014919,0.2863750565331575
29,weighting,no_encoding,,,liblinear_svc,,,,,,,,,,,,,,,,,,,,,,,,,,,,,,,,,,,,,,,,,,,,751.7276898356944,False,True,1,squared_hinge,ovr,l2,2.0336913984983302e-05,,,,,,,,,,,,,,,,,,,,,,,,,,,,,,,,,,,,,,mean,fast_ica,,,,,,,,,,,deflation,cube,,False,,,,,,,,,,,,,,,,,,,,,,,,,,,,,,,,,,,,,,,,,,none,,,,
30,weighting,one_hot_encoding,0.06015518601232588,True,extra_trees,,,,,,,,,,,,,,,True,entropy,None,0.3163640203509378,None,0.0,16,20,0.0,100,,,,,,,,,,,,,,,,,,,,,,,,,,,,,,,,,,,,,,,,,,,,,,,,,,,,,,,,,,,,,,,,,median,random_trees_embedding,,,,,,,,,,,,,,,,,,,,,,,,,,,,,,,,,,,,,,,,,,,,False,2,None,11,20,1.0,47,,,,,,quantile_transformer,21065,uniform,,
31,none,one_hot_encoding,0.01,True,random_forest,,,,,,,,,,,,,,,,,,,,,,,,,,,,,,,,,,,,,,,,,,,,,,,,,,,,,,,,,,,,,,,,,,,,True,gini,None,0.5,None,0.0,1,2,0.0,100,,,,,,,,,,,,mean,no_preprocessing,,,,,,,,,,,,,,,,,,,,,,,,,,,,,,,,,,,,,,,,,,,,,,,,,,,,,,,,standardize,,,,
32,none,one_hot_encoding,0.01,True,random_forest,,,,,,,,,,,,,,,,,,,,,,,,,,,,,,,,,,,,,,,,,,,,,,,,,,,,,,,,,,,,,,,,,,,,True,gini,None,0.5,None,0.0,1,2,0.0,100,,,,,,,,,,,,mean,no_preprocessing,,,,,,,,,,,,,,,,,,,,,,,,,,,,,,,,,,,,,,,,,,,,,,,,,,,,,,,,standardize,,,,
33,none,one_hot_encoding,0.01,True,random_forest,,,,,,,,,,,,,,,,,,,,,,,,,,,,,,,,,,,,,,,,,,,,,,,,,,,,,,,,,,,,,,,,,,,,True,gini,None,0.5,None,0.0,1,2,0.0,100,,,,,,,,,,,,mean,no_preprocessing,,,,,,,,,,,,,,,,,,,,,,,,,,,,,,,,,,,,,,,,,,,,,,,,,,,,,,,,standardize,,,,
34,none,one_hot_encoding,0.01,True,random_forest,,,,,,,,,,,,,,,,,,,,,,,,,,,,,,,,,,,,,,,,,,,,,,,,,,,,,,,,,,,,,,,,,,,,True,gini,None,0.5,None,0.0,1,2,0.0,100,,,,,,,,,,,,mean,no_preprocessing,,,,,,,,,,,,,,,,,,,,,,,,,,,,,,,,,,,,,,,,,,,,,,,,,,,,,,,,standardize,,,,
35,none,one_hot_encoding,,False,random_forest,,,,,,,,,,,,,,,,,,,,,,,,,,,,,,,,,,,,,,,,,,,,,,,,,,,,,,,,,,,,,,,,,,,,True,gini,None,0.9260795160807372,None,0.0,17,7,0.0,100,,,,,,,,,,,,mean,no_preprocessing,,,,,,,,,,,,,,,,,,,,,,,,,,,,,,,,,,,,,,,,,,,,,,,,,,,,,,,,minmax,,,,
36,none,one_hot_encoding,,False,libsvm_svc,,,,,,,,,,,,,,,,,,,,,,,,,,,,,,,,,,,,,,,,,,,,,,,,,,,,6.342897164595882,,,0.2229870623330047,rbf,-1,False,2.006345264381097e-05,,,,,,,,,,,,,,,,,,,,,,,,,,,,,,most_frequent,no_preprocessing,,,,,,,,,,,,,,,,,,,,,,,,,,,,,,,,,,,,,,,,,,,,,,,,,,,,,,,,standardize,,,,
37,none,one_hot_encoding,0.01,True,random_forest,,,,,,,,,,,,,,,,,,,,,,,,,,,,,,,,,,,,,,,,,,,,,,,,,,,,,,,,,,,,,,,,,,,,True,gini,None,0.5,None,0.0,1,2,0.0,100,,,,,,,,,,,,mean,no_preprocessing,,,,,,,,,,,,,,,,,,,,,,,,,,,,,,,,,,,,,,,,,,,,,,,,,,,,,,,,standardize,,,,
38,none,one_hot_encoding,0.01,True,random_forest,,,,,,,,,,,,,,,,,,,,,,,,,,,,,,,,,,,,,,,,,,,,,,,,,,,,,,,,,,,,,,,,,,,,True,gini,None,0.5,None,0.0,1,2,0.0,100,,,,,,,,,,,,mean,no_preprocessing,,,,,,,,,,,,,,,,,,,,,,,,,,,,,,,,,,,,,,,,,,,,,,,,,,,,,,,,standardize,,,,
39,weighting,one_hot_encoding,0.00016967940959070708,True,extra_trees,,,,,,,,,,,,,,,False,entropy,None,0.9439080311935253,None,0.0,2,8,0.0,100,,,,,,,,,,,,,,,,,,,,,,,,,,,,,,,,,,,,,,,,,,,,,,,,,,,,,,,,,,,,,,,,,mean,polynomial,,,,,,,,,,,,,,,,,,,,,,,,,,,,,,,,,,,,,,,,,2,True,False,,,,,,,,,,,,,standardize,,,,
40,weighting,no_encoding,,,multinomial_nb,,,,,,,,,,,,,,,,,,,,,,,,,,,,,,,,,,,,,,,,,,,,,,,,,,,,,,,,,,,,3.159004432545846,True,,,,,,,,,,,,,,,,,,,,,,,,,,,,mean,select_percentile_classification,,,,,,,,,,,,,,,,,,,,,,,,,,,,,,,,,,,,,,,,,,,,,,,,,,,66.89874989654642,chi2,,,,robust_scaler,,,0.859256110723552,0.2759054267310719
41,none,one_hot_encoding,0.01,True,random_forest,,,,,,,,,,,,,,,,,,,,,,,,,,,,,,,,,,,,,,,,,,,,,,,,,,,,,,,,,,,,,,,,,,,,True,gini,None,0.5,None,0.0,1,2,0.0,100,,,,,,,,,,,,mean,no_preprocessing,,,,,,,,,,,,,,,,,,,,,,,,,,,,,,,,,,,,,,,,,,,,,,,,,,,,,,,,standardize,,,,
42,weighting,no_encoding,,,extra_trees,,,,,,,,,,,,,,,True,entropy,None,0.9188519169916218,None,0.0,1,5,0.0,100,,,,,,,,,,,,,,,,,,,,,,,,,,,,,,,,,,,,,,,,,,,,,,,,,,,,,,,,,,,,,,,,,median,fast_ica,,,,,,,,,,,parallel,cube,306,True,,,,,,,,,,,,,,,,,,,,,,,,,,,,,,,,,,,,,,,,,,standardize,,,,
43,weighting,no_encoding,,,k_nearest_neighbors,,,,,,,,,,,,,,,,,,,,,,,,,,,,,,,,,,,,,59,1,distance,,,,,,,,,,,,,,,,,,,,,,,,,,,,,,,,,,,,,,,,,,,,,,,,,,most_frequent,liblinear_svc_preprocessor,,,,,,,,,,,,,,,,,,,,,,,,,,8074.423891892491,False,True,1,squared_hinge,ovr,l1,0.003592235404478327,,,,,,,,,,,,,,,,,,,,,,,standardize,,,,
44,weighting,one_hot_encoding,0.3837398524575939,True,gradient_boosting,,,,,,,,,,,,,,,,,,,,,,,,,mse,0.018356703878357986,deviance,3,0.9690352514774068,None,0.0,12,3,0.0,234,0.3870344708308441,,,,,,,,,,,,,,,,,,,,,,,,,,,,,,,,,,,,,,,,,,,,,,,,,,,,,most_frequent,polynomial,,,,,,,,,,,,,,,,,,,,,,,,,,,,,,,,,,,,,,,,,2,False,True,,,,,,,,,,,,,minmax,,,,
45,weighting,one_hot_encoding,,False,random_forest,,,,,,,,,,,,,,,,,,,,,,,,,,,,,,,,,,,,,,,,,,,,,,,,,,,,,,,,,,,,,,,,,,,,False,entropy,None,0.49329965447606194,None,0.0,2,20,0.0,100,,,,,,,,,,,,mean,feature_agglomeration,,,,,,,,,,,,,,,manhattan,average,340,median,,,,,,,,,,,,,,,,,,,,,,,,,,,,,,,,,,,,,,standardize,,,,
46,weighting,no_encoding,,,gradient_boosting,,,,,,,,,,,,,,,,,,,,,,,,,mse,0.12713527337147906,deviance,4,0.6041596127474019,None,0.0,14,17,0.0,83,0.8426859880999615,,,,,,,,,,,,,,,,,,,,,,,,,,,,,,,,,,,,,,,,,,,,,,,,,,,,,mean,no_preprocessing,,,,,,,,,,,,,,,,,,,,,,,,,,,,,,,,,,,,,,,,,,,,,,,,,,,,,,,,minmax,,,,
47,none,one_hot_encoding,0.01,True,random_forest,,,,,,,,,,,,,,,,,,,,,,,,,,,,,,,,,,,,,,,,,,,,,,,,,,,,,,,,,,,,,,,,,,,,True,gini,None,0.5,None,0.0,1,2,0.0,100,,,,,,,,,,,,mean,no_preprocessing,,,,,,,,,,,,,,,,,,,,,,,,,,,,,,,,,,,,,,,,,,,,,,,,,,,,,,,,standardize,,,,
48,weighting,one_hot_encoding,,False,random_forest,,,,,,,,,,,,,,,,,,,,,,,,,,,,,,,,,,,,,,,,,,,,,,,,,,,,,,,,,,,,,,,,,,,,False,gini,None,0.7983157215145903,None,0.0,4,15,0.0,100,,,,,,,,,,,,most_frequent,select_percentile_classification,,,,,,,,,,,,,,,,,,,,,,,,,,,,,,,,,,,,,,,,,,,,,,,,,,,50.0,chi2,,,,standardize,,,,
49,none,one_hot_encoding,0.06126751481740331,True,passive_aggressive,,,,,,,,,,,,,,,,,,,,,,,,,,,,,,,,,,,,,,,,,,,,,,,,,,,,,,,,,,,,,,0.00041820552318733856,True,True,hinge,0.0007969587715456845,,,,,,,,,,,,,,,,,,,,,,,median,pca,,,,,,,,,,,,,,,,,,,,,,,,,,,,,,,,,,,,,,,0.9447144786798995,False,,,,,,,,,,,,,,,,standardize,,,,
50,none,one_hot_encoding,0.01,True,random_forest,,,,,,,,,,,,,,,,,,,,,,,,,,,,,,,,,,,,,,,,,,,,,,,,,,,,,,,,,,,,,,,,,,,,True,gini,None,0.5,None,0.0,1,2,0.0,100,,,,,,,,,,,,mean,no_preprocessing,,,,,,,,,,,,,,,,,,,,,,,,,,,,,,,,,,,,,,,,,,,,,,,,,,,,,,,,standardize,,,,
51,weighting,no_encoding,,,passive_aggressive,,,,,,,,,,,,,,,,,,,,,,,,,,,,,,,,,,,,,,,,,,,,,,,,,,,,,,,,,,,,,,6.96834823420249e-05,False,True,hinge,0.00016639250831671168,,,,,,,,,,,,,,,,,,,,,,,most_frequent,select_percentile_classification,,,,,,,,,,,,,,,,,,,,,,,,,,,,,,,,,,,,,,,,,,,,,,,,,,,11.628430584359224,mutual_info,,,,quantile_transformer,6634,normal,,
52,none,one_hot_encoding,0.01,True,random_forest,,,,,,,,,,,,,,,,,,,,,,,,,,,,,,,,,,,,,,,,,,,,,,,,,,,,,,,,,,,,,,,,,,,,True,gini,None,0.5,None,0.0,1,2,0.0,100,,,,,,,,,,,,mean,no_preprocessing,,,,,,,,,,,,,,,,,,,,,,,,,,,,,,,,,,,,,,,,,,,,,,,,,,,,,,,,standardize,,,,
53,none,one_hot_encoding,0.01,True,random_forest,,,,,,,,,,,,,,,,,,,,,,,,,,,,,,,,,,,,,,,,,,,,,,,,,,,,,,,,,,,,,,,,,,,,True,gini,None,0.5,None,0.0,1,2,0.0,100,,,,,,,,,,,,mean,no_preprocessing,,,,,,,,,,,,,,,,,,,,,,,,,,,,,,,,,,,,,,,,,,,,,,,,,,,,,,,,standardize,,,,
54,none,one_hot_encoding,0.01,True,random_forest,,,,,,,,,,,,,,,,,,,,,,,,,,,,,,,,,,,,,,,,,,,,,,,,,,,,,,,,,,,,,,,,,,,,True,gini,None,0.5,None,0.0,1,2,0.0,100,,,,,,,,,,,,mean,no_preprocessing,,,,,,,,,,,,,,,,,,,,,,,,,,,,,,,,,,,,,,,,,,,,,,,,,,,,,,,,standardize,,,,
55,weighting,one_hot_encoding,0.41094614430753584,True,random_forest,,,,,,,,,,,,,,,,,,,,,,,,,,,,,,,,,,,,,,,,,,,,,,,,,,,,,,,,,,,,,,,,,,,,True,gini,None,0.5686453602598863,None,0.0,1,2,0.0,100,,,,,,,,,,,,most_frequent,no_preprocessing,,,,,,,,,,,,,,,,,,,,,,,,,,,,,,,,,,,,,,,,,,,,,,,,,,,,,,,,standardize,,,,
56,none,one_hot_encoding,0.01,True,random_forest,,,,,,,,,,,,,,,,,,,,,,,,,,,,,,,,,,,,,,,,,,,,,,,,,,,,,,,,,,,,,,,,,,,,True,gini,None,0.5,None,0.0,1,2,0.0,100,,,,,,,,,,,,mean,no_preprocessing,,,,,,,,,,,,,,,,,,,,,,,,,,,,,,,,,,,,,,,,,,,,,,,,,,,,,,,,standardize,,,,
57,none,no_encoding,,,gradient_boosting,,,,,,,,,,,,,,,,,,,,,,,,,friedman_mse,0.25185682718144353,deviance,7,0.9252293870435426,None,0.0,5,8,0.0,309,0.9923577831919878,,,,,,,,,,,,,,,,,,,,,,,,,,,,,,,,,,,,,,,,,,,,,,,,,,,,,mean,polynomial,,,,,,,,,,,,,,,,,,,,,,,,,,,,,,,,,,,,,,,,,2,False,False,,,,,,,,,,,,,normalize,,,,
58,none,one_hot_encoding,0.01,True,random_forest,,,,,,,,,,,,,,,,,,,,,,,,,,,,,,,,,,,,,,,,,,,,,,,,,,,,,,,,,,,,,,,,,,,,True,gini,None,0.5,None,0.0,1,2,0.0,100,,,,,,,,,,,,mean,no_preprocessing,,,,,,,,,,,,,,,,,,,,,,,,,,,,,,,,,,,,,,,,,,,,,,,,,,,,,,,,standardize,,,,
59,none,no_encoding,,,k_nearest_neighbors,,,,,,,,,,,,,,,,,,,,,,,,,,,,,,,,,,,,,1,2,uniform,,,,,,,,,,,,,,,,,,,,,,,,,,,,,,,,,,,,,,,,,,,,,,,,,,mean,no_preprocessing,,,,,,,,,,,,,,,,,,,,,,,,,,,,,,,,,,,,,,,,,,,,,,,,,,,,,,,,standardize,,,,
60,none,one_hot_encoding,0.0018037858350872134,True,gradient_boosting,,,,,,,,,,,,,,,,,,,,,,,,,friedman_mse,0.1075752886620514,deviance,7,0.9041944194819347,None,0.0,6,20,0.0,454,0.6635283542555824,,,,,,,,,,,,,,,,,,,,,,,,,,,,,,,,,,,,,,,,,,,,,,,,,,,,,mean,no_preprocessing,,,,,,,,,,,,,,,,,,,,,,,,,,,,,,,,,,,,,,,,,,,,,,,,,,,,,,,,none,,,,
61,none,one_hot_encoding,0.01,True,random_forest,,,,,,,,,,,,,,,,,,,,,,,,,,,,,,,,,,,,,,,,,,,,,,,,,,,,,,,,,,,,,,,,,,,,True,gini,None,0.5,None,0.0,1,2,0.0,100,,,,,,,,,,,,mean,no_preprocessing,,,,,,,,,,,,,,,,,,,,,,,,,,,,,,,,,,,,,,,,,,,,,,,,,,,,,,,,standardize,,,,
62,weighting,one_hot_encoding,0.001856820833094005,True,random_forest,,,,,,,,,,,,,,,,,,,,,,,,,,,,,,,,,,,,,,,,,,,,,,,,,,,,,,,,,,,,,,,,,,,,False,gini,None,0.7983157215145903,None,0.0,4,15,0.0,100,,,,,,,,,,,,mean,liblinear_svc_preprocessor,,,,,,,,,,,,,,,,,,,,,,,,,,0.4971515945303584,False,True,1,squared_hinge,ovr,l1,0.00010268311046018636,,,,,,,,,,,,,,,,,,,,,,,standardize,,,,
63,none,one_hot_encoding,0.01,True,random_forest,,,,,,,,,,,,,,,,,,,,,,,,,,,,,,,,,,,,,,,,,,,,,,,,,,,,,,,,,,,,,,,,,,,,True,gini,None,0.5,None,0.0,1,2,0.0,100,,,,,,,,,,,,mean,no_preprocessing,,,,,,,,,,,,,,,,,,,,,,,,,,,,,,,,,,,,,,,,,,,,,,,,,,,,,,,,standardize,,,,
64,weighting,one_hot_encoding,0.0020580843703898177,True,extra_trees,,,,,,,,,,,,,,,False,entropy,None,0.9457745734341919,None,0.0,19,14,0.0,100,,,,,,,,,,,,,,,,,,,,,,,,,,,,,,,,,,,,,,,,,,,,,,,,,,,,,,,,,,,,,,,,,median,fast_ica,,,,,,,,,,,deflation,logcosh,,False,,,,,,,,,,,,,,,,,,,,,,,,,,,,,,,,,,,,,,,,,,quantile_transformer,15209,normal,,
65,none,one_hot_encoding,0.01,True,random_forest,,,,,,,,,,,,,,,,,,,,,,,,,,,,,,,,,,,,,,,,,,,,,,,,,,,,,,,,,,,,,,,,,,,,True,gini,None,0.5,None,0.0,1,2,0.0,100,,,,,,,,,,,,mean,no_preprocessing,,,,,,,,,,,,,,,,,,,,,,,,,,,,,,,,,,,,,,,,,,,,,,,,,,,,,,,,standardize,,,,
66,none,one_hot_encoding,0.01,True,random_forest,,,,,,,,,,,,,,,,,,,,,,,,,,,,,,,,,,,,,,,,,,,,,,,,,,,,,,,,,,,,,,,,,,,,True,gini,None,0.5,None,0.0,1,2,0.0,100,,,,,,,,,,,,mean,no_preprocessing,,,,,,,,,,,,,,,,,,,,,,,,,,,,,,,,,,,,,,,,,,,,,,,,,,,,,,,,standardize,,,,
67,none,one_hot_encoding,,False,extra_trees,,,,,,,,,,,,,,,False,gini,None,0.5,None,0.0,1,2,0.0,100,,,,,,,,,,,,,,,,,,,,,,,,,,,,,,,,,,,,,,,,,,,,,,,,,,,,,,,,,,,,,,,,,mean,polynomial,,,,,,,,,,,,,,,,,,,,,,,,,,,,,,,,,,,,,,,,,3,False,True,,,,,,,,,,,,,standardize,,,,
68,weighting,one_hot_encoding,,False,extra_trees,,,,,,,,,,,,,,,True,gini,None,0.6025857717358056,None,0.0,16,19,0.0,100,,,,,,,,,,,,,,,,,,,,,,,,,,,,,,,,,,,,,,,,,,,,,,,,,,,,,,,,,,,,,,,,,most_frequent,no_preprocessing,,,,,,,,,,,,,,,,,,,,,,,,,,,,,,,,,,,,,,,,,,,,,,,,,,,,,,,,standardize,,,,
69,none,one_hot_encoding,0.01,True,random_forest,,,,,,,,,,,,,,,,,,,,,,,,,,,,,,,,,,,,,,,,,,,,,,,,,,,,,,,,,,,,,,,,,,,,True,gini,None,0.5,None,0.0,1,2,0.0,100,,,,,,,,,,,,mean,no_preprocessing,,,,,,,,,,,,,,,,,,,,,,,,,,,,,,,,,,,,,,,,,,,,,,,,,,,,,,,,standardize,,,,
70,weighting,one_hot_encoding,0.002615346832354839,True,random_forest,,,,,,,,,,,,,,,,,,,,,,,,,,,,,,,,,,,,,,,,,,,,,,,,,,,,,,,,,,,,,,,,,,,,True,entropy,None,0.7884268823432835,None,0.0,20,15,0.0,100,,,,,,,,,,,,most_frequent,no_preprocessing,,,,,,,,,,,,,,,,,,,,,,,,,,,,,,,,,,,,,,,,,,,,,,,,,,,,,,,,quantile_transformer,1000,uniform,,
71,none,one_hot_encoding,,False,gradient_boosting,,,,,,,,,,,,,,,,,,,,,,,,,friedman_mse,0.24729845478857812,deviance,3,0.6564306719064884,None,0.0,15,14,0.0,220,0.8082564085714649,,,,,,,,,,,,,,,,,,,,,,,,,,,,,,,,,,,,,,,,,,,,,,,,,,,,,median,feature_agglomeration,,,,,,,,,,,,,,,euclidean,complete,332,max,,,,,,,,,,,,,,,,,,,,,,,,,,,,,,,,,,,,,,quantile_transformer,1000,uniform,,
72,none,one_hot_encoding,,False,decision_tree,,,,,,,gini,1.9629324531036463,1.0,None,0.0,13,20,0.0,,,,,,,,,,,,,,,,,,,,,,,,,,,,,,,,,,,,,,,,,,,,,,,,,,,,,,,,,,,,,,,,,,,,,,,,,,,mean,no_preprocessing,,,,,,,,,,,,,,,,,,,,,,,,,,,,,,,,,,,,,,,,,,,,,,,,,,,,,,,,minmax,,,,
73,weighting,one_hot_encoding,0.001532792329695102,True,extra_trees,,,,,,,,,,,,,,,True,entropy,None,0.712362002844248,None,0.0,16,15,0.0,100,,,,,,,,,,,,,,,,,,,,,,,,,,,,,,,,,,,,,,,,,,,,,,,,,,,,,,,,,,,,,,,,,mean,extra_trees_preproc_for_classification,False,gini,None,0.5,None,0.0,1,2,0.0,100,,,,,,,,,,,,,,,,,,,,,,,,,,,,,,,,,,,,,,,,,,,,,,standardize,,,,
74,none,one_hot_encoding,0.01,True,random_forest,,,,,,,,,,,,,,,,,,,,,,,,,,,,,,,,,,,,,,,,,,,,,,,,,,,,,,,,,,,,,,,,,,,,True,gini,None,0.5,None,0.0,1,2,0.0,100,,,,,,,,,,,,mean,no_preprocessing,,,,,,,,,,,,,,,,,,,,,,,,,,,,,,,,,,,,,,,,,,,,,,,,,,,,,,,,standardize,,,,
75,none,one_hot_encoding,0.01,True,random_forest,,,,,,,,,,,,,,,,,,,,,,,,,,,,,,,,,,,,,,,,,,,,,,,,,,,,,,,,,,,,,,,,,,,,True,gini,None,0.5,None,0.0,1,2,0.0,100,,,,,,,,,,,,mean,no_preprocessing,,,,,,,,,,,,,,,,,,,,,,,,,,,,,,,,,,,,,,,,,,,,,,,,,,,,,,,,standardize,,,,
76,none,one_hot_encoding,0.01,True,random_forest,,,,,,,,,,,,,,,,,,,,,,,,,,,,,,,,,,,,,,,,,,,,,,,,,,,,,,,,,,,,,,,,,,,,True,gini,None,0.5,None,0.0,1,2,0.0,100,,,,,,,,,,,,mean,no_preprocessing,,,,,,,,,,,,,,,,,,,,,,,,,,,,,,,,,,,,,,,,,,,,,,,,,,,,,,,,standardize,,,,
77,none,one_hot_encoding,0.01,True,random_forest,,,,,,,,,,,,,,,,,,,,,,,,,,,,,,,,,,,,,,,,,,,,,,,,,,,,,,,,,,,,,,,,,,,,True,gini,None,0.5,None,0.0,1,2,0.0,100,,,,,,,,,,,,mean,no_preprocessing,,,,,,,,,,,,,,,,,,,,,,,,,,,,,,,,,,,,,,,,,,,,,,,,,,,,,,,,standardize,,,,
78,none,one_hot_encoding,0.01,True,random_forest,,,,,,,,,,,,,,,,,,,,,,,,,,,,,,,,,,,,,,,,,,,,,,,,,,,,,,,,,,,,,,,,,,,,True,gini,None,0.5,None,0.0,1,2,0.0,100,,,,,,,,,,,,mean,no_preprocessing,,,,,,,,,,,,,,,,,,,,,,,,,,,,,,,,,,,,,,,,,,,,,,,,,,,,,,,,standardize,,,,
79,weighting,no_encoding,,,gradient_boosting,,,,,,,,,,,,,,,,,,,,,,,,,friedman_mse,0.19998727075532635,deviance,10,0.9377656718112951,None,0.0,7,13,0.0,214,0.6062346326014357,,,,,,,,,,,,,,,,,,,,,,,,,,,,,,,,,,,,,,,,,,,,,,,,,,,,,median,polynomial,,,,,,,,,,,,,,,,,,,,,,,,,,,,,,,,,,,,,,,,,3,True,False,,,,,,,,,,,,,minmax,,,,
80,weighting,one_hot_encoding,0.000738320402221022,True,gaussian_nb,,,,,,,,,,,,,,,,,,,,,,,,,,,,,,,,,,,,,,,,,,,,,,,,,,,,,,,,,,,,,,,,,,,,,,,,,,,,,,,,,,,,,,,,,median,liblinear_svc_preprocessor,,,,,,,,,,,,,,,,,,,,,,,,,,0.854322697199371,False,True,1,squared_hinge,ovr,l1,0.00013359426815085846,,,,,,,,,,,,,,,,,,,,,,,quantile_transformer,30,normal,,
81,none,one_hot_encoding,0.01,True,random_forest,,,,,,,,,,,,,,,,,,,,,,,,,,,,,,,,,,,,,,,,,,,,,,,,,,,,,,,,,,,,,,,,,,,,True,gini,None,0.5,None,0.0,1,2,0.0,100,,,,,,,,,,,,mean,no_preprocessing,,,,,,,,,,,,,,,,,,,,,,,,,,,,,,,,,,,,,,,,,,,,,,,,,,,,,,,,standardize,,,,
82,none,one_hot_encoding,0.01,True,random_forest,,,,,,,,,,,,,,,,,,,,,,,,,,,,,,,,,,,,,,,,,,,,,,,,,,,,,,,,,,,,,,,,,,,,True,gini,None,0.5,None,0.0,1,2,0.0,100,,,,,,,,,,,,mean,no_preprocessing,,,,,,,,,,,,,,,,,,,,,,,,,,,,,,,,,,,,,,,,,,,,,,,,,,,,,,,,standardize,,,,
83,none,one_hot_encoding,0.01,True,random_forest,,,,,,,,,,,,,,,,,,,,,,,,,,,,,,,,,,,,,,,,,,,,,,,,,,,,,,,,,,,,,,,,,,,,True,gini,None,0.5,None,0.0,1,2,0.0,100,,,,,,,,,,,,mean,no_preprocessing,,,,,,,,,,,,,,,,,,,,,,,,,,,,,,,,,,,,,,,,,,,,,,,,,,,,,,,,standardize,,,,
84,weighting,one_hot_encoding,0.0006290513932903491,True,random_forest,,,,,,,,,,,,,,,,,,,,,,,,,,,,,,,,,,,,,,,,,,,,,,,,,,,,,,,,,,,,,,,,,,,,False,entropy,None,0.8680626684393846,None,0.0,9,18,0.0,100,,,,,,,,,,,,median,no_preprocessing,,,,,,,,,,,,,,,,,,,,,,,,,,,,,,,,,,,,,,,,,,,,,,,,,,,,,,,,quantile_transformer,54639,normal,,
