idx,balancing:strategy,classifier:__choice__,classifier:adaboost:algorithm,classifier:adaboost:learning_rate,classifier:adaboost:max_depth,classifier:adaboost:n_estimators,classifier:bernoulli_nb:alpha,classifier:bernoulli_nb:fit_prior,classifier:decision_tree:criterion,classifier:decision_tree:max_depth,classifier:decision_tree:max_features,classifier:decision_tree:max_leaf_nodes,classifier:decision_tree:min_samples_leaf,classifier:decision_tree:min_samples_split,classifier:decision_tree:min_weight_fraction_leaf,classifier:decision_tree:splitter,classifier:extra_trees:bootstrap,classifier:extra_trees:criterion,classifier:extra_trees:max_depth,classifier:extra_trees:max_features,classifier:extra_trees:min_samples_leaf,classifier:extra_trees:min_samples_split,classifier:extra_trees:min_weight_fraction_leaf,classifier:extra_trees:n_estimators,classifier:gradient_boosting:learning_rate,classifier:gradient_boosting:loss,classifier:gradient_boosting:max_depth,classifier:gradient_boosting:max_features,classifier:gradient_boosting:max_leaf_nodes,classifier:gradient_boosting:min_samples_leaf,classifier:gradient_boosting:min_samples_split,classifier:gradient_boosting:min_weight_fraction_leaf,classifier:gradient_boosting:n_estimators,classifier:gradient_boosting:subsample,classifier:k_nearest_neighbors:n_neighbors,classifier:k_nearest_neighbors:p,classifier:k_nearest_neighbors:weights,classifier:lda:n_components,classifier:lda:shrinkage,classifier:lda:shrinkage_factor,classifier:lda:tol,classifier:liblinear_svc:C,classifier:liblinear_svc:dual,classifier:liblinear_svc:fit_intercept,classifier:liblinear_svc:intercept_scaling,classifier:liblinear_svc:loss,classifier:liblinear_svc:multi_class,classifier:liblinear_svc:penalty,classifier:liblinear_svc:tol,classifier:libsvm_svc:C,classifier:libsvm_svc:coef0,classifier:libsvm_svc:degree,classifier:libsvm_svc:gamma,classifier:libsvm_svc:kernel,classifier:libsvm_svc:max_iter,classifier:libsvm_svc:shrinking,classifier:libsvm_svc:tol,classifier:logreg:C,classifier:logreg:tol,classifier:multinomial_nb:alpha,classifier:multinomial_nb:fit_prior,classifier:passive_aggressive:C,classifier:passive_aggressive:fit_intercept,classifier:passive_aggressive:loss,classifier:passive_aggressive:n_iter,classifier:proj_logit:max_epochs,classifier:qda:reg_param,classifier:random_forest:bootstrap,classifier:random_forest:criterion,classifier:random_forest:max_depth,classifier:random_forest:max_features,classifier:random_forest:max_leaf_nodes,classifier:random_forest:min_samples_leaf,classifier:random_forest:min_samples_split,classifier:random_forest:min_weight_fraction_leaf,classifier:random_forest:n_estimators,classifier:sgd:alpha,classifier:sgd:average,classifier:sgd:epsilon,classifier:sgd:eta0,classifier:sgd:fit_intercept,classifier:sgd:l1_ratio,classifier:sgd:learning_rate,classifier:sgd:loss,classifier:sgd:n_iter,classifier:sgd:penalty,classifier:sgd:power_t,classifier:xgradient_boosting:base_score,classifier:xgradient_boosting:colsample_bylevel,classifier:xgradient_boosting:colsample_bytree,classifier:xgradient_boosting:gamma,classifier:xgradient_boosting:learning_rate,classifier:xgradient_boosting:max_delta_step,classifier:xgradient_boosting:max_depth,classifier:xgradient_boosting:min_child_weight,classifier:xgradient_boosting:n_estimators,classifier:xgradient_boosting:reg_alpha,classifier:xgradient_boosting:reg_lambda,classifier:xgradient_boosting:scale_pos_weight,classifier:xgradient_boosting:subsample,imputation:strategy,one_hot_encoding:minimum_fraction,one_hot_encoding:use_minimum_fraction,preprocessor:__choice__,preprocessor:extra_trees_preproc_for_classification:bootstrap,preprocessor:extra_trees_preproc_for_classification:criterion,preprocessor:extra_trees_preproc_for_classification:max_depth,preprocessor:extra_trees_preproc_for_classification:max_features,preprocessor:extra_trees_preproc_for_classification:min_samples_leaf,preprocessor:extra_trees_preproc_for_classification:min_samples_split,preprocessor:extra_trees_preproc_for_classification:min_weight_fraction_leaf,preprocessor:extra_trees_preproc_for_classification:n_estimators,preprocessor:fast_ica:algorithm,preprocessor:fast_ica:fun,preprocessor:fast_ica:n_components,preprocessor:fast_ica:whiten,preprocessor:feature_agglomeration:affinity,preprocessor:feature_agglomeration:linkage,preprocessor:feature_agglomeration:n_clusters,preprocessor:feature_agglomeration:pooling_func,preprocessor:gem:N,preprocessor:gem:precond,preprocessor:kernel_pca:coef0,preprocessor:kernel_pca:degree,preprocessor:kernel_pca:gamma,preprocessor:kernel_pca:kernel,preprocessor:kernel_pca:n_components,preprocessor:kitchen_sinks:gamma,preprocessor:kitchen_sinks:n_components,preprocessor:liblinear_svc_preprocessor:C,preprocessor:liblinear_svc_preprocessor:dual,preprocessor:liblinear_svc_preprocessor:fit_intercept,preprocessor:liblinear_svc_preprocessor:intercept_scaling,preprocessor:liblinear_svc_preprocessor:loss,preprocessor:liblinear_svc_preprocessor:multi_class,preprocessor:liblinear_svc_preprocessor:penalty,preprocessor:liblinear_svc_preprocessor:tol,preprocessor:nystroem_sampler:coef0,preprocessor:nystroem_sampler:degree,preprocessor:nystroem_sampler:gamma,preprocessor:nystroem_sampler:kernel,preprocessor:nystroem_sampler:n_components,preprocessor:pca:keep_variance,preprocessor:pca:whiten,preprocessor:polynomial:degree,preprocessor:polynomial:include_bias,preprocessor:polynomial:interaction_only,preprocessor:random_trees_embedding:max_depth,preprocessor:random_trees_embedding:max_leaf_nodes,preprocessor:random_trees_embedding:min_samples_leaf,preprocessor:random_trees_embedding:min_samples_split,preprocessor:random_trees_embedding:min_weight_fraction_leaf,preprocessor:random_trees_embedding:n_estimators,preprocessor:select_percentile_classification:percentile,preprocessor:select_percentile_classification:score_func,preprocessor:select_rates:alpha,preprocessor:select_rates:mode,preprocessor:select_rates:score_func,rescaling:__choice__
1,weighting,liblinear_svc,,,,,,,,,,,,,,,,,,,,,,,,,,,,,,,,,,,,,,,,2.173582447138025,False,True,1,squared_hinge,ovr,l2,0.0006685392459187188,,,,,,,,,,,,,,,,,,,,,,,,,,,,,,,,,,,,,,,,,,,,,,,,,,,,median,0.0011288364014229225,True,nystroem_sampler,,,,,,,,,,,,,,,,,,,,,,,,,,,,,,,,,,0.7898652648314515,,0.016614149817836592,sigmoid,6441,,,,,,,,,,,,,,,,,standardize
2,none,random_forest,,,,,,,,,,,,,,,,,,,,,,,,,,,,,,,,,,,,,,,,,,,,,,,,,,,,,,,,,,,,,,,,,,True,gini,None,1.0,None,1,2,0.0,100,,,,,,,,,,,,,,,,,,,,,,,,,mean,0.01,True,no_preprocessing,,,,,,,,,,,,,,,,,,,,,,,,,,,,,,,,,,,,,,,,,,,,,,,,,,,,,,,min/max
3,weighting,sgd,,,,,,,,,,,,,,,,,,,,,,,,,,,,,,,,,,,,,,,,,,,,,,,,,,,,,,,,,,,,,,,,,,,,,,,,,,,0.0006027069276923983,True,,0.0637712077279468,True,,invscaling,log,138,l2,0.013979219913376584,,,,,,,,,,,,,,most_frequent,0.12557340023522767,True,feature_agglomeration,,,,,,,,,,,,,euclidean,complete,296,median,,,,,,,,,,,,,,,,,,,,,,,,,,,,,,,,,,,,,,,min/max
4,weighting,liblinear_svc,,,,,,,,,,,,,,,,,,,,,,,,,,,,,,,,,,,,,,,,0.5815868776595028,False,True,1,squared_hinge,ovr,l2,0.05261321190581748,,,,,,,,,,,,,,,,,,,,,,,,,,,,,,,,,,,,,,,,,,,,,,,,,,,,most_frequent,,False,polynomial,,,,,,,,,,,,,,,,,,,,,,,,,,,,,,,,,,,,,,,,,2,True,False,,,,,,,,,,,,none
5,weighting,liblinear_svc,,,,,,,,,,,,,,,,,,,,,,,,,,,,,,,,,,,,,,,,2253.019328043348,False,True,1,squared_hinge,ovr,l2,0.0011555993445762113,,,,,,,,,,,,,,,,,,,,,,,,,,,,,,,,,,,,,,,,,,,,,,,,,,,,mean,,False,polynomial,,,,,,,,,,,,,,,,,,,,,,,,,,,,,,,,,,,,,,,,,3,True,False,,,,,,,,,,,,min/max
6,none,gradient_boosting,,,,,,,,,,,,,,,,,,,,,,,0.4120597789233855,deviance,3,4.758121621535983,None,16,6,0.0,100,0.9698657674324143,,,,,,,,,,,,,,,,,,,,,,,,,,,,,,,,,,,,,,,,,,,,,,,,,,,,,,,,,,,,,,,,,,,mean,0.45394720185957155,True,extra_trees_preproc_for_classification,False,gini,None,2.9979113303712377,5,17,0.0,100,,,,,,,,,,,,,,,,,,,,,,,,,,,,,,,,,,,,,,,,,,,,,,,standardize
7,none,passive_aggressive,,,,,,,,,,,,,,,,,,,,,,,,,,,,,,,,,,,,,,,,,,,,,,,,,,,,,,,,,,,,0.18399728389641462,True,squared_hinge,380,,,,,,,,,,,,,,,,,,,,,,,,,,,,,,,,,,,,median,,False,gem,,,,,,,,,,,,,,,,,17,0.13596042825856905,,,,,,,,,,,,,,,,,,,,,,,,,,,,,,,,,,,,,min/max
8,none,gradient_boosting,,,,,,,,,,,,,,,,,,,,,,,0.09182805244051695,deviance,9,2.784650991275065,None,9,4,0.0,100,0.9275253125284922,,,,,,,,,,,,,,,,,,,,,,,,,,,,,,,,,,,,,,,,,,,,,,,,,,,,,,,,,,,,,,,,,,,mean,0.3178875079665128,True,liblinear_svc_preprocessor,,,,,,,,,,,,,,,,,,,,,,,,,,0.1935080464685946,False,True,1,squared_hinge,ovr,l1,0.002430080920956617,,,,,,,,,,,,,,,,,,,,,,standardize
9,weighting,liblinear_svc,,,,,,,,,,,,,,,,,,,,,,,,,,,,,,,,,,,,,,,,0.27324913080354707,False,True,1,squared_hinge,ovr,l2,0.007500254668360637,,,,,,,,,,,,,,,,,,,,,,,,,,,,,,,,,,,,,,,,,,,,,,,,,,,,median,,False,no_preprocessing,,,,,,,,,,,,,,,,,,,,,,,,,,,,,,,,,,,,,,,,,,,,,,,,,,,,,,,normalize
10,none,random_forest,,,,,,,,,,,,,,,,,,,,,,,,,,,,,,,,,,,,,,,,,,,,,,,,,,,,,,,,,,,,,,,,,,False,gini,None,1.921193446735365,None,3,7,0.0,100,,,,,,,,,,,,,,,,,,,,,,,,,median,0.1855794061799157,True,feature_agglomeration,,,,,,,,,,,,,euclidean,ward,235,mean,,,,,,,,,,,,,,,,,,,,,,,,,,,,,,,,,,,,,,,none
11,weighting,liblinear_svc,,,,,,,,,,,,,,,,,,,,,,,,,,,,,,,,,,,,,,,,9131.136282024216,False,True,1,squared_hinge,ovr,l2,0.06479004511822681,,,,,,,,,,,,,,,,,,,,,,,,,,,,,,,,,,,,,,,,,,,,,,,,,,,,mean,,False,polynomial,,,,,,,,,,,,,,,,,,,,,,,,,,,,,,,,,,,,,,,,,2,True,False,,,,,,,,,,,,min/max
12,weighting,passive_aggressive,,,,,,,,,,,,,,,,,,,,,,,,,,,,,,,,,,,,,,,,,,,,,,,,,,,,,,,,,,,,0.0018057707469332856,True,squared_hinge,572,,,,,,,,,,,,,,,,,,,,,,,,,,,,,,,,,,,,mean,0.17556429026221484,True,nystroem_sampler,,,,,,,,,,,,,,,,,,,,,,,,,,,,,,,,,,,,0.35884375549922065,rbf,481,,,,,,,,,,,,,,,,,standardize
13,none,adaboost,SAMME,0.08921861937738111,8,473,,,,,,,,,,,,,,,,,,,,,,,,,,,,,,,,,,,,,,,,,,,,,,,,,,,,,,,,,,,,,,,,,,,,,,,,,,,,,,,,,,,,,,,,,,,,,,,most_frequent,0.46025920786341173,True,no_preprocessing,,,,,,,,,,,,,,,,,,,,,,,,,,,,,,,,,,,,,,,,,,,,,,,,,,,,,,,none
14,weighting,sgd,,,,,,,,,,,,,,,,,,,,,,,,,,,,,,,,,,,,,,,,,,,,,,,,,,,,,,,,,,,,,,,,,,,,,,,,,,,0.0006457276720608601,True,7.981411948612326e-05,0.06366146159723793,True,,invscaling,modified_huber,133,l2,0.19872015454375297,,,,,,,,,,,,,,mean,,False,liblinear_svc_preprocessor,,,,,,,,,,,,,,,,,,,,,,,,,,27.64686349380502,False,True,1,squared_hinge,ovr,l1,0.001866722820722274,,,,,,,,,,,,,,,,,,,,,,normalize
15,weighting,adaboost,SAMME,0.005925981910102311,8,375,,,,,,,,,,,,,,,,,,,,,,,,,,,,,,,,,,,,,,,,,,,,,,,,,,,,,,,,,,,,,,,,,,,,,,,,,,,,,,,,,,,,,,,,,,,,,,,mean,,False,feature_agglomeration,,,,,,,,,,,,,cosine,average,54,median,,,,,,,,,,,,,,,,,,,,,,,,,,,,,,,,,,,,,,,none
16,weighting,liblinear_svc,,,,,,,,,,,,,,,,,,,,,,,,,,,,,,,,,,,,,,,,62.21750028494345,False,True,1,squared_hinge,ovr,l2,0.0002178180133457927,,,,,,,,,,,,,,,,,,,,,,,,,,,,,,,,,,,,,,,,,,,,,,,,,,,,most_frequent,0.028777961041830738,True,polynomial,,,,,,,,,,,,,,,,,,,,,,,,,,,,,,,,,,,,,,,,,3,False,False,,,,,,,,,,,,none
17,none,libsvm_svc,,,,,,,,,,,,,,,,,,,,,,,,,,,,,,,,,,,,,,,,,,,,,,,,2.820950683561126,0.7525658406326312,5,1.924396413436426,poly,-1,True,0.00037682073690554086,,,,,,,,,,,,,,,,,,,,,,,,,,,,,,,,,,,,,,,,,,,,mean,,False,select_percentile_classification,,,,,,,,,,,,,,,,,,,,,,,,,,,,,,,,,,,,,,,,,,,,,,,,,,83.60106850579331,f_classif,,,,min/max
18,none,adaboost,SAMME.R,0.13921281697970783,4,481,,,,,,,,,,,,,,,,,,,,,,,,,,,,,,,,,,,,,,,,,,,,,,,,,,,,,,,,,,,,,,,,,,,,,,,,,,,,,,,,,,,,,,,,,,,,,,,most_frequent,,False,no_preprocessing,,,,,,,,,,,,,,,,,,,,,,,,,,,,,,,,,,,,,,,,,,,,,,,,,,,,,,,min/max
19,weighting,passive_aggressive,,,,,,,,,,,,,,,,,,,,,,,,,,,,,,,,,,,,,,,,,,,,,,,,,,,,,,,,,,,,0.0036975653885940544,True,hinge,326,,,,,,,,,,,,,,,,,,,,,,,,,,,,,,,,,,,,mean,,False,kitchen_sinks,,,,,,,,,,,,,,,,,,,,,,,,0.6227804363658538,1821,,,,,,,,,,,,,,,,,,,,,,,,,,,,,,normalize
20,weighting,liblinear_svc,,,,,,,,,,,,,,,,,,,,,,,,,,,,,,,,,,,,,,,,1.1801039413134438,False,True,1,squared_hinge,ovr,l2,0.0022090377635951867,,,,,,,,,,,,,,,,,,,,,,,,,,,,,,,,,,,,,,,,,,,,,,,,,,,,most_frequent,0.005927790483915612,True,no_preprocessing,,,,,,,,,,,,,,,,,,,,,,,,,,,,,,,,,,,,,,,,,,,,,,,,,,,,,,,standardize
21,none,passive_aggressive,,,,,,,,,,,,,,,,,,,,,,,,,,,,,,,,,,,,,,,,,,,,,,,,,,,,,,,,,,,,5.026962382477094e-05,True,hinge,713,,,,,,,,,,,,,,,,,,,,,,,,,,,,,,,,,,,,mean,,False,nystroem_sampler,,,,,,,,,,,,,,,,,,,,,,,,,,,,,,,,,,,,,cosine,4113,,,,,,,,,,,,,,,,,normalize
22,weighting,gradient_boosting,,,,,,,,,,,,,,,,,,,,,,,0.7129561445167657,deviance,5,3.93371407131337,None,20,4,0.0,100,0.5706975618082643,,,,,,,,,,,,,,,,,,,,,,,,,,,,,,,,,,,,,,,,,,,,,,,,,,,,,,,,,,,,,,,,,,,most_frequent,0.015787599946780754,True,polynomial,,,,,,,,,,,,,,,,,,,,,,,,,,,,,,,,,,,,,,,,,2,True,False,,,,,,,,,,,,min/max
23,weighting,gradient_boosting,,,,,,,,,,,,,,,,,,,,,,,0.09705831458471066,deviance,7,4.283409813794932,None,16,4,0.0,100,0.9843077531242675,,,,,,,,,,,,,,,,,,,,,,,,,,,,,,,,,,,,,,,,,,,,,,,,,,,,,,,,,,,,,,,,,,,mean,0.1149368954241468,True,liblinear_svc_preprocessor,,,,,,,,,,,,,,,,,,,,,,,,,,11920.402652363826,False,True,1,squared_hinge,ovr,l1,0.0001606219620686348,,,,,,,,,,,,,,,,,,,,,,min/max
24,weighting,liblinear_svc,,,,,,,,,,,,,,,,,,,,,,,,,,,,,,,,,,,,,,,,0.3099281521096013,False,True,1,squared_hinge,ovr,l2,0.06556975010822326,,,,,,,,,,,,,,,,,,,,,,,,,,,,,,,,,,,,,,,,,,,,,,,,,,,,mean,0.00470215321782562,True,feature_agglomeration,,,,,,,,,,,,,euclidean,average,283,median,,,,,,,,,,,,,,,,,,,,,,,,,,,,,,,,,,,,,,,min/max
25,none,random_forest,,,,,,,,,,,,,,,,,,,,,,,,,,,,,,,,,,,,,,,,,,,,,,,,,,,,,,,,,,,,,,,,,,False,gini,None,2.0930229314278646,None,9,19,0.0,100,,,,,,,,,,,,,,,,,,,,,,,,,median,0.068332896123793,True,extra_trees_preproc_for_classification,False,gini,None,1.0695179329108082,3,5,0.0,100,,,,,,,,,,,,,,,,,,,,,,,,,,,,,,,,,,,,,,,,,,,,,,,min/max
26,weighting,adaboost,SAMME.R,0.23845428108337907,3,309,,,,,,,,,,,,,,,,,,,,,,,,,,,,,,,,,,,,,,,,,,,,,,,,,,,,,,,,,,,,,,,,,,,,,,,,,,,,,,,,,,,,,,,,,,,,,,,mean,0.004810656288877152,True,polynomial,,,,,,,,,,,,,,,,,,,,,,,,,,,,,,,,,,,,,,,,,3,True,False,,,,,,,,,,,,standardize
27,none,gradient_boosting,,,,,,,,,,,,,,,,,,,,,,,0.035771508249344455,deviance,4,3.0536751778035267,None,18,8,0.0,100,0.8480319721054321,,,,,,,,,,,,,,,,,,,,,,,,,,,,,,,,,,,,,,,,,,,,,,,,,,,,,,,,,,,,,,,,,,,median,0.0007661525500069154,True,liblinear_svc_preprocessor,,,,,,,,,,,,,,,,,,,,,,,,,,20.463234848826165,False,True,1,squared_hinge,ovr,l1,0.00012082993062767058,,,,,,,,,,,,,,,,,,,,,,none
28,none,extra_trees,,,,,,,,,,,,,,,False,entropy,None,3.4037066291967126,11,20,0.0,100,,,,,,,,,,,,,,,,,,,,,,,,,,,,,,,,,,,,,,,,,,,,,,,,,,,,,,,,,,,,,,,,,,,,,,,,,,,,,median,0.0004586087763800354,True,polynomial,,,,,,,,,,,,,,,,,,,,,,,,,,,,,,,,,,,,,,,,,2,True,False,,,,,,,,,,,,none
29,none,sgd,,,,,,,,,,,,,,,,,,,,,,,,,,,,,,,,,,,,,,,,,,,,,,,,,,,,,,,,,,,,,,,,,,,,,,,,,,,0.00039961166337423236,False,0.0017527970920483906,0.060041614581907,True,0.36339240847373755,optimal,modified_huber,939,elasticnet,,,,,,,,,,,,,,,most_frequent,,False,select_percentile_classification,,,,,,,,,,,,,,,,,,,,,,,,,,,,,,,,,,,,,,,,,,,,,,,,,,76.84823099284878,chi2,,,,normalize
30,none,adaboost,SAMME,1.0081104516473922,6,468,,,,,,,,,,,,,,,,,,,,,,,,,,,,,,,,,,,,,,,,,,,,,,,,,,,,,,,,,,,,,,,,,,,,,,,,,,,,,,,,,,,,,,,,,,,,,,,mean,,False,liblinear_svc_preprocessor,,,,,,,,,,,,,,,,,,,,,,,,,,1.1828431725901418,False,True,1,squared_hinge,ovr,l1,0.0022792606924326923,,,,,,,,,,,,,,,,,,,,,,min/max
31,none,passive_aggressive,,,,,,,,,,,,,,,,,,,,,,,,,,,,,,,,,,,,,,,,,,,,,,,,,,,,,,,,,,,,0.00010573693363155704,True,squared_hinge,624,,,,,,,,,,,,,,,,,,,,,,,,,,,,,,,,,,,,most_frequent,,False,liblinear_svc_preprocessor,,,,,,,,,,,,,,,,,,,,,,,,,,476.5616200935455,False,True,1,squared_hinge,ovr,l1,0.06337755755873832,,,,,,,,,,,,,,,,,,,,,,normalize
32,weighting,proj_logit,,,,,,,,,,,,,,,,,,,,,,,,,,,,,,,,,,,,,,,,,,,,,,,,,,,,,,,,,,,,,,,,20,,,,,,,,,,,,,,,,,,,,,,,,,,,,,,,,,,,mean,0.26472562821261775,True,select_rates,,,,,,,,,,,,,,,,,,,,,,,,,,,,,,,,,,,,,,,,,,,,,,,,,,,,0.370908548876517,fwe,chi2,normalize
33,none,lda,,,,,,,,,,,,,,,,,,,,,,,,,,,,,,,,,,,,242,None,,0.0011339574479631279,,,,,,,,,,,,,,,,,,,,,,,,,,,,,,,,,,,,,,,,,,,,,,,,,,,,,,,,,,,,most_frequent,0.004889144803037605,True,gem,,,,,,,,,,,,,,,,,8,0.39344596751061517,,,,,,,,,,,,,,,,,,,,,,,,,,,,,,,,,,,,,min/max
34,none,adaboost,SAMME,1.2306208006800998,6,499,,,,,,,,,,,,,,,,,,,,,,,,,,,,,,,,,,,,,,,,,,,,,,,,,,,,,,,,,,,,,,,,,,,,,,,,,,,,,,,,,,,,,,,,,,,,,,,median,,False,extra_trees_preproc_for_classification,True,entropy,None,3.5347851525007146,6,8,0.0,100,,,,,,,,,,,,,,,,,,,,,,,,,,,,,,,,,,,,,,,,,,,,,,,standardize
35,none,sgd,,,,,,,,,,,,,,,,,,,,,,,,,,,,,,,,,,,,,,,,,,,,,,,,,,,,,,,,,,,,,,,,,,,,,,,,,,,8.463799026100898e-06,True,,0.029910496151329364,True,0.5449952152912971,optimal,log,370,elasticnet,,,,,,,,,,,,,,,most_frequent,,False,select_percentile_classification,,,,,,,,,,,,,,,,,,,,,,,,,,,,,,,,,,,,,,,,,,,,,,,,,,71.66714456198306,chi2,,,,normalize
36,weighting,proj_logit,,,,,,,,,,,,,,,,,,,,,,,,,,,,,,,,,,,,,,,,,,,,,,,,,,,,,,,,,,,,,,,,3,,,,,,,,,,,,,,,,,,,,,,,,,,,,,,,,,,,most_frequent,,False,polynomial,,,,,,,,,,,,,,,,,,,,,,,,,,,,,,,,,,,,,,,,,2,False,False,,,,,,,,,,,,min/max
37,none,sgd,,,,,,,,,,,,,,,,,,,,,,,,,,,,,,,,,,,,,,,,,,,,,,,,,,,,,,,,,,,,,,,,,,,,,,,,,,,0.0002011208878338422,False,,0.0812309539678548,True,0.49756924007684844,invscaling,hinge,554,elasticnet,0.2567923580475304,,,,,,,,,,,,,,most_frequent,0.0007915092939712602,True,nystroem_sampler,,,,,,,,,,,,,,,,,,,,,,,,,,,,,,,,,,-0.6384046151685252,3,0.22795987796995726,poly,3207,,,,,,,,,,,,,,,,,none
38,weighting,liblinear_svc,,,,,,,,,,,,,,,,,,,,,,,,,,,,,,,,,,,,,,,,0.07031299826418301,False,True,1,squared_hinge,ovr,l2,0.0007350413240779083,,,,,,,,,,,,,,,,,,,,,,,,,,,,,,,,,,,,,,,,,,,,,,,,,,,,median,0.0005163081319274932,True,liblinear_svc_preprocessor,,,,,,,,,,,,,,,,,,,,,,,,,,6188.48070221451,False,True,1,squared_hinge,ovr,l1,0.0001527359232995818,,,,,,,,,,,,,,,,,,,,,,standardize
39,none,qda,,,,,,,,,,,,,,,,,,,,,,,,,,,,,,,,,,,,,,,,,,,,,,,,,,,,,,,,,,,,,,,,,9.284928341343884,,,,,,,,,,,,,,,,,,,,,,,,,,,,,,,,,,most_frequent,0.15973168347756866,True,kitchen_sinks,,,,,,,,,,,,,,,,,,,,,,,,1.0504384005484382,235,,,,,,,,,,,,,,,,,,,,,,,,,,,,,,min/max
40,weighting,random_forest,,,,,,,,,,,,,,,,,,,,,,,,,,,,,,,,,,,,,,,,,,,,,,,,,,,,,,,,,,,,,,,,,,True,entropy,None,3.251806081517394,None,3,4,0.0,100,,,,,,,,,,,,,,,,,,,,,,,,,median,0.034797974548903515,True,select_rates,,,,,,,,,,,,,,,,,,,,,,,,,,,,,,,,,,,,,,,,,,,,,,,,,,,,0.3720937786542612,fpr,chi2,min/max
41,weighting,gradient_boosting,,,,,,,,,,,,,,,,,,,,,,,0.20883213948290555,deviance,5,3.950232147023257,None,2,12,0.0,100,0.7000722592104036,,,,,,,,,,,,,,,,,,,,,,,,,,,,,,,,,,,,,,,,,,,,,,,,,,,,,,,,,,,,,,,,,,,mean,0.20504937335658277,True,no_preprocessing,,,,,,,,,,,,,,,,,,,,,,,,,,,,,,,,,,,,,,,,,,,,,,,,,,,,,,,min/max
42,none,adaboost,SAMME.R,0.0010166256763321435,10,411,,,,,,,,,,,,,,,,,,,,,,,,,,,,,,,,,,,,,,,,,,,,,,,,,,,,,,,,,,,,,,,,,,,,,,,,,,,,,,,,,,,,,,,,,,,,,,,mean,0.00020919921965993212,True,polynomial,,,,,,,,,,,,,,,,,,,,,,,,,,,,,,,,,,,,,,,,,3,True,True,,,,,,,,,,,,none
43,weighting,extra_trees,,,,,,,,,,,,,,,False,gini,None,3.9543782679924346,3,11,0.0,100,,,,,,,,,,,,,,,,,,,,,,,,,,,,,,,,,,,,,,,,,,,,,,,,,,,,,,,,,,,,,,,,,,,,,,,,,,,,,median,0.005459439218701903,True,select_rates,,,,,,,,,,,,,,,,,,,,,,,,,,,,,,,,,,,,,,,,,,,,,,,,,,,,0.07786241643773945,fwe,chi2,min/max
44,weighting,gradient_boosting,,,,,,,,,,,,,,,,,,,,,,,0.10595850641686415,deviance,6,4.073047765066454,None,4,14,0.0,100,0.3730003562382372,,,,,,,,,,,,,,,,,,,,,,,,,,,,,,,,,,,,,,,,,,,,,,,,,,,,,,,,,,,,,,,,,,,mean,0.0007311404576904489,True,extra_trees_preproc_for_classification,True,entropy,None,1.7764018125840484,4,4,0.0,100,,,,,,,,,,,,,,,,,,,,,,,,,,,,,,,,,,,,,,,,,,,,,,,standardize
45,none,adaboost,SAMME,0.007883683266760077,1,267,,,,,,,,,,,,,,,,,,,,,,,,,,,,,,,,,,,,,,,,,,,,,,,,,,,,,,,,,,,,,,,,,,,,,,,,,,,,,,,,,,,,,,,,,,,,,,,most_frequent,0.11019229514149821,True,polynomial,,,,,,,,,,,,,,,,,,,,,,,,,,,,,,,,,,,,,,,,,3,True,False,,,,,,,,,,,,none
46,weighting,sgd,,,,,,,,,,,,,,,,,,,,,,,,,,,,,,,,,,,,,,,,,,,,,,,,,,,,,,,,,,,,,,,,,,,,,,,,,,,0.0005401543374603144,False,,0.04377140004056303,True,,optimal,log,943,l2,,,,,,,,,,,,,,,mean,0.0007887810786977907,True,select_rates,,,,,,,,,,,,,,,,,,,,,,,,,,,,,,,,,,,,,,,,,,,,,,,,,,,,0.17377268248209546,fwe,chi2,min/max
47,weighting,passive_aggressive,,,,,,,,,,,,,,,,,,,,,,,,,,,,,,,,,,,,,,,,,,,,,,,,,,,,,,,,,,,,0.7365028305861986,True,hinge,116,,,,,,,,,,,,,,,,,,,,,,,,,,,,,,,,,,,,most_frequent,,False,extra_trees_preproc_for_classification,True,gini,None,3.5951949623613824,6,5,0.0,100,,,,,,,,,,,,,,,,,,,,,,,,,,,,,,,,,,,,,,,,,,,,,,,normalize
48,weighting,liblinear_svc,,,,,,,,,,,,,,,,,,,,,,,,,,,,,,,,,,,,,,,,7706.729146885712,False,True,1,squared_hinge,ovr,l2,0.0011423082967112733,,,,,,,,,,,,,,,,,,,,,,,,,,,,,,,,,,,,,,,,,,,,,,,,,,,,mean,,False,kernel_pca,,,,,,,,,,,,,,,,,,,,,0.004581502595708079,rbf,136,,,,,,,,,,,,,,,,,,,,,,,,,,,,,,,,min/max
49,weighting,proj_logit,,,,,,,,,,,,,,,,,,,,,,,,,,,,,,,,,,,,,,,,,,,,,,,,,,,,,,,,,,,,,,,,2,,,,,,,,,,,,,,,,,,,,,,,,,,,,,,,,,,,mean,0.0011870322904213703,True,no_preprocessing,,,,,,,,,,,,,,,,,,,,,,,,,,,,,,,,,,,,,,,,,,,,,,,,,,,,,,,none
50,weighting,random_forest,,,,,,,,,,,,,,,,,,,,,,,,,,,,,,,,,,,,,,,,,,,,,,,,,,,,,,,,,,,,,,,,,,True,gini,None,3.987077165502442,None,1,2,0.0,100,,,,,,,,,,,,,,,,,,,,,,,,,mean,0.013963369817074975,True,select_rates,,,,,,,,,,,,,,,,,,,,,,,,,,,,,,,,,,,,,,,,,,,,,,,,,,,,0.22779271886309724,fdr,f_classif,min/max
51,none,liblinear_svc,,,,,,,,,,,,,,,,,,,,,,,,,,,,,,,,,,,,,,,,110.1041991637,False,True,1,squared_hinge,ovr,l2,0.0008769682090480264,,,,,,,,,,,,,,,,,,,,,,,,,,,,,,,,,,,,,,,,,,,,,,,,,,,,most_frequent,0.0005906299349754449,True,kitchen_sinks,,,,,,,,,,,,,,,,,,,,,,,,0.5976826540225102,9295,,,,,,,,,,,,,,,,,,,,,,,,,,,,,,min/max
52,none,random_forest,,,,,,,,,,,,,,,,,,,,,,,,,,,,,,,,,,,,,,,,,,,,,,,,,,,,,,,,,,,,,,,,,,True,gini,None,1.0,None,1,2,0.0,100,,,,,,,,,,,,,,,,,,,,,,,,,mean,0.01,True,extra_trees_preproc_for_classification,False,gini,None,1.0,1,2,0.0,100,,,,,,,,,,,,,,,,,,,,,,,,,,,,,,,,,,,,,,,,,,,,,,,min/max
53,weighting,liblinear_svc,,,,,,,,,,,,,,,,,,,,,,,,,,,,,,,,,,,,,,,,34.52330718742751,False,True,1,squared_hinge,ovr,l2,0.010305332230734165,,,,,,,,,,,,,,,,,,,,,,,,,,,,,,,,,,,,,,,,,,,,,,,,,,,,most_frequent,0.00012464201046582862,True,polynomial,,,,,,,,,,,,,,,,,,,,,,,,,,,,,,,,,,,,,,,,,2,True,False,,,,,,,,,,,,none
54,weighting,extra_trees,,,,,,,,,,,,,,,True,gini,None,1.6767670017706682,1,2,0.0,100,,,,,,,,,,,,,,,,,,,,,,,,,,,,,,,,,,,,,,,,,,,,,,,,,,,,,,,,,,,,,,,,,,,,,,,,,,,,,most_frequent,0.0008306452347117062,True,extra_trees_preproc_for_classification,False,gini,None,4.071891353915662,8,16,0.0,100,,,,,,,,,,,,,,,,,,,,,,,,,,,,,,,,,,,,,,,,,,,,,,,min/max
55,weighting,gradient_boosting,,,,,,,,,,,,,,,,,,,,,,,0.20066795319926028,deviance,7,3.9325869489731167,None,7,11,0.0,100,0.9976532055747943,,,,,,,,,,,,,,,,,,,,,,,,,,,,,,,,,,,,,,,,,,,,,,,,,,,,,,,,,,,,,,,,,,,most_frequent,0.00046199690730130277,True,no_preprocessing,,,,,,,,,,,,,,,,,,,,,,,,,,,,,,,,,,,,,,,,,,,,,,,,,,,,,,,min/max
56,none,adaboost,SAMME.R,0.010294487787548573,10,317,,,,,,,,,,,,,,,,,,,,,,,,,,,,,,,,,,,,,,,,,,,,,,,,,,,,,,,,,,,,,,,,,,,,,,,,,,,,,,,,,,,,,,,,,,,,,,,mean,,False,kernel_pca,,,,,,,,,,,,,,,,,,,0.10356707689993638,2,0.0055625300454173725,poly,506,,,,,,,,,,,,,,,,,,,,,,,,,,,,,,,,none
57,weighting,libsvm_svc,,,,,,,,,,,,,,,,,,,,,,,,,,,,,,,,,,,,,,,,,,,,,,,,17.04893645945186,0.7446040165574868,1,0.08610020473294158,poly,-1,True,0.0236218221160684,,,,,,,,,,,,,,,,,,,,,,,,,,,,,,,,,,,,,,,,,,,,most_frequent,0.00018631323058687733,True,gem,,,,,,,,,,,,,,,,,17,0.14877480998621556,,,,,,,,,,,,,,,,,,,,,,,,,,,,,,,,,,,,,standardize
58,weighting,extra_trees,,,,,,,,,,,,,,,False,gini,None,4.2768966315736625,3,8,0.0,100,,,,,,,,,,,,,,,,,,,,,,,,,,,,,,,,,,,,,,,,,,,,,,,,,,,,,,,,,,,,,,,,,,,,,,,,,,,,,mean,,False,extra_trees_preproc_for_classification,True,gini,None,4.291605934335991,4,3,0.0,100,,,,,,,,,,,,,,,,,,,,,,,,,,,,,,,,,,,,,,,,,,,,,,,normalize
59,none,proj_logit,,,,,,,,,,,,,,,,,,,,,,,,,,,,,,,,,,,,,,,,,,,,,,,,,,,,,,,,,,,,,,,,11,,,,,,,,,,,,,,,,,,,,,,,,,,,,,,,,,,,median,0.005459439218701903,True,pca,,,,,,,,,,,,,,,,,,,,,,,,,,,,,,,,,,,,,,,0.6377145118780108,False,,,,,,,,,,,,,,,standardize
60,none,extra_trees,,,,,,,,,,,,,,,True,gini,None,1.2471100317214114,17,3,0.0,100,,,,,,,,,,,,,,,,,,,,,,,,,,,,,,,,,,,,,,,,,,,,,,,,,,,,,,,,,,,,,,,,,,,,,,,,,,,,,median,0.00025176121677619327,True,liblinear_svc_preprocessor,,,,,,,,,,,,,,,,,,,,,,,,,,0.9614074783784105,False,True,1,squared_hinge,ovr,l1,0.005363854364232308,,,,,,,,,,,,,,,,,,,,,,normalize
61,weighting,adaboost,SAMME,0.08921861937738111,8,473,,,,,,,,,,,,,,,,,,,,,,,,,,,,,,,,,,,,,,,,,,,,,,,,,,,,,,,,,,,,,,,,,,,,,,,,,,,,,,,,,,,,,,,,,,,,,,,most_frequent,0.46025920786341173,True,polynomial,,,,,,,,,,,,,,,,,,,,,,,,,,,,,,,,,,,,,,,,,2,True,True,,,,,,,,,,,,standardize
62,none,extra_trees,,,,,,,,,,,,,,,False,entropy,None,1.2668700009828038,10,15,0.0,100,,,,,,,,,,,,,,,,,,,,,,,,,,,,,,,,,,,,,,,,,,,,,,,,,,,,,,,,,,,,,,,,,,,,,,,,,,,,,median,0.07298038576229827,True,polynomial,,,,,,,,,,,,,,,,,,,,,,,,,,,,,,,,,,,,,,,,,2,False,True,,,,,,,,,,,,min/max
63,weighting,libsvm_svc,,,,,,,,,,,,,,,,,,,,,,,,,,,,,,,,,,,,,,,,,,,,,,,,2099.097215335698,0.32850098053260424,3,2.809557625370355,poly,-1,False,0.003213729117706896,,,,,,,,,,,,,,,,,,,,,,,,,,,,,,,,,,,,,,,,,,,,most_frequent,0.0033839910940432396,True,select_rates,,,,,,,,,,,,,,,,,,,,,,,,,,,,,,,,,,,,,,,,,,,,,,,,,,,,0.08594367101091721,fpr,chi2,min/max
64,weighting,adaboost,SAMME.R,0.616488776638182,3,265,,,,,,,,,,,,,,,,,,,,,,,,,,,,,,,,,,,,,,,,,,,,,,,,,,,,,,,,,,,,,,,,,,,,,,,,,,,,,,,,,,,,,,,,,,,,,,,median,0.016248395156412285,True,select_rates,,,,,,,,,,,,,,,,,,,,,,,,,,,,,,,,,,,,,,,,,,,,,,,,,,,,0.49722840018526526,fwe,f_classif,none
65,none,adaboost,SAMME,0.320190941684566,3,178,,,,,,,,,,,,,,,,,,,,,,,,,,,,,,,,,,,,,,,,,,,,,,,,,,,,,,,,,,,,,,,,,,,,,,,,,,,,,,,,,,,,,,,,,,,,,,,mean,,False,polynomial,,,,,,,,,,,,,,,,,,,,,,,,,,,,,,,,,,,,,,,,,2,True,False,,,,,,,,,,,,min/max
66,weighting,liblinear_svc,,,,,,,,,,,,,,,,,,,,,,,,,,,,,,,,,,,,,,,,0.48891856721697413,False,True,1,squared_hinge,ovr,l2,1.0708907592116248e-05,,,,,,,,,,,,,,,,,,,,,,,,,,,,,,,,,,,,,,,,,,,,,,,,,,,,median,,False,select_percentile_classification,,,,,,,,,,,,,,,,,,,,,,,,,,,,,,,,,,,,,,,,,,,,,,,,,,68.31868979050036,chi2,,,,normalize
67,weighting,proj_logit,,,,,,,,,,,,,,,,,,,,,,,,,,,,,,,,,,,,,,,,,,,,,,,,,,,,,,,,,,,,,,,,11,,,,,,,,,,,,,,,,,,,,,,,,,,,,,,,,,,,median,0.002883367159521145,True,gem,,,,,,,,,,,,,,,,,16,0.30628439346357783,,,,,,,,,,,,,,,,,,,,,,,,,,,,,,,,,,,,,standardize
68,none,liblinear_svc,,,,,,,,,,,,,,,,,,,,,,,,,,,,,,,,,,,,,,,,16.445846112636396,False,True,1,squared_hinge,ovr,l2,5.031987397253124e-05,,,,,,,,,,,,,,,,,,,,,,,,,,,,,,,,,,,,,,,,,,,,,,,,,,,,mean,0.018681895366958703,True,nystroem_sampler,,,,,,,,,,,,,,,,,,,,,,,,,,,,,,,,,,,,0.2781157712712954,rbf,8238,,,,,,,,,,,,,,,,,none
69,weighting,libsvm_svc,,,,,,,,,,,,,,,,,,,,,,,,,,,,,,,,,,,,,,,,,,,,,,,,295.4185183083245,,,0.05098015552849704,rbf,-1,False,0.01616175671031427,,,,,,,,,,,,,,,,,,,,,,,,,,,,,,,,,,,,,,,,,,,,median,,False,feature_agglomeration,,,,,,,,,,,,,cosine,complete,216,mean,,,,,,,,,,,,,,,,,,,,,,,,,,,,,,,,,,,,,,,none
70,none,random_forest,,,,,,,,,,,,,,,,,,,,,,,,,,,,,,,,,,,,,,,,,,,,,,,,,,,,,,,,,,,,,,,,,,True,gini,None,3.2877276772399777,None,3,6,0.0,100,,,,,,,,,,,,,,,,,,,,,,,,,median,0.0059197487245511455,True,polynomial,,,,,,,,,,,,,,,,,,,,,,,,,,,,,,,,,,,,,,,,,2,False,False,,,,,,,,,,,,min/max
71,weighting,extra_trees,,,,,,,,,,,,,,,True,gini,None,2.714684194470519,1,9,0.0,100,,,,,,,,,,,,,,,,,,,,,,,,,,,,,,,,,,,,,,,,,,,,,,,,,,,,,,,,,,,,,,,,,,,,,,,,,,,,,most_frequent,,False,select_rates,,,,,,,,,,,,,,,,,,,,,,,,,,,,,,,,,,,,,,,,,,,,,,,,,,,,0.17960116136139503,fwe,f_classif,standardize
72,none,gradient_boosting,,,,,,,,,,,,,,,,,,,,,,,0.05602526032246091,deviance,8,4.526821406542622,None,2,5,0.0,100,0.5698904089850234,,,,,,,,,,,,,,,,,,,,,,,,,,,,,,,,,,,,,,,,,,,,,,,,,,,,,,,,,,,,,,,,,,,median,0.014830428662911994,True,select_rates,,,,,,,,,,,,,,,,,,,,,,,,,,,,,,,,,,,,,,,,,,,,,,,,,,,,0.3041931851021964,fpr,f_classif,standardize
73,weighting,gradient_boosting,,,,,,,,,,,,,,,,,,,,,,,0.0465743942311856,deviance,5,3.4139659236141635,None,19,2,0.0,100,0.9895018843965072,,,,,,,,,,,,,,,,,,,,,,,,,,,,,,,,,,,,,,,,,,,,,,,,,,,,,,,,,,,,,,,,,,,mean,0.0008592479870644692,True,polynomial,,,,,,,,,,,,,,,,,,,,,,,,,,,,,,,,,,,,,,,,,2,True,False,,,,,,,,,,,,min/max
74,none,liblinear_svc,,,,,,,,,,,,,,,,,,,,,,,,,,,,,,,,,,,,,,,,1.0,False,True,1,squared_hinge,ovr,l2,0.0001,,,,,,,,,,,,,,,,,,,,,,,,,,,,,,,,,,,,,,,,,,,,,,,,,,,,mean,,False,nystroem_sampler,,,,,,,,,,,,,,,,,,,,,,,,,,,,,,,,,,,,0.0999999999999999,rbf,100,,,,,,,,,,,,,,,,,standardize
75,weighting,gradient_boosting,,,,,,,,,,,,,,,,,,,,,,,0.2504490936855987,deviance,4,3.013227700056709,None,5,10,0.0,100,0.7357175753731509,,,,,,,,,,,,,,,,,,,,,,,,,,,,,,,,,,,,,,,,,,,,,,,,,,,,,,,,,,,,,,,,,,,most_frequent,0.27816065467903894,True,select_rates,,,,,,,,,,,,,,,,,,,,,,,,,,,,,,,,,,,,,,,,,,,,,,,,,,,,0.05074157612431743,fpr,f_classif,min/max
76,weighting,adaboost,SAMME,1.10482542901197,2,246,,,,,,,,,,,,,,,,,,,,,,,,,,,,,,,,,,,,,,,,,,,,,,,,,,,,,,,,,,,,,,,,,,,,,,,,,,,,,,,,,,,,,,,,,,,,,,,most_frequent,,False,polynomial,,,,,,,,,,,,,,,,,,,,,,,,,,,,,,,,,,,,,,,,,2,False,True,,,,,,,,,,,,min/max
77,weighting,extra_trees,,,,,,,,,,,,,,,False,gini,None,3.9543782679924346,3,11,0.0,100,,,,,,,,,,,,,,,,,,,,,,,,,,,,,,,,,,,,,,,,,,,,,,,,,,,,,,,,,,,,,,,,,,,,,,,,,,,,,median,0.002922028971406086,True,feature_agglomeration,,,,,,,,,,,,,manhattan,complete,226,max,,,,,,,,,,,,,,,,,,,,,,,,,,,,,,,,,,,,,,,standardize
78,none,extra_trees,,,,,,,,,,,,,,,False,gini,None,1.0,1,2,0.0,100,,,,,,,,,,,,,,,,,,,,,,,,,,,,,,,,,,,,,,,,,,,,,,,,,,,,,,,,,,,,,,,,,,,,,,,,,,,,,median,,False,extra_trees_preproc_for_classification,False,gini,None,1.0,1,2,0.0,100,,,,,,,,,,,,,,,,,,,,,,,,,,,,,,,,,,,,,,,,,,,,,,,none
79,none,random_forest,,,,,,,,,,,,,,,,,,,,,,,,,,,,,,,,,,,,,,,,,,,,,,,,,,,,,,,,,,,,,,,,,,True,gini,None,1.294493164022553,None,11,18,0.0,100,,,,,,,,,,,,,,,,,,,,,,,,,mean,0.0010924728997959144,True,feature_agglomeration,,,,,,,,,,,,,cosine,complete,385,max,,,,,,,,,,,,,,,,,,,,,,,,,,,,,,,,,,,,,,,min/max
80,weighting,extra_trees,,,,,,,,,,,,,,,False,gini,None,3.393921778795739,1,18,0.0,100,,,,,,,,,,,,,,,,,,,,,,,,,,,,,,,,,,,,,,,,,,,,,,,,,,,,,,,,,,,,,,,,,,,,,,,,,,,,,mean,0.0001462460979232163,True,extra_trees_preproc_for_classification,True,gini,None,2.6936404735822848,1,8,0.0,100,,,,,,,,,,,,,,,,,,,,,,,,,,,,,,,,,,,,,,,,,,,,,,,standardize
81,weighting,passive_aggressive,,,,,,,,,,,,,,,,,,,,,,,,,,,,,,,,,,,,,,,,,,,,,,,,,,,,,,,,,,,,0.07868575794749325,True,squared_hinge,612,,,,,,,,,,,,,,,,,,,,,,,,,,,,,,,,,,,,median,0.0009658102178398646,True,feature_agglomeration,,,,,,,,,,,,,manhattan,average,111,max,,,,,,,,,,,,,,,,,,,,,,,,,,,,,,,,,,,,,,,min/max
82,weighting,adaboost,SAMME.R,0.3584959962884496,2,230,,,,,,,,,,,,,,,,,,,,,,,,,,,,,,,,,,,,,,,,,,,,,,,,,,,,,,,,,,,,,,,,,,,,,,,,,,,,,,,,,,,,,,,,,,,,,,,most_frequent,0.3325075358426722,True,feature_agglomeration,,,,,,,,,,,,,manhattan,average,270,median,,,,,,,,,,,,,,,,,,,,,,,,,,,,,,,,,,,,,,,min/max
83,none,extra_trees,,,,,,,,,,,,,,,False,entropy,None,2.108430349257179,5,6,0.0,100,,,,,,,,,,,,,,,,,,,,,,,,,,,,,,,,,,,,,,,,,,,,,,,,,,,,,,,,,,,,,,,,,,,,,,,,,,,,,mean,0.013933488851588108,True,select_rates,,,,,,,,,,,,,,,,,,,,,,,,,,,,,,,,,,,,,,,,,,,,,,,,,,,,0.1580946925487967,fwe,chi2,none
84,weighting,random_forest,,,,,,,,,,,,,,,,,,,,,,,,,,,,,,,,,,,,,,,,,,,,,,,,,,,,,,,,,,,,,,,,,,False,gini,None,3.0533389771726194,None,12,12,0.0,100,,,,,,,,,,,,,,,,,,,,,,,,,median,,False,polynomial,,,,,,,,,,,,,,,,,,,,,,,,,,,,,,,,,,,,,,,,,2,False,True,,,,,,,,,,,,none
85,weighting,extra_trees,,,,,,,,,,,,,,,False,entropy,None,1.7142905473322154,1,6,0.0,100,,,,,,,,,,,,,,,,,,,,,,,,,,,,,,,,,,,,,,,,,,,,,,,,,,,,,,,,,,,,,,,,,,,,,,,,,,,,,median,0.0029725722683364496,True,polynomial,,,,,,,,,,,,,,,,,,,,,,,,,,,,,,,,,,,,,,,,,2,False,True,,,,,,,,,,,,min/max
86,weighting,extra_trees,,,,,,,,,,,,,,,True,entropy,None,2.330620027916482,4,8,0.0,100,,,,,,,,,,,,,,,,,,,,,,,,,,,,,,,,,,,,,,,,,,,,,,,,,,,,,,,,,,,,,,,,,,,,,,,,,,,,,mean,,False,select_rates,,,,,,,,,,,,,,,,,,,,,,,,,,,,,,,,,,,,,,,,,,,,,,,,,,,,0.17594192111350535,fwe,chi2,min/max
87,weighting,liblinear_svc,,,,,,,,,,,,,,,,,,,,,,,,,,,,,,,,,,,,,,,,236.13384556909,False,True,1,squared_hinge,ovr,l2,0.055458294473569085,,,,,,,,,,,,,,,,,,,,,,,,,,,,,,,,,,,,,,,,,,,,,,,,,,,,mean,,False,liblinear_svc_preprocessor,,,,,,,,,,,,,,,,,,,,,,,,,,0.03648623443464943,False,True,1,squared_hinge,ovr,l1,0.01401849574935086,,,,,,,,,,,,,,,,,,,,,,min/max
88,weighting,extra_trees,,,,,,,,,,,,,,,True,gini,None,2.3779010566365115,2,4,0.0,100,,,,,,,,,,,,,,,,,,,,,,,,,,,,,,,,,,,,,,,,,,,,,,,,,,,,,,,,,,,,,,,,,,,,,,,,,,,,,most_frequent,0.004305770290473698,True,select_rates,,,,,,,,,,,,,,,,,,,,,,,,,,,,,,,,,,,,,,,,,,,,,,,,,,,,0.30934089491790895,fdr,f_classif,none
89,none,proj_logit,,,,,,,,,,,,,,,,,,,,,,,,,,,,,,,,,,,,,,,,,,,,,,,,,,,,,,,,,,,,,,,,9,,,,,,,,,,,,,,,,,,,,,,,,,,,,,,,,,,,most_frequent,,False,polynomial,,,,,,,,,,,,,,,,,,,,,,,,,,,,,,,,,,,,,,,,,2,False,True,,,,,,,,,,,,standardize
90,none,gaussian_nb,,,,,,,,,,,,,,,,,,,,,,,,,,,,,,,,,,,,,,,,,,,,,,,,,,,,,,,,,,,,,,,,,,,,,,,,,,,,,,,,,,,,,,,,,,,,,,,,,,,mean,0.025624037849964514,True,select_rates,,,,,,,,,,,,,,,,,,,,,,,,,,,,,,,,,,,,,,,,,,,,,,,,,,,,0.15993220389422927,fpr,chi2,min/max
91,weighting,adaboost,SAMME,0.08921861937738111,8,473,,,,,,,,,,,,,,,,,,,,,,,,,,,,,,,,,,,,,,,,,,,,,,,,,,,,,,,,,,,,,,,,,,,,,,,,,,,,,,,,,,,,,,,,,,,,,,,median,,False,polynomial,,,,,,,,,,,,,,,,,,,,,,,,,,,,,,,,,,,,,,,,,2,True,True,,,,,,,,,,,,standardize
92,weighting,gradient_boosting,,,,,,,,,,,,,,,,,,,,,,,0.1904028824916772,deviance,1,3.6850810159217735,None,10,18,0.0,100,0.8401742752755341,,,,,,,,,,,,,,,,,,,,,,,,,,,,,,,,,,,,,,,,,,,,,,,,,,,,,,,,,,,,,,,,,,,most_frequent,,False,no_preprocessing,,,,,,,,,,,,,,,,,,,,,,,,,,,,,,,,,,,,,,,,,,,,,,,,,,,,,,,standardize
93,none,gradient_boosting,,,,,,,,,,,,,,,,,,,,,,,0.1,deviance,3,1.0,None,1,2,0.0,100,1.0,,,,,,,,,,,,,,,,,,,,,,,,,,,,,,,,,,,,,,,,,,,,,,,,,,,,,,,,,,,,,,,,,,,most_frequent,0.0009034853870688868,True,extra_trees_preproc_for_classification,False,gini,None,1.0,1,2,0.0,100,,,,,,,,,,,,,,,,,,,,,,,,,,,,,,,,,,,,,,,,,,,,,,,none
94,weighting,proj_logit,,,,,,,,,,,,,,,,,,,,,,,,,,,,,,,,,,,,,,,,,,,,,,,,,,,,,,,,,,,,,,,,19,,,,,,,,,,,,,,,,,,,,,,,,,,,,,,,,,,,median,0.068332896123793,True,extra_trees_preproc_for_classification,False,gini,None,1.0695179329108082,3,5,0.0,100,,,,,,,,,,,,,,,,,,,,,,,,,,,,,,,,,,,,,,,,,,,,,,,standardize
95,weighting,proj_logit,,,,,,,,,,,,,,,,,,,,,,,,,,,,,,,,,,,,,,,,,,,,,,,,,,,,,,,,,,,,,,,,14,,,,,,,,,,,,,,,,,,,,,,,,,,,,,,,,,,,median,0.14472923245434438,True,polynomial,,,,,,,,,,,,,,,,,,,,,,,,,,,,,,,,,,,,,,,,,2,False,False,,,,,,,,,,,,none
96,none,random_forest,,,,,,,,,,,,,,,,,,,,,,,,,,,,,,,,,,,,,,,,,,,,,,,,,,,,,,,,,,,,,,,,,,True,gini,None,0.6220329970704515,None,6,8,0.0,100,,,,,,,,,,,,,,,,,,,,,,,,,mean,0.0001599912400566043,True,feature_agglomeration,,,,,,,,,,,,,cosine,average,309,mean,,,,,,,,,,,,,,,,,,,,,,,,,,,,,,,,,,,,,,,min/max
97,none,xgradient_boosting,,,,,,,,,,,,,,,,,,,,,,,,,,,,,,,,,,,,,,,,,,,,,,,,,,,,,,,,,,,,,,,,,,,,,,,,,,,,,,,,,,,,,,0.5,1,1,0,0.20954218127241114,0,1,15,100,0,1,1,0.59713486311507635,mean,,False,no_preprocessing,,,,,,,,,,,,,,,,,,,,,,,,,,,,,,,,,,,,,,,,,,,,,,,,,,,,,,,min/max
98,weighting,xgradient_boosting,,,,,,,,,,,,,,,,,,,,,,,,,,,,,,,,,,,,,,,,,,,,,,,,,,,,,,,,,,,,,,,,,,,,,,,,,,,,,,,,,,,,,,0.5,1,1,0,0.039535805317396727,0,10,17,100,0,1,1,0.67493755644791298,median,,False,no_preprocessing,,,,,,,,,,,,,,,,,,,,,,,,,,,,,,,,,,,,,,,,,,,,,,,,,,,,,,,standardize
99,weighting,xgradient_boosting,,,,,,,,,,,,,,,,,,,,,,,,,,,,,,,,,,,,,,,,,,,,,,,,,,,,,,,,,,,,,,,,,,,,,,,,,,,,,,,,,,,,,,0.5,1,1,0,0.07803133051910395,0,10,2,100,0,1,1,0.41767000017936246,mean,0.0066651917313272444,True,no_preprocessing,,,,,,,,,,,,,,,,,,,,,,,,,,,,,,,,,,,,,,,,,,,,,,,,,,,,,,,none
100,weighting,xgradient_boosting,,,,,,,,,,,,,,,,,,,,,,,,,,,,,,,,,,,,,,,,,,,,,,,,,,,,,,,,,,,,,,,,,,,,,,,,,,,,,,,,,,,,,,0.5,1,1,0,0.027813080646332755,0,3,11,100,0,1,1,0.20557538900493341,median,0.0099922908434908319,True,no_preprocessing,,,,,,,,,,,,,,,,,,,,,,,,,,,,,,,,,,,,,,,,,,,,,,,,,,,,,,,normalize
101,weighting,xgradient_boosting,,,,,,,,,,,,,,,,,,,,,,,,,,,,,,,,,,,,,,,,,,,,,,,,,,,,,,,,,,,,,,,,,,,,,,,,,,,,,,,,,,,,,,0.5,1,1,0,0.014019365017964937,0,6,18,100,0,1,1,0.29673334414035429,mean,,False,no_preprocessing,,,,,,,,,,,,,,,,,,,,,,,,,,,,,,,,,,,,,,,,,,,,,,,,,,,,,,,none
102,weighting,xgradient_boosting,,,,,,,,,,,,,,,,,,,,,,,,,,,,,,,,,,,,,,,,,,,,,,,,,,,,,,,,,,,,,,,,,,,,,,,,,,,,,,,,,,,,,,0.5,1,1,0,0.086791471745902626,0,6,17,100,0,1,1,0.15069893412020738,most_frequent,,False,no_preprocessing,,,,,,,,,,,,,,,,,,,,,,,,,,,,,,,,,,,,,,,,,,,,,,,,,,,,,,,standardize
103,none,xgradient_boosting,,,,,,,,,,,,,,,,,,,,,,,,,,,,,,,,,,,,,,,,,,,,,,,,,,,,,,,,,,,,,,,,,,,,,,,,,,,,,,,,,,,,,,0.5,1,1,0,0.015572004512273536,0,7,17,100,0,1,1,0.78548132796793735,median,,False,no_preprocessing,,,,,,,,,,,,,,,,,,,,,,,,,,,,,,,,,,,,,,,,,,,,,,,,,,,,,,,none
104,none,xgradient_boosting,,,,,,,,,,,,,,,,,,,,,,,,,,,,,,,,,,,,,,,,,,,,,,,,,,,,,,,,,,,,,,,,,,,,,,,,,,,,,,,,,,,,,,0.5,1,1,0,0.64082630846836031,0,10,6,100,0,1,1,0.41841345308799588,most_frequent,,False,no_preprocessing,,,,,,,,,,,,,,,,,,,,,,,,,,,,,,,,,,,,,,,,,,,,,,,,,,,,,,,min/max
105,none,xgradient_boosting,,,,,,,,,,,,,,,,,,,,,,,,,,,,,,,,,,,,,,,,,,,,,,,,,,,,,,,,,,,,,,,,,,,,,,,,,,,,,,,,,,,,,,0.5,1,1,0,0.017337278913742423,0,3,2,100,0,1,1,0.043829598073980659,mean,,False,no_preprocessing,,,,,,,,,,,,,,,,,,,,,,,,,,,,,,,,,,,,,,,,,,,,,,,,,,,,,,,standardize
106,weighting,xgradient_boosting,,,,,,,,,,,,,,,,,,,,,,,,,,,,,,,,,,,,,,,,,,,,,,,,,,,,,,,,,,,,,,,,,,,,,,,,,,,,,,,,,,,,,,0.5,1,1,0,0.11209822960801213,0,3,14,100,0,1,1,0.62778968661257972,most_frequent,0.1847798648480348,True,no_preprocessing,,,,,,,,,,,,,,,,,,,,,,,,,,,,,,,,,,,,,,,,,,,,,,,,,,,,,,,standardize
