,idx,data_preprocessor:feature_type:categorical_transformer:categorical_encoding:__choice__,data_preprocessor:feature_type:categorical_transformer:category_coalescence:__choice__,data_preprocessor:feature_type:categorical_transformer:category_coalescence:minority_coalescer:minimum_fraction,data_preprocessor:feature_type:numerical_transformer:imputation:strategy,data_preprocessor:feature_type:numerical_transformer:rescaling:__choice__,data_preprocessor:feature_type:numerical_transformer:rescaling:quantile_transformer:n_quantiles,data_preprocessor:feature_type:numerical_transformer:rescaling:quantile_transformer:output_distribution,data_preprocessor:feature_type:numerical_transformer:rescaling:robust_scaler:q_max,data_preprocessor:feature_type:numerical_transformer:rescaling:robust_scaler:q_min,feature_preprocessor:__choice__,feature_preprocessor:extra_trees_preproc_for_regression:bootstrap,feature_preprocessor:extra_trees_preproc_for_regression:criterion,feature_preprocessor:extra_trees_preproc_for_regression:max_depth,feature_preprocessor:extra_trees_preproc_for_regression:max_features,feature_preprocessor:extra_trees_preproc_for_regression:max_leaf_nodes,feature_preprocessor:extra_trees_preproc_for_regression:min_samples_leaf,feature_preprocessor:extra_trees_preproc_for_regression:min_samples_split,feature_preprocessor:extra_trees_preproc_for_regression:min_weight_fraction_leaf,feature_preprocessor:extra_trees_preproc_for_regression:n_estimators,feature_preprocessor:fast_ica:algorithm,feature_preprocessor:fast_ica:fun,feature_preprocessor:fast_ica:n_components,feature_preprocessor:fast_ica:whiten,feature_preprocessor:feature_agglomeration:affinity,feature_preprocessor:feature_agglomeration:linkage,feature_preprocessor:feature_agglomeration:n_clusters,feature_preprocessor:feature_agglomeration:pooling_func,feature_preprocessor:kernel_pca:coef0,feature_preprocessor:kernel_pca:degree,feature_preprocessor:kernel_pca:gamma,feature_preprocessor:kernel_pca:kernel,feature_preprocessor:kernel_pca:n_components,feature_preprocessor:kitchen_sinks:gamma,feature_preprocessor:kitchen_sinks:n_components,feature_preprocessor:nystroem_sampler:coef0,feature_preprocessor:nystroem_sampler:degree,feature_preprocessor:nystroem_sampler:gamma,feature_preprocessor:nystroem_sampler:kernel,feature_preprocessor:nystroem_sampler:n_components,feature_preprocessor:pca:keep_variance,feature_preprocessor:pca:whiten,feature_preprocessor:polynomial:degree,feature_preprocessor:polynomial:include_bias,feature_preprocessor:polynomial:interaction_only,feature_preprocessor:random_trees_embedding:bootstrap,feature_preprocessor:random_trees_embedding:max_depth,feature_preprocessor:random_trees_embedding:max_leaf_nodes,feature_preprocessor:random_trees_embedding:min_samples_leaf,feature_preprocessor:random_trees_embedding:min_samples_split,feature_preprocessor:random_trees_embedding:min_weight_fraction_leaf,feature_preprocessor:random_trees_embedding:n_estimators,feature_preprocessor:select_percentile_regression:percentile,feature_preprocessor:select_percentile_regression:score_func,feature_preprocessor:select_rates_regression:alpha,feature_preprocessor:select_rates_regression:mode,feature_preprocessor:select_rates_regression:score_func,regressor:__choice__,regressor:adaboost:learning_rate,regressor:adaboost:loss,regressor:adaboost:max_depth,regressor:adaboost:n_estimators,regressor:ard_regression:alpha_1,regressor:ard_regression:alpha_2,regressor:ard_regression:fit_intercept,regressor:ard_regression:lambda_1,regressor:ard_regression:lambda_2,regressor:ard_regression:n_iter,regressor:ard_regression:threshold_lambda,regressor:ard_regression:tol,regressor:decision_tree:criterion,regressor:decision_tree:max_depth_factor,regressor:decision_tree:max_features,regressor:decision_tree:max_leaf_nodes,regressor:decision_tree:min_impurity_decrease,regressor:decision_tree:min_samples_leaf,regressor:decision_tree:min_samples_split,regressor:decision_tree:min_weight_fraction_leaf,regressor:extra_trees:bootstrap,regressor:extra_trees:criterion,regressor:extra_trees:max_depth,regressor:extra_trees:max_features,regressor:extra_trees:max_leaf_nodes,regressor:extra_trees:min_impurity_decrease,regressor:extra_trees:min_samples_leaf,regressor:extra_trees:min_samples_split,regressor:extra_trees:min_weight_fraction_leaf,regressor:gaussian_process:alpha,regressor:gaussian_process:thetaL,regressor:gaussian_process:thetaU,regressor:gradient_boosting:early_stop,regressor:gradient_boosting:l2_regularization,regressor:gradient_boosting:learning_rate,regressor:gradient_boosting:loss,regressor:gradient_boosting:max_bins,regressor:gradient_boosting:max_depth,regressor:gradient_boosting:max_leaf_nodes,regressor:gradient_boosting:min_samples_leaf,regressor:gradient_boosting:n_iter_no_change,regressor:gradient_boosting:scoring,regressor:gradient_boosting:tol,regressor:gradient_boosting:validation_fraction,regressor:k_nearest_neighbors:n_neighbors,regressor:k_nearest_neighbors:p,regressor:k_nearest_neighbors:weights,regressor:liblinear_svr:C,regressor:liblinear_svr:dual,regressor:liblinear_svr:epsilon,regressor:liblinear_svr:fit_intercept,regressor:liblinear_svr:intercept_scaling,regressor:liblinear_svr:loss,regressor:liblinear_svr:tol,regressor:libsvm_svr:C,regressor:libsvm_svr:coef0,regressor:libsvm_svr:degree,regressor:libsvm_svr:epsilon,regressor:libsvm_svr:gamma,regressor:libsvm_svr:kernel,regressor:libsvm_svr:max_iter,regressor:libsvm_svr:shrinking,regressor:libsvm_svr:tol,regressor:mlp:activation,regressor:mlp:alpha,regressor:mlp:batch_size,regressor:mlp:beta_1,regressor:mlp:beta_2,regressor:mlp:early_stopping,regressor:mlp:epsilon,regressor:mlp:hidden_layer_depth,regressor:mlp:learning_rate_init,regressor:mlp:n_iter_no_change,regressor:mlp:num_nodes_per_layer,regressor:mlp:shuffle,regressor:mlp:solver,regressor:mlp:tol,regressor:mlp:validation_fraction,regressor:random_forest:bootstrap,regressor:random_forest:criterion,regressor:random_forest:max_depth,regressor:random_forest:max_features,regressor:random_forest:max_leaf_nodes,regressor:random_forest:min_impurity_decrease,regressor:random_forest:min_samples_leaf,regressor:random_forest:min_samples_split,regressor:random_forest:min_weight_fraction_leaf,regressor:sgd:alpha,regressor:sgd:average,regressor:sgd:epsilon,regressor:sgd:eta0,regressor:sgd:fit_intercept,regressor:sgd:l1_ratio,regressor:sgd:learning_rate,regressor:sgd:loss,regressor:sgd:penalty,regressor:sgd:power_t,regressor:sgd:tol,data_preprocessor:__choice__,data_preprocessor:feature_type:text_transformer:feature_reduction:n_components,data_preprocessor:feature_type:text_transformer:text_encoding:__choice__,data_preprocessor:feature_type:text_transformer:text_encoding:bag_of_word_encoding:min_df_absolute,data_preprocessor:feature_type:text_transformer:feature_reduction:n_components,data_preprocessor:feature_type:text_transformer:text_encoding:__choice__,data_preprocessor:feature_type:text_transformer:text_encoding:bag_of_word_encoding:min_df_absolute,data_preprocessor:feature_type:text_transformer:feature_reduction:n_components,data_preprocessor:feature_type:text_transformer:text_encoding:__choice__,data_preprocessor:feature_type:text_transformer:text_encoding:bag_of_word_encoding:min_df_absolute,data_preprocessor:feature_type:text_transformer:text_encoding:bag_of_word_encoding:min_df_choice,data_preprocessor:feature_type:text_transformer:text_encoding:bag_of_word_encoding:min_df_relative,data_preprocessor:feature_type:text_transformer:text_encoding:bag_of_word_encoding_distinct:min_df_absolute,data_preprocessor:feature_type:text_transformer:text_encoding:bag_of_word_encoding_distinct:min_df_choice,data_preprocessor:feature_type:text_transformer:text_encoding:bag_of_word_encoding_distinct:min_df_relative,data_preprocessor:feature_type:text_transformer:text_encoding:tfidf_encoding:min_df_absolute,data_preprocessor:feature_type:text_transformer:text_encoding:tfidf_encoding:min_df_choice,data_preprocessor:feature_type:text_transformer:text_encoding:tfidf_encoding:min_df_relative,data_preprocessor:feature_type:text_transformer:text_encoding:tfidf_encoding:use_idf,data_preprocessor:feature_type:text_transformer:feature_reduction:n_components,data_preprocessor:feature_type:text_transformer:text_encoding:__choice__,data_preprocessor:feature_type:text_transformer:text_encoding:bag_of_word_encoding:min_df_absolute,data_preprocessor:feature_type:text_transformer:text_encoding:bag_of_word_encoding:min_df_choice,data_preprocessor:feature_type:text_transformer:text_encoding:bag_of_word_encoding:min_df_relative,data_preprocessor:feature_type:text_transformer:text_encoding:bag_of_word_encoding_distinct:min_df_absolute,data_preprocessor:feature_type:text_transformer:text_encoding:bag_of_word_encoding_distinct:min_df_choice,data_preprocessor:feature_type:text_transformer:text_encoding:bag_of_word_encoding_distinct:min_df_relative,data_preprocessor:feature_type:text_transformer:text_encoding:tfidf_encoding:min_df_absolute,data_preprocessor:feature_type:text_transformer:text_encoding:tfidf_encoding:min_df_choice,data_preprocessor:feature_type:text_transformer:text_encoding:tfidf_encoding:min_df_relative,data_preprocessor:feature_type:text_transformer:text_encoding:tfidf_encoding:use_idf
0,1,no_encoding,minority_coalescer,0.1952830640446863,mean,quantile_transformer,1012.0,normal,,,feature_agglomeration,,,,,,,,,,,,,,euclidean,ward,19.0,max,,,,,,,,,,,,,,,,,,,,,,,,,,,,,,gaussian_process,,,,,,,,,,,,,,,,,,,,,,,,,,,,,,0.0036015747006128,2.958116238190801e-10,1648.7454294729528,,,,,,,,,,,,,,,,,,,,,,,,,,,,,,,,,,,,,,,,,,,,,,,,,,,,,,,,,,,,,,,,,,,feature_type,100,tfidf_encoding,,100,tfidf_encoding,,100,tfidf_encoding,,,,,,,1,min_df_absolute,,0,100,tfidf_encoding,,,,,,,1,min_df_absolute,,0
1,4,no_encoding,minority_coalescer,0.0542213157153258,most_frequent,standardize,,,,,no_preprocessing,,,,,,,,,,,,,,,,,,,,,,,,,,,,,,,,,,,,,,,,,,,,,,,mlp,,,,,,,,,,,,,,,,,,,,,,,,,,,,,,,,,,,,,,,,,,,,,,,,,,,,,,,,,,,,,,,,tanh,7.818770024985629e-06,auto,0.9,0.999,train,1e-08,1.0,0.0007351998566408,32.0,124.0,True,adam,0.0001,,,,,,,,,,,,,,,,,,,,,,feature_type,100,tfidf_encoding,,100,tfidf_encoding,,100,tfidf_encoding,,,,,,,1,min_df_absolute,,0,100,tfidf_encoding,,,,,,,1,min_df_absolute,,0
2,7,one_hot_encoding,no_coalescense,,most_frequent,quantile_transformer,809.0,uniform,,,polynomial,,,,,,,,,,,,,,,,,,,,,,,,,,,,,,,,3.0,False,True,,,,,,,,,,,,,sgd,,,,,,,,,,,,,,,,,,,,,,,,,,,,,,,,,,,,,,,,,,,,,,,,,,,,,,,,,,,,,,,,,,,,,,,,,,,,,,,,,,,,,,,,0.0180607981154129,False,,0.0155401284377385,True,0.9326390049807726,constant,squared_loss,elasticnet,,0.0001057665461945,feature_type,100,tfidf_encoding,,100,tfidf_encoding,,100,tfidf_encoding,,,,,,,1,min_df_absolute,,0,100,tfidf_encoding,,,,,,,1,min_df_absolute,,0
3,10,one_hot_encoding,minority_coalescer,0.0001034920719062,mean,quantile_transformer,229.0,normal,,,no_preprocessing,,,,,,,,,,,,,,,,,,,,,,,,,,,,,,,,,,,,,,,,,,,,,,,gaussian_process,,,,,,,,,,,,,,,,,,,,,,,,,,,,,,0.0559679239911997,1.8694491708470566e-10,1.8954846844548172,,,,,,,,,,,,,,,,,,,,,,,,,,,,,,,,,,,,,,,,,,,,,,,,,,,,,,,,,,,,,,,,,,,feature_type,100,tfidf_encoding,,100,tfidf_encoding,,100,tfidf_encoding,,,,,,,1,min_df_absolute,,0,100,tfidf_encoding,,,,,,,1,min_df_absolute,,0
4,13,one_hot_encoding,no_coalescense,,mean,none,,,,,extra_trees_preproc_for_regression,False,mae,None,0.9005220528852804,None,18.0,19.0,0.0,100.0,,,,,,,,,,,,,,,,,,,,,,,,,,,,,,,,,,,,,,mlp,,,,,,,,,,,,,,,,,,,,,,,,,,,,,,,,,,,,,,,,,,,,,,,,,,,,,,,,,,,,,,,,relu,1.4422002266493963e-06,auto,0.9,0.999,train,1e-08,3.0,0.0001014790473361,32.0,102.0,True,adam,0.0001,,,,,,,,,,,,,,,,,,,,,,feature_type,100,tfidf_encoding,,100,tfidf_encoding,,100,tfidf_encoding,,,,,,,1,min_df_absolute,,0,100,tfidf_encoding,,,,,,,1,min_df_absolute,,0
5,17,one_hot_encoding,minority_coalescer,0.0102503614634466,mean,minmax,,,,,fast_ica,,,,,,,,,,parallel,exp,,False,,,,,,,,,,,,,,,,,,,,,,,,,,,,,,,,,,libsvm_svr,,,,,,,,,,,,,,,,,,,,,,,,,,,,,,,,,,,,,,,,,,,,,,,,,,,,,,,194.03096694114691,,3.0,0.0010214279074797,0.2011306515917625,rbf,-1.0,True,0.0206281932709369,,,,,,,,,,,,,,,,,,,,,,,,,,,,,,,,,,,,feature_type,100,tfidf_encoding,,100,tfidf_encoding,,100,tfidf_encoding,,,,,,,1,min_df_absolute,,0,100,tfidf_encoding,,,,,,,1,min_df_absolute,,0
6,19,one_hot_encoding,minority_coalescer,0.0013057623156653,median,robust_scaler,,,0.7384386306109247,0.1361983001115625,select_percentile_regression,,,,,,,,,,,,,,,,,,,,,,,,,,,,,,,,,,,,,,,,,,47.93540287690456,f_regression,,,,sgd,,,,,,,,,,,,,,,,,,,,,,,,,,,,,,,,,,,,,,,,,,,,,,,,,,,,,,,,,,,,,,,,,,,,,,,,,,,,,,,,,,,,,,,,3.1920798638358104e-06,True,0.1,2.566255086145433e-06,True,,invscaling,squared_epsilon_insensitive,l2,0.1644369255851403,7.823786229838958e-05,feature_type,100,tfidf_encoding,,100,tfidf_encoding,,100,tfidf_encoding,,,,,,,1,min_df_absolute,,0,100,tfidf_encoding,,,,,,,1,min_df_absolute,,0
7,24,no_encoding,no_coalescense,,mean,quantile_transformer,921.0,uniform,,,select_rates_regression,,,,,,,,,,,,,,,,,,,,,,,,,,,,,,,,,,,,,,,,,,,,0.1883315545976251,fdr,f_regression,gaussian_process,,,,,,,,,,,,,,,,,,,,,,,,,,,,,,1.7244875831624983e-11,1.7692546384341245e-08,2136.489365016044,,,,,,,,,,,,,,,,,,,,,,,,,,,,,,,,,,,,,,,,,,,,,,,,,,,,,,,,,,,,,,,,,,,feature_type,100,tfidf_encoding,,100,tfidf_encoding,,100,tfidf_encoding,,,,,,,1,min_df_absolute,,0,100,tfidf_encoding,,,,,,,1,min_df_absolute,,0
8,25,no_encoding,minority_coalescer,0.0086850689661376,mean,none,,,,,polynomial,,,,,,,,,,,,,,,,,,,,,,,,,,,,,,,,2.0,False,True,,,,,,,,,,,,,gradient_boosting,,,,,,,,,,,,,,,,,,,,,,,,,,,,,,,,,valid,9.509076564526023e-10,0.1,least_squares,255.0,None,43.0,16.0,15.0,loss,1e-07,0.1198993165061375,,,,,,,,,,,,,,,,,,,,,,,,,,,,,,,,,,,,,,,,,,,,,,,,,,,,,,,feature_type,100,tfidf_encoding,,100,tfidf_encoding,,100,tfidf_encoding,,,,,,,1,min_df_absolute,,0,100,tfidf_encoding,,,,,,,1,min_df_absolute,,0
9,28,no_encoding,minority_coalescer,0.0039786857247315,mean,robust_scaler,,,0.7840854273341944,0.1137618972214684,no_preprocessing,,,,,,,,,,,,,,,,,,,,,,,,,,,,,,,,,,,,,,,,,,,,,,,k_nearest_neighbors,,,,,,,,,,,,,,,,,,,,,,,,,,,,,,,,,,,,,,,,,,,,,20.0,2.0,distance,,,,,,,,,,,,,,,,,,,,,,,,,,,,,,,,,,,,,,,,,,,,,,,,,,,,feature_type,100,tfidf_encoding,,100,tfidf_encoding,,100,tfidf_encoding,,,,,,,1,min_df_absolute,,0,100,tfidf_encoding,,,,,,,1,min_df_absolute,,0
10,31,one_hot_encoding,minority_coalescer,0.000118336579369,median,robust_scaler,,,0.9620122536055724,0.041640861521144,select_percentile_regression,,,,,,,,,,,,,,,,,,,,,,,,,,,,,,,,,,,,,,,,,,11.840099182386703,mutual_info,,,,ard_regression,,,,,0.0001000059734391,9.119287544292208e-06,True,3.857095107208989e-05,2.2152513731755446e-09,300.0,1149.097005419999,0.0729117356917979,,,,,,,,,,,,,,,,,,,,,,,,,,,,,,,,,,,,,,,,,,,,,,,,,,,,,,,,,,,,,,,,,,,,,,,,,,,,,,,,,,,,,,,feature_type,100,tfidf_encoding,,100,tfidf_encoding,,100,tfidf_encoding,,,,,,,1,min_df_absolute,,0,100,tfidf_encoding,,,,,,,1,min_df_absolute,,0
11,34,one_hot_encoding,no_coalescense,,most_frequent,quantile_transformer,952.0,uniform,,,no_preprocessing,,,,,,,,,,,,,,,,,,,,,,,,,,,,,,,,,,,,,,,,,,,,,,,gradient_boosting,,,,,,,,,,,,,,,,,,,,,,,,,,,,,,,,,off,1.8428972335335263e-10,0.0126078249147587,least_squares,255.0,None,10.0,8.0,,loss,1e-07,,,,,,,,,,,,,,,,,,,,,,,,,,,,,,,,,,,,,,,,,,,,,,,,,,,,,,,,feature_type,100,tfidf_encoding,,100,tfidf_encoding,,100,tfidf_encoding,,,,,,,1,min_df_absolute,,0,100,tfidf_encoding,,,,,,,1,min_df_absolute,,0
12,38,no_encoding,minority_coalescer,0.1610079477661089,median,robust_scaler,,,0.7171413959739553,0.1300413646633975,feature_agglomeration,,,,,,,,,,,,,,euclidean,complete,170.0,mean,,,,,,,,,,,,,,,,,,,,,,,,,,,,,,random_forest,,,,,,,,,,,,,,,,,,,,,,,,,,,,,,,,,,,,,,,,,,,,,,,,,,,,,,,,,,,,,,,,,,,,,,,,,,,,,,,False,mae,None,0.3553384059934433,None,0.0,4.0,3.0,0.0,,,,,,,,,,,,feature_type,100,tfidf_encoding,,100,tfidf_encoding,,100,tfidf_encoding,,,,,,,1,min_df_absolute,,0,100,tfidf_encoding,,,,,,,1,min_df_absolute,,0
13,40,no_encoding,no_coalescense,,mean,normalize,,,,,fast_ica,,,,,,,,,,parallel,logcosh,1204.0,True,,,,,,,,,,,,,,,,,,,,,,,,,,,,,,,,,,adaboost,0.0272767178404105,square,9.0,374.0,,,,,,,,,,,,,,,,,,,,,,,,,,,,,,,,,,,,,,,,,,,,,,,,,,,,,,,,,,,,,,,,,,,,,,,,,,,,,,,,,,,,,,,,,,,,,,,feature_type,100,tfidf_encoding,,100,tfidf_encoding,,100,tfidf_encoding,,,,,,,1,min_df_absolute,,0,100,tfidf_encoding,,,,,,,1,min_df_absolute,,0
14,45,one_hot_encoding,no_coalescense,,most_frequent,robust_scaler,,,0.9547830281251511,0.2818601517145067,polynomial,,,,,,,,,,,,,,,,,,,,,,,,,,,,,,,,2.0,False,True,,,,,,,,,,,,,liblinear_svr,,,,,,,,,,,,,,,,,,,,,,,,,,,,,,,,,,,,,,,,,,,,,,,,0.8238476287807213,False,0.0688968938930616,True,1.0,squared_epsilon_insensitive,0.0078037664558542,,,,,,,,,,,,,,,,,,,,,,,,,,,,,,,,,,,,,,,,,,,,,feature_type,100,tfidf_encoding,,100,tfidf_encoding,,100,tfidf_encoding,,,,,,,1,min_df_absolute,,0,100,tfidf_encoding,,,,,,,1,min_df_absolute,,0
15,46,no_encoding,no_coalescense,,mean,minmax,,,,,fast_ica,,,,,,,,,,deflation,logcosh,,False,,,,,,,,,,,,,,,,,,,,,,,,,,,,,,,,,,libsvm_svr,,,,,,,,,,,,,,,,,,,,,,,,,,,,,,,,,,,,,,,,,,,,,,,,,,,,,,,12959.890271609733,,2.0,0.0026974286973887,5.6258313008635,rbf,-1.0,False,0.0064617355977629,,,,,,,,,,,,,,,,,,,,,,,,,,,,,,,,,,,,feature_type,100,tfidf_encoding,,100,tfidf_encoding,,100,tfidf_encoding,,,,,,,1,min_df_absolute,,0,100,tfidf_encoding,,,,,,,1,min_df_absolute,,0
16,50,one_hot_encoding,no_coalescense,,mean,none,,,,,feature_agglomeration,,,,,,,,,,,,,,manhattan,average,189.0,mean,,,,,,,,,,,,,,,,,,,,,,,,,,,,,,extra_trees,,,,,,,,,,,,,,,,,,,,,True,mse,None,0.625928697925399,None,0.0,13.0,17.0,0.0,,,,,,,,,,,,,,,,,,,,,,,,,,,,,,,,,,,,,,,,,,,,,,,,,,,,,,,,,,,,,,,,,,,,,,feature_type,100,tfidf_encoding,,100,tfidf_encoding,,100,tfidf_encoding,,,,,,,1,min_df_absolute,,0,100,tfidf_encoding,,,,,,,1,min_df_absolute,,0
17,54,one_hot_encoding,minority_coalescer,0.033271084710434,mean,minmax,,,,,fast_ica,,,,,,,,,,deflation,exp,100.0,True,,,,,,,,,,,,,,,,,,,,,,,,,,,,,,,,,,random_forest,,,,,,,,,,,,,,,,,,,,,,,,,,,,,,,,,,,,,,,,,,,,,,,,,,,,,,,,,,,,,,,,,,,,,,,,,,,,,,,True,mse,None,1.0,None,0.0,3.0,4.0,0.0,,,,,,,,,,,,feature_type,100,tfidf_encoding,,100,tfidf_encoding,,100,tfidf_encoding,,,,,,,1,min_df_absolute,,0,100,tfidf_encoding,,,,,,,1,min_df_absolute,,0
18,56,one_hot_encoding,minority_coalescer,0.0004583337260316,most_frequent,minmax,,,,,random_trees_embedding,,,,,,,,,,,,,,,,,,,,,,,,,,,,,,,,,,,False,4.0,None,5.0,13.0,1.0,95.0,,,,,,random_forest,,,,,,,,,,,,,,,,,,,,,,,,,,,,,,,,,,,,,,,,,,,,,,,,,,,,,,,,,,,,,,,,,,,,,,,,,,,,,,,False,mae,None,0.7632599342253943,None,0.0,6.0,3.0,0.0,,,,,,,,,,,,feature_type,100,tfidf_encoding,,100,tfidf_encoding,,100,tfidf_encoding,,,,,,,1,min_df_absolute,,0,100,tfidf_encoding,,,,,,,1,min_df_absolute,,0
19,58,one_hot_encoding,no_coalescense,,median,standardize,,,,,select_percentile_regression,,,,,,,,,,,,,,,,,,,,,,,,,,,,,,,,,,,,,,,,,,22.538520410186127,f_regression,,,,liblinear_svr,,,,,,,,,,,,,,,,,,,,,,,,,,,,,,,,,,,,,,,,,,,,,,,,0.0363887891967356,False,0.0012739627397164,True,1.0,squared_epsilon_insensitive,0.0201804688044481,,,,,,,,,,,,,,,,,,,,,,,,,,,,,,,,,,,,,,,,,,,,,feature_type,100,tfidf_encoding,,100,tfidf_encoding,,100,tfidf_encoding,,,,,,,1,min_df_absolute,,0,100,tfidf_encoding,,,,,,,1,min_df_absolute,,0
20,62,no_encoding,minority_coalescer,0.0125698410997412,mean,none,,,,,polynomial,,,,,,,,,,,,,,,,,,,,,,,,,,,,,,,,3.0,True,False,,,,,,,,,,,,,extra_trees,,,,,,,,,,,,,,,,,,,,,False,friedman_mse,None,0.849869957463498,None,0.0,1.0,7.0,0.0,,,,,,,,,,,,,,,,,,,,,,,,,,,,,,,,,,,,,,,,,,,,,,,,,,,,,,,,,,,,,,,,,,,,,,feature_type,100,tfidf_encoding,,100,tfidf_encoding,,100,tfidf_encoding,,,,,,,1,min_df_absolute,,0,100,tfidf_encoding,,,,,,,1,min_df_absolute,,0
21,66,no_encoding,minority_coalescer,0.0001675426950542,median,quantile_transformer,170.0,uniform,,,no_preprocessing,,,,,,,,,,,,,,,,,,,,,,,,,,,,,,,,,,,,,,,,,,,,,,,extra_trees,,,,,,,,,,,,,,,,,,,,,False,mse,None,0.6962692885049272,None,0.0,17.0,17.0,0.0,,,,,,,,,,,,,,,,,,,,,,,,,,,,,,,,,,,,,,,,,,,,,,,,,,,,,,,,,,,,,,,,,,,,,,feature_type,100,tfidf_encoding,,100,tfidf_encoding,,100,tfidf_encoding,,,,,,,1,min_df_absolute,,0,100,tfidf_encoding,,,,,,,1,min_df_absolute,,0
22,69,no_encoding,minority_coalescer,0.0059161604395076,median,robust_scaler,,,0.7573862080172087,0.232485641303357,no_preprocessing,,,,,,,,,,,,,,,,,,,,,,,,,,,,,,,,,,,,,,,,,,,,,,,random_forest,,,,,,,,,,,,,,,,,,,,,,,,,,,,,,,,,,,,,,,,,,,,,,,,,,,,,,,,,,,,,,,,,,,,,,,,,,,,,,,True,mse,None,0.9576560462788346,None,0.0,1.0,2.0,0.0,,,,,,,,,,,,feature_type,100,tfidf_encoding,,100,tfidf_encoding,,100,tfidf_encoding,,,,,,,1,min_df_absolute,,0,100,tfidf_encoding,,,,,,,1,min_df_absolute,,0
23,71,one_hot_encoding,minority_coalescer,0.0092574989495203,most_frequent,none,,,,,polynomial,,,,,,,,,,,,,,,,,,,,,,,,,,,,,,,,2.0,False,True,,,,,,,,,,,,,libsvm_svr,,,,,,,,,,,,,,,,,,,,,,,,,,,,,,,,,,,,,,,,,,,,,,,,,,,,,,,0.4496197338255694,,,0.0974080965274153,,linear,-1.0,False,0.0017432165166466,,,,,,,,,,,,,,,,,,,,,,,,,,,,,,,,,,,,feature_type,100,tfidf_encoding,,100,tfidf_encoding,,100,tfidf_encoding,,,,,,,1,min_df_absolute,,0,100,tfidf_encoding,,,,,,,1,min_df_absolute,,0
24,74,no_encoding,minority_coalescer,0.0411371732037623,most_frequent,standardize,,,,,fast_ica,,,,,,,,,,deflation,exp,,False,,,,,,,,,,,,,,,,,,,,,,,,,,,,,,,,,,gaussian_process,,,,,,,,,,,,,,,,,,,,,,,,,,,,,,0.0392081539618423,1.5339339840662385e-06,12835.896109095504,,,,,,,,,,,,,,,,,,,,,,,,,,,,,,,,,,,,,,,,,,,,,,,,,,,,,,,,,,,,,,,,,,,feature_type,100,tfidf_encoding,,100,tfidf_encoding,,100,tfidf_encoding,,,,,,,1,min_df_absolute,,0,100,tfidf_encoding,,,,,,,1,min_df_absolute,,0
25,76,no_encoding,minority_coalescer,0.0177634861581214,mean,robust_scaler,,,0.7531696951574762,0.2658457991846999,fast_ica,,,,,,,,,,deflation,cube,,False,,,,,,,,,,,,,,,,,,,,,,,,,,,,,,,,,,mlp,,,,,,,,,,,,,,,,,,,,,,,,,,,,,,,,,,,,,,,,,,,,,,,,,,,,,,,,,,,,,,,,relu,1.740596891332215e-06,auto,0.9,0.999,valid,1e-08,2.0,0.0048849647567625,32.0,214.0,True,adam,0.0001,0.1,,,,,,,,,,,,,,,,,,,,,feature_type,100,tfidf_encoding,,100,tfidf_encoding,,100,tfidf_encoding,,,,,,,1,min_df_absolute,,0,100,tfidf_encoding,,,,,,,1,min_df_absolute,,0
26,79,no_encoding,minority_coalescer,0.0632101531985031,mean,minmax,,,,,fast_ica,,,,,,,,,,parallel,exp,,False,,,,,,,,,,,,,,,,,,,,,,,,,,,,,,,,,,libsvm_svr,,,,,,,,,,,,,,,,,,,,,,,,,,,,,,,,,,,,,,,,,,,,,,,,,,,,,,,1748.6495214510217,0.6139955830104578,5.0,0.2904841027866532,0.0368126977716213,poly,-1.0,False,0.048525035127205,,,,,,,,,,,,,,,,,,,,,,,,,,,,,,,,,,,,feature_type,100,tfidf_encoding,,100,tfidf_encoding,,100,tfidf_encoding,,,,,,,1,min_df_absolute,,0,100,tfidf_encoding,,,,,,,1,min_df_absolute,,0
27,82,no_encoding,minority_coalescer,0.0560731032148916,mean,none,,,,,polynomial,,,,,,,,,,,,,,,,,,,,,,,,,,,,,,,,2.0,True,True,,,,,,,,,,,,,libsvm_svr,,,,,,,,,,,,,,,,,,,,,,,,,,,,,,,,,,,,,,,,,,,,,,,,,,,,,,,28831.968873651404,0.3938673384674802,3.0,0.1237078356420223,0.0026233747431769,poly,-1.0,True,4.714268123196739e-05,,,,,,,,,,,,,,,,,,,,,,,,,,,,,,,,,,,,feature_type,100,tfidf_encoding,,100,tfidf_encoding,,100,tfidf_encoding,,,,,,,1,min_df_absolute,,0,100,tfidf_encoding,,,,,,,1,min_df_absolute,,0
28,86,one_hot_encoding,minority_coalescer,0.0982914953088897,median,robust_scaler,,,0.9428003410291076,0.2175787996857675,polynomial,,,,,,,,,,,,,,,,,,,,,,,,,,,,,,,,2.0,False,False,,,,,,,,,,,,,ard_regression,,,,,0.0004770408292484,0.0003265362881991,True,1.1948865170434934e-05,1.32258784593155e-08,300.0,8355.350995742332,0.0505357195491639,,,,,,,,,,,,,,,,,,,,,,,,,,,,,,,,,,,,,,,,,,,,,,,,,,,,,,,,,,,,,,,,,,,,,,,,,,,,,,,,,,,,,,,feature_type,100,tfidf_encoding,,100,tfidf_encoding,,100,tfidf_encoding,,,,,,,1,min_df_absolute,,0,100,tfidf_encoding,,,,,,,1,min_df_absolute,,0
29,88,one_hot_encoding,no_coalescense,,most_frequent,minmax,,,,,no_preprocessing,,,,,,,,,,,,,,,,,,,,,,,,,,,,,,,,,,,,,,,,,,,,,,,random_forest,,,,,,,,,,,,,,,,,,,,,,,,,,,,,,,,,,,,,,,,,,,,,,,,,,,,,,,,,,,,,,,,,,,,,,,,,,,,,,,True,friedman_mse,None,0.9456069656982452,None,0.0,1.0,2.0,0.0,,,,,,,,,,,,feature_type,100,tfidf_encoding,,100,tfidf_encoding,,100,tfidf_encoding,,,,,,,1,min_df_absolute,,0,100,tfidf_encoding,,,,,,,1,min_df_absolute,,0
30,91,no_encoding,no_coalescense,,mean,normalize,,,,,polynomial,,,,,,,,,,,,,,,,,,,,,,,,,,,,,,,,2.0,True,True,,,,,,,,,,,,,k_nearest_neighbors,,,,,,,,,,,,,,,,,,,,,,,,,,,,,,,,,,,,,,,,,,,,,1.0,2.0,uniform,,,,,,,,,,,,,,,,,,,,,,,,,,,,,,,,,,,,,,,,,,,,,,,,,,,,feature_type,100,tfidf_encoding,,100,tfidf_encoding,,100,tfidf_encoding,,,,,,,1,min_df_absolute,,0,100,tfidf_encoding,,,,,,,1,min_df_absolute,,0
31,93,one_hot_encoding,no_coalescense,,most_frequent,quantile_transformer,1148.0,uniform,,,select_rates_regression,,,,,,,,,,,,,,,,,,,,,,,,,,,,,,,,,,,,,,,,,,,,0.1477832677846214,fpr,f_regression,gradient_boosting,,,,,,,,,,,,,,,,,,,,,,,,,,,,,,,,,off,1.7962284970386195e-10,0.0515655532705544,least_squares,255.0,None,35.0,12.0,,loss,1e-07,,,,,,,,,,,,,,,,,,,,,,,,,,,,,,,,,,,,,,,,,,,,,,,,,,,,,,,,feature_type,100,tfidf_encoding,,100,tfidf_encoding,,100,tfidf_encoding,,,,,,,1,min_df_absolute,,0,100,tfidf_encoding,,,,,,,1,min_df_absolute,,0
32,98,no_encoding,no_coalescense,,mean,robust_scaler,,,0.7010465420634562,0.1903283312859242,feature_agglomeration,,,,,,,,,,,,,,euclidean,ward,31.0,max,,,,,,,,,,,,,,,,,,,,,,,,,,,,,,extra_trees,,,,,,,,,,,,,,,,,,,,,False,friedman_mse,None,0.7612289466695656,None,0.0,1.0,2.0,0.0,,,,,,,,,,,,,,,,,,,,,,,,,,,,,,,,,,,,,,,,,,,,,,,,,,,,,,,,,,,,,,,,,,,,,,feature_type,100,tfidf_encoding,,100,tfidf_encoding,,100,tfidf_encoding,,,,,,,1,min_df_absolute,,0,100,tfidf_encoding,,,,,,,1,min_df_absolute,,0
33,100,one_hot_encoding,minority_coalescer,0.0004074198580703,mean,robust_scaler,,,0.9330606970563508,0.2761356138672697,no_preprocessing,,,,,,,,,,,,,,,,,,,,,,,,,,,,,,,,,,,,,,,,,,,,,,,adaboost,0.0283452855465618,linear,10.0,174.0,,,,,,,,,,,,,,,,,,,,,,,,,,,,,,,,,,,,,,,,,,,,,,,,,,,,,,,,,,,,,,,,,,,,,,,,,,,,,,,,,,,,,,,,,,,,,,,feature_type,100,tfidf_encoding,,100,tfidf_encoding,,100,tfidf_encoding,,,,,,,1,min_df_absolute,,0,100,tfidf_encoding,,,,,,,1,min_df_absolute,,0
34,102,no_encoding,minority_coalescer,0.0082951923104957,mean,none,,,,,polynomial,,,,,,,,,,,,,,,,,,,,,,,,,,,,,,,,2.0,False,False,,,,,,,,,,,,,ard_regression,,,,,4.7044575285722365e-05,0.0006298638071273,True,7.584067704707024e-10,3.923255608410879e-08,300.0,4052.403778957396,0.009359388994186,,,,,,,,,,,,,,,,,,,,,,,,,,,,,,,,,,,,,,,,,,,,,,,,,,,,,,,,,,,,,,,,,,,,,,,,,,,,,,,,,,,,,,,feature_type,100,tfidf_encoding,,100,tfidf_encoding,,100,tfidf_encoding,,,,,,,1,min_df_absolute,,0,100,tfidf_encoding,,,,,,,1,min_df_absolute,,0
35,105,one_hot_encoding,no_coalescense,,median,none,,,,,select_rates_regression,,,,,,,,,,,,,,,,,,,,,,,,,,,,,,,,,,,,,,,,,,,,0.4686252124441843,fpr,f_regression,gradient_boosting,,,,,,,,,,,,,,,,,,,,,,,,,,,,,,,,,valid,0.0038606936054114,0.0202666251240441,least_squares,255.0,None,458.0,158.0,18.0,loss,1e-07,0.2777597289069257,,,,,,,,,,,,,,,,,,,,,,,,,,,,,,,,,,,,,,,,,,,,,,,,,,,,,,,feature_type,100,tfidf_encoding,,100,tfidf_encoding,,100,tfidf_encoding,,,,,,,1,min_df_absolute,,0,100,tfidf_encoding,,,,,,,1,min_df_absolute,,0
36,107,no_encoding,no_coalescense,,mean,robust_scaler,,,0.7727512096172742,0.2246159811575868,feature_agglomeration,,,,,,,,,,,,,,manhattan,complete,21.0,max,,,,,,,,,,,,,,,,,,,,,,,,,,,,,,gradient_boosting,,,,,,,,,,,,,,,,,,,,,,,,,,,,,,,,,train,2.208787572338781e-05,0.0360873324045717,least_squares,255.0,None,64.0,3.0,18.0,loss,1e-07,,,,,,,,,,,,,,,,,,,,,,,,,,,,,,,,,,,,,,,,,,,,,,,,,,,,,,,,feature_type,100,tfidf_encoding,,100,tfidf_encoding,,100,tfidf_encoding,,,,,,,1,min_df_absolute,,0,100,tfidf_encoding,,,,,,,1,min_df_absolute,,0
37,110,no_encoding,minority_coalescer,0.0006869013905922,mean,quantile_transformer,1352.0,normal,,,select_rates_regression,,,,,,,,,,,,,,,,,,,,,,,,,,,,,,,,,,,,,,,,,,,,0.0735754899088154,fpr,f_regression,gradient_boosting,,,,,,,,,,,,,,,,,,,,,,,,,,,,,,,,,train,3.2041491191472603e-10,0.1279702444496931,least_squares,255.0,None,63.0,19.0,8.0,loss,1e-07,,,,,,,,,,,,,,,,,,,,,,,,,,,,,,,,,,,,,,,,,,,,,,,,,,,,,,,,feature_type,100,tfidf_encoding,,100,tfidf_encoding,,100,tfidf_encoding,,,,,,,1,min_df_absolute,,0,100,tfidf_encoding,,,,,,,1,min_df_absolute,,0
38,114,no_encoding,minority_coalescer,0.0003158899599773,most_frequent,normalize,,,,,feature_agglomeration,,,,,,,,,,,,,,euclidean,complete,253.0,median,,,,,,,,,,,,,,,,,,,,,,,,,,,,,,extra_trees,,,,,,,,,,,,,,,,,,,,,False,mae,None,0.7401627697020776,None,0.0,3.0,14.0,0.0,,,,,,,,,,,,,,,,,,,,,,,,,,,,,,,,,,,,,,,,,,,,,,,,,,,,,,,,,,,,,,,,,,,,,,feature_type,100,tfidf_encoding,,100,tfidf_encoding,,100,tfidf_encoding,,,,,,,1,min_df_absolute,,0,100,tfidf_encoding,,,,,,,1,min_df_absolute,,0
39,117,no_encoding,no_coalescense,,most_frequent,none,,,,,no_preprocessing,,,,,,,,,,,,,,,,,,,,,,,,,,,,,,,,,,,,,,,,,,,,,,,libsvm_svr,,,,,,,,,,,,,,,,,,,,,,,,,,,,,,,,,,,,,,,,,,,,,,,,,,,,,,,0.2031136218970144,,,0.340528001967228,,linear,-1.0,False,4.070347915643521e-05,,,,,,,,,,,,,,,,,,,,,,,,,,,,,,,,,,,,feature_type,100,tfidf_encoding,,100,tfidf_encoding,,100,tfidf_encoding,,,,,,,1,min_df_absolute,,0,100,tfidf_encoding,,,,,,,1,min_df_absolute,,0
40,119,no_encoding,minority_coalescer,0.0022713187667671,median,quantile_transformer,547.0,uniform,,,no_preprocessing,,,,,,,,,,,,,,,,,,,,,,,,,,,,,,,,,,,,,,,,,,,,,,,random_forest,,,,,,,,,,,,,,,,,,,,,,,,,,,,,,,,,,,,,,,,,,,,,,,,,,,,,,,,,,,,,,,,,,,,,,,,,,,,,,,True,mae,None,0.8193894465766905,None,0.0,2.0,17.0,0.0,,,,,,,,,,,,feature_type,100,tfidf_encoding,,100,tfidf_encoding,,100,tfidf_encoding,,,,,,,1,min_df_absolute,,0,100,tfidf_encoding,,,,,,,1,min_df_absolute,,0
41,124,no_encoding,no_coalescense,,most_frequent,quantile_transformer,1567.0,uniform,,,polynomial,,,,,,,,,,,,,,,,,,,,,,,,,,,,,,,,2.0,False,False,,,,,,,,,,,,,extra_trees,,,,,,,,,,,,,,,,,,,,,False,friedman_mse,None,1.0,None,0.0,5.0,2.0,0.0,,,,,,,,,,,,,,,,,,,,,,,,,,,,,,,,,,,,,,,,,,,,,,,,,,,,,,,,,,,,,,,,,,,,,,feature_type,100,tfidf_encoding,,100,tfidf_encoding,,100,tfidf_encoding,,,,,,,1,min_df_absolute,,0,100,tfidf_encoding,,,,,,,1,min_df_absolute,,0
42,126,no_encoding,minority_coalescer,0.0102226419126506,median,quantile_transformer,1092.0,uniform,,,feature_agglomeration,,,,,,,,,,,,,,euclidean,ward,59.0,mean,,,,,,,,,,,,,,,,,,,,,,,,,,,,,,adaboost,0.0105712780328402,linear,10.0,116.0,,,,,,,,,,,,,,,,,,,,,,,,,,,,,,,,,,,,,,,,,,,,,,,,,,,,,,,,,,,,,,,,,,,,,,,,,,,,,,,,,,,,,,,,,,,,,,,feature_type,100,tfidf_encoding,,100,tfidf_encoding,,100,tfidf_encoding,,,,,,,1,min_df_absolute,,0,100,tfidf_encoding,,,,,,,1,min_df_absolute,,0
43,128,one_hot_encoding,no_coalescense,,most_frequent,quantile_transformer,1040.0,uniform,,,no_preprocessing,,,,,,,,,,,,,,,,,,,,,,,,,,,,,,,,,,,,,,,,,,,,,,,gradient_boosting,,,,,,,,,,,,,,,,,,,,,,,,,,,,,,,,,train,1.27381234568573e-07,0.0275826080526315,least_squares,255.0,None,57.0,5.0,1.0,loss,1e-07,,,,,,,,,,,,,,,,,,,,,,,,,,,,,,,,,,,,,,,,,,,,,,,,,,,,,,,,feature_type,100,tfidf_encoding,,100,tfidf_encoding,,100,tfidf_encoding,,,,,,,1,min_df_absolute,,0,100,tfidf_encoding,,,,,,,1,min_df_absolute,,0
44,131,no_encoding,minority_coalescer,0.0026150904111835,mean,normalize,,,,,pca,,,,,,,,,,,,,,,,,,,,,,,,,,,,,,0.5410109609735668,True,,,,,,,,,,,,,,,,decision_tree,,,,,,,,,,,,,friedman_mse,1.240365240027156,1.0,None,0.0,19.0,11.0,0.0,,,,,,,,,,,,,,,,,,,,,,,,,,,,,,,,,,,,,,,,,,,,,,,,,,,,,,,,,,,,,,,,,,,,,,,,,,,,,,,feature_type,100,tfidf_encoding,,100,tfidf_encoding,,100,tfidf_encoding,,,,,,,1,min_df_absolute,,0,100,tfidf_encoding,,,,,,,1,min_df_absolute,,0
45,135,no_encoding,minority_coalescer,0.000299163157798,median,quantile_transformer,894.0,uniform,,,no_preprocessing,,,,,,,,,,,,,,,,,,,,,,,,,,,,,,,,,,,,,,,,,,,,,,,gaussian_process,,,,,,,,,,,,,,,,,,,,,,,,,,,,,,5.348575844106585e-11,3.280201430015545e-06,3027.1156250557783,,,,,,,,,,,,,,,,,,,,,,,,,,,,,,,,,,,,,,,,,,,,,,,,,,,,,,,,,,,,,,,,,,,feature_type,100,tfidf_encoding,,100,tfidf_encoding,,100,tfidf_encoding,,,,,,,1,min_df_absolute,,0,100,tfidf_encoding,,,,,,,1,min_df_absolute,,0
46,137,one_hot_encoding,minority_coalescer,0.1715553367440529,most_frequent,minmax,,,,,no_preprocessing,,,,,,,,,,,,,,,,,,,,,,,,,,,,,,,,,,,,,,,,,,,,,,,gaussian_process,,,,,,,,,,,,,,,,,,,,,,,,,,,,,,0.0462043603015263,0.0002826448059048,992.7876887853456,,,,,,,,,,,,,,,,,,,,,,,,,,,,,,,,,,,,,,,,,,,,,,,,,,,,,,,,,,,,,,,,,,,feature_type,100,tfidf_encoding,,100,tfidf_encoding,,100,tfidf_encoding,,,,,,,1,min_df_absolute,,0,100,tfidf_encoding,,,,,,,1,min_df_absolute,,0
47,140,no_encoding,no_coalescense,,median,minmax,,,,,feature_agglomeration,,,,,,,,,,,,,,euclidean,average,272.0,median,,,,,,,,,,,,,,,,,,,,,,,,,,,,,,extra_trees,,,,,,,,,,,,,,,,,,,,,False,mse,None,0.5120356089629183,None,0.0,1.0,4.0,0.0,,,,,,,,,,,,,,,,,,,,,,,,,,,,,,,,,,,,,,,,,,,,,,,,,,,,,,,,,,,,,,,,,,,,,,feature_type,100,tfidf_encoding,,100,tfidf_encoding,,100,tfidf_encoding,,,,,,,1,min_df_absolute,,0,100,tfidf_encoding,,,,,,,1,min_df_absolute,,0
48,143,no_encoding,no_coalescense,,median,robust_scaler,,,0.7889051141669929,0.2253427527717258,select_rates_regression,,,,,,,,,,,,,,,,,,,,,,,,,,,,,,,,,,,,,,,,,,,,0.3527536326193086,fdr,f_regression,extra_trees,,,,,,,,,,,,,,,,,,,,,True,mae,None,0.8877409763106398,None,0.0,10.0,3.0,0.0,,,,,,,,,,,,,,,,,,,,,,,,,,,,,,,,,,,,,,,,,,,,,,,,,,,,,,,,,,,,,,,,,,,,,,feature_type,100,tfidf_encoding,,100,tfidf_encoding,,100,tfidf_encoding,,,,,,,1,min_df_absolute,,0,100,tfidf_encoding,,,,,,,1,min_df_absolute,,0
49,148,no_encoding,no_coalescense,,most_frequent,minmax,,,,,polynomial,,,,,,,,,,,,,,,,,,,,,,,,,,,,,,,,2.0,True,True,,,,,,,,,,,,,ard_regression,,,,,0.0005879259823371,3.410007832100047e-07,True,1.6597956274062097e-05,9.910691609164284e-10,300.0,2203.910297381356,0.0064717613655784,,,,,,,,,,,,,,,,,,,,,,,,,,,,,,,,,,,,,,,,,,,,,,,,,,,,,,,,,,,,,,,,,,,,,,,,,,,,,,,,,,,,,,,feature_type,100,tfidf_encoding,,100,tfidf_encoding,,100,tfidf_encoding,,,,,,,1,min_df_absolute,,0,100,tfidf_encoding,,,,,,,1,min_df_absolute,,0
50,150,no_encoding,no_coalescense,,most_frequent,minmax,,,,,polynomial,,,,,,,,,,,,,,,,,,,,,,,,,,,,,,,,2.0,False,True,,,,,,,,,,,,,extra_trees,,,,,,,,,,,,,,,,,,,,,False,mse,None,0.9797793053686012,None,0.0,1.0,4.0,0.0,,,,,,,,,,,,,,,,,,,,,,,,,,,,,,,,,,,,,,,,,,,,,,,,,,,,,,,,,,,,,,,,,,,,,,feature_type,100,tfidf_encoding,,100,tfidf_encoding,,100,tfidf_encoding,,,,,,,1,min_df_absolute,,0,100,tfidf_encoding,,,,,,,1,min_df_absolute,,0
51,153,one_hot_encoding,minority_coalescer,0.0001389906133145,mean,minmax,,,,,select_rates_regression,,,,,,,,,,,,,,,,,,,,,,,,,,,,,,,,,,,,,,,,,,,,0.192037346145739,fdr,f_regression,gaussian_process,,,,,,,,,,,,,,,,,,,,,,,,,,,,,,0.28764734226521,1.5934220315148466e-07,59443.23501615305,,,,,,,,,,,,,,,,,,,,,,,,,,,,,,,,,,,,,,,,,,,,,,,,,,,,,,,,,,,,,,,,,,,feature_type,100,tfidf_encoding,,100,tfidf_encoding,,100,tfidf_encoding,,,,,,,1,min_df_absolute,,0,100,tfidf_encoding,,,,,,,1,min_df_absolute,,0
52,154,no_encoding,minority_coalescer,0.008570597554507,mean,none,,,,,no_preprocessing,,,,,,,,,,,,,,,,,,,,,,,,,,,,,,,,,,,,,,,,,,,,,,,random_forest,,,,,,,,,,,,,,,,,,,,,,,,,,,,,,,,,,,,,,,,,,,,,,,,,,,,,,,,,,,,,,,,,,,,,,,,,,,,,,,True,mse,None,0.9098871393070472,None,0.0,1.0,2.0,0.0,,,,,,,,,,,,feature_type,100,tfidf_encoding,,100,tfidf_encoding,,100,tfidf_encoding,,,,,,,1,min_df_absolute,,0,100,tfidf_encoding,,,,,,,1,min_df_absolute,,0
53,159,one_hot_encoding,minority_coalescer,0.0084948569314731,median,minmax,,,,,polynomial,,,,,,,,,,,,,,,,,,,,,,,,,,,,,,,,3.0,True,False,,,,,,,,,,,,,gaussian_process,,,,,,,,,,,,,,,,,,,,,,,,,,,,,,0.0003708173739388,0.0006267702361019,13.752901559664084,,,,,,,,,,,,,,,,,,,,,,,,,,,,,,,,,,,,,,,,,,,,,,,,,,,,,,,,,,,,,,,,,,,feature_type,100,tfidf_encoding,,100,tfidf_encoding,,100,tfidf_encoding,,,,,,,1,min_df_absolute,,0,100,tfidf_encoding,,,,,,,1,min_df_absolute,,0
54,162,one_hot_encoding,minority_coalescer,0.01,mean,none,,,,,polynomial,,,,,,,,,,,,,,,,,,,,,,,,,,,,,,,,2.0,False,False,,,,,,,,,,,,,random_forest,,,,,,,,,,,,,,,,,,,,,,,,,,,,,,,,,,,,,,,,,,,,,,,,,,,,,,,,,,,,,,,,,,,,,,,,,,,,,,,True,friedman_mse,None,0.9833970457216188,None,0.0,2.0,2.0,0.0,,,,,,,,,,,,feature_type,100,tfidf_encoding,,100,tfidf_encoding,,100,tfidf_encoding,,,,,,,1,min_df_absolute,,0,100,tfidf_encoding,,,,,,,1,min_df_absolute,,0
55,163,one_hot_encoding,minority_coalescer,0.0181126008613257,most_frequent,none,,,,,polynomial,,,,,,,,,,,,,,,,,,,,,,,,,,,,,,,,2.0,True,False,,,,,,,,,,,,,gaussian_process,,,,,,,,,,,,,,,,,,,,,,,,,,,,,,0.0815928292835423,8.625307386344729e-08,65.48869509665326,,,,,,,,,,,,,,,,,,,,,,,,,,,,,,,,,,,,,,,,,,,,,,,,,,,,,,,,,,,,,,,,,,,feature_type,100,tfidf_encoding,,100,tfidf_encoding,,100,tfidf_encoding,,,,,,,1,min_df_absolute,,0,100,tfidf_encoding,,,,,,,1,min_df_absolute,,0
56,167,no_encoding,no_coalescense,,median,robust_scaler,,,0.843129351775309,0.0335902455839392,no_preprocessing,,,,,,,,,,,,,,,,,,,,,,,,,,,,,,,,,,,,,,,,,,,,,,,extra_trees,,,,,,,,,,,,,,,,,,,,,False,friedman_mse,None,0.7024447901011698,None,0.0,2.0,15.0,0.0,,,,,,,,,,,,,,,,,,,,,,,,,,,,,,,,,,,,,,,,,,,,,,,,,,,,,,,,,,,,,,,,,,,,,,feature_type,100,tfidf_encoding,,100,tfidf_encoding,,100,tfidf_encoding,,,,,,,1,min_df_absolute,,0,100,tfidf_encoding,,,,,,,1,min_df_absolute,,0
57,171,one_hot_encoding,no_coalescense,,mean,quantile_transformer,268.0,uniform,,,feature_agglomeration,,,,,,,,,,,,,,euclidean,average,107.0,median,,,,,,,,,,,,,,,,,,,,,,,,,,,,,,gaussian_process,,,,,,,,,,,,,,,,,,,,,,,,,,,,,,0.4292809250119669,1.4435895787652725e-07,8.108685026706572,,,,,,,,,,,,,,,,,,,,,,,,,,,,,,,,,,,,,,,,,,,,,,,,,,,,,,,,,,,,,,,,,,,feature_type,100,tfidf_encoding,,100,tfidf_encoding,,100,tfidf_encoding,,,,,,,1,min_df_absolute,,0,100,tfidf_encoding,,,,,,,1,min_df_absolute,,0
58,172,no_encoding,no_coalescense,,mean,standardize,,,,,feature_agglomeration,,,,,,,,,,,,,,manhattan,complete,385.0,mean,,,,,,,,,,,,,,,,,,,,,,,,,,,,,,sgd,,,,,,,,,,,,,,,,,,,,,,,,,,,,,,,,,,,,,,,,,,,,,,,,,,,,,,,,,,,,,,,,,,,,,,,,,,,,,,,,,,,,,,,,1.238055706285357e-06,True,0.0035413980064916,,True,,optimal,epsilon_insensitive,l2,,8.385117758196218e-05,feature_type,100,tfidf_encoding,,100,tfidf_encoding,,100,tfidf_encoding,,,,,,,1,min_df_absolute,,0,100,tfidf_encoding,,,,,,,1,min_df_absolute,,0
59,176,one_hot_encoding,minority_coalescer,0.0195661636498729,most_frequent,robust_scaler,,,0.7200608810425068,0.2296804333039874,select_rates_regression,,,,,,,,,,,,,,,,,,,,,,,,,,,,,,,,,,,,,,,,,,,,0.1853928293632072,fwe,f_regression,extra_trees,,,,,,,,,,,,,,,,,,,,,False,mae,None,0.9029989558220116,None,0.0,1.0,2.0,0.0,,,,,,,,,,,,,,,,,,,,,,,,,,,,,,,,,,,,,,,,,,,,,,,,,,,,,,,,,,,,,,,,,,,,,,feature_type,100,tfidf_encoding,,100,tfidf_encoding,,100,tfidf_encoding,,,,,,,1,min_df_absolute,,0,100,tfidf_encoding,,,,,,,1,min_df_absolute,,0
60,178,no_encoding,minority_coalescer,0.2167319402461091,mean,quantile_transformer,1000.0,uniform,,,select_rates_regression,,,,,,,,,,,,,,,,,,,,,,,,,,,,,,,,,,,,,,,,,,,,0.4587055410126011,fpr,f_regression,sgd,,,,,,,,,,,,,,,,,,,,,,,,,,,,,,,,,,,,,,,,,,,,,,,,,,,,,,,,,,,,,,,,,,,,,,,,,,,,,,,,,,,,,,,,0.0029331213977715,False,0.0099646586555192,,True,0.1499999999999997,optimal,epsilon_insensitive,elasticnet,,3.708169053960741e-05,feature_type,100,tfidf_encoding,,100,tfidf_encoding,,100,tfidf_encoding,,,,,,,1,min_df_absolute,,0,100,tfidf_encoding,,,,,,,1,min_df_absolute,,0
61,182,one_hot_encoding,minority_coalescer,0.006514462620801,most_frequent,minmax,,,,,polynomial,,,,,,,,,,,,,,,,,,,,,,,,,,,,,,,,2.0,True,True,,,,,,,,,,,,,gradient_boosting,,,,,,,,,,,,,,,,,,,,,,,,,,,,,,,,,train,0.0095690484870804,0.0280949863401524,least_squares,255.0,None,154.0,13.0,20.0,loss,1e-07,,,,,,,,,,,,,,,,,,,,,,,,,,,,,,,,,,,,,,,,,,,,,,,,,,,,,,,,feature_type,100,tfidf_encoding,,100,tfidf_encoding,,100,tfidf_encoding,,,,,,,1,min_df_absolute,,0,100,tfidf_encoding,,,,,,,1,min_df_absolute,,0
62,184,no_encoding,no_coalescense,,mean,none,,,,,polynomial,,,,,,,,,,,,,,,,,,,,,,,,,,,,,,,,3.0,False,False,,,,,,,,,,,,,ard_regression,,,,,0.0001548556933501,5.177331116710886e-07,True,1.749057118338389e-07,3.0624484035937795e-09,300.0,12306.96029514458,2.02022298777674e-05,,,,,,,,,,,,,,,,,,,,,,,,,,,,,,,,,,,,,,,,,,,,,,,,,,,,,,,,,,,,,,,,,,,,,,,,,,,,,,,,,,,,,,,feature_type,100,tfidf_encoding,,100,tfidf_encoding,,100,tfidf_encoding,,,,,,,1,min_df_absolute,,0,100,tfidf_encoding,,,,,,,1,min_df_absolute,,0
63,186,no_encoding,minority_coalescer,0.0105151127878428,most_frequent,quantile_transformer,583.0,uniform,,,feature_agglomeration,,,,,,,,,,,,,,euclidean,average,5.0,mean,,,,,,,,,,,,,,,,,,,,,,,,,,,,,,gaussian_process,,,,,,,,,,,,,,,,,,,,,,,,,,,,,,0.0001516962631912,0.0006853872700383,80227.86048666916,,,,,,,,,,,,,,,,,,,,,,,,,,,,,,,,,,,,,,,,,,,,,,,,,,,,,,,,,,,,,,,,,,,feature_type,100,tfidf_encoding,,100,tfidf_encoding,,100,tfidf_encoding,,,,,,,1,min_df_absolute,,0,100,tfidf_encoding,,,,,,,1,min_df_absolute,,0
64,189,no_encoding,minority_coalescer,0.0424471969774313,most_frequent,minmax,,,,,select_percentile_regression,,,,,,,,,,,,,,,,,,,,,,,,,,,,,,,,,,,,,,,,,,32.12503121122872,f_regression,,,,gaussian_process,,,,,,,,,,,,,,,,,,,,,,,,,,,,,,0.0017749279098074,1.0426968473759476e-05,4564.7519789609605,,,,,,,,,,,,,,,,,,,,,,,,,,,,,,,,,,,,,,,,,,,,,,,,,,,,,,,,,,,,,,,,,,,feature_type,100,tfidf_encoding,,100,tfidf_encoding,,100,tfidf_encoding,,,,,,,1,min_df_absolute,,0,100,tfidf_encoding,,,,,,,1,min_df_absolute,,0
65,193,no_encoding,no_coalescense,,mean,robust_scaler,,,0.7677833621565118,0.2575943617106683,polynomial,,,,,,,,,,,,,,,,,,,,,,,,,,,,,,,,2.0,True,True,,,,,,,,,,,,,gradient_boosting,,,,,,,,,,,,,,,,,,,,,,,,,,,,,,,,,valid,1e-10,0.0261115426108154,least_squares,255.0,None,229.0,36.0,13.0,loss,1e-07,0.1372845398246761,,,,,,,,,,,,,,,,,,,,,,,,,,,,,,,,,,,,,,,,,,,,,,,,,,,,,,,feature_type,100,tfidf_encoding,,100,tfidf_encoding,,100,tfidf_encoding,,,,,,,1,min_df_absolute,,0,100,tfidf_encoding,,,,,,,1,min_df_absolute,,0
66,195,no_encoding,minority_coalescer,0.024517676904645,mean,standardize,,,,,select_rates_regression,,,,,,,,,,,,,,,,,,,,,,,,,,,,,,,,,,,,,,,,,,,,0.0973218782643882,fpr,f_regression,gaussian_process,,,,,,,,,,,,,,,,,,,,,,,,,,,,,,0.0147770840489945,2.2862005407799872e-09,9302.444837996962,,,,,,,,,,,,,,,,,,,,,,,,,,,,,,,,,,,,,,,,,,,,,,,,,,,,,,,,,,,,,,,,,,,feature_type,100,tfidf_encoding,,100,tfidf_encoding,,100,tfidf_encoding,,,,,,,1,min_df_absolute,,0,100,tfidf_encoding,,,,,,,1,min_df_absolute,,0
67,200,one_hot_encoding,no_coalescense,,mean,none,,,,,polynomial,,,,,,,,,,,,,,,,,,,,,,,,,,,,,,,,2.0,True,False,,,,,,,,,,,,,random_forest,,,,,,,,,,,,,,,,,,,,,,,,,,,,,,,,,,,,,,,,,,,,,,,,,,,,,,,,,,,,,,,,,,,,,,,,,,,,,,,True,friedman_mse,None,0.9663287705959868,None,0.0,3.0,10.0,0.0,,,,,,,,,,,,feature_type,100,tfidf_encoding,,100,tfidf_encoding,,100,tfidf_encoding,,,,,,,1,min_df_absolute,,0,100,tfidf_encoding,,,,,,,1,min_df_absolute,,0
68,201,one_hot_encoding,no_coalescense,,mean,minmax,,,,,polynomial,,,,,,,,,,,,,,,,,,,,,,,,,,,,,,,,2.0,True,False,,,,,,,,,,,,,gradient_boosting,,,,,,,,,,,,,,,,,,,,,,,,,,,,,,,,,train,2.0935286277346218e-10,0.0569939470284422,least_squares,255.0,None,96.0,7.0,20.0,loss,1e-07,,,,,,,,,,,,,,,,,,,,,,,,,,,,,,,,,,,,,,,,,,,,,,,,,,,,,,,,feature_type,100,tfidf_encoding,,100,tfidf_encoding,,100,tfidf_encoding,,,,,,,1,min_df_absolute,,0,100,tfidf_encoding,,,,,,,1,min_df_absolute,,0
69,204,no_encoding,minority_coalescer,0.0026150904111835,mean,normalize,,,,,pca,,,,,,,,,,,,,,,,,,,,,,,,,,,,,,0.5410109609735668,True,,,,,,,,,,,,,,,,decision_tree,,,,,,,,,,,,,friedman_mse,1.240365240027156,1.0,None,0.0,19.0,11.0,0.0,,,,,,,,,,,,,,,,,,,,,,,,,,,,,,,,,,,,,,,,,,,,,,,,,,,,,,,,,,,,,,,,,,,,,,,,,,,,,,,feature_type,100,tfidf_encoding,,100,tfidf_encoding,,100,tfidf_encoding,,,,,,,1,min_df_absolute,,0,100,tfidf_encoding,,,,,,,1,min_df_absolute,,0
70,208,no_encoding,no_coalescense,,median,minmax,,,,,polynomial,,,,,,,,,,,,,,,,,,,,,,,,,,,,,,,,3.0,True,True,,,,,,,,,,,,,gradient_boosting,,,,,,,,,,,,,,,,,,,,,,,,,,,,,,,,,valid,0.327916992926995,0.0989644526475908,least_squares,255.0,None,100.0,2.0,7.0,loss,1e-07,0.3111309300472759,,,,,,,,,,,,,,,,,,,,,,,,,,,,,,,,,,,,,,,,,,,,,,,,,,,,,,,feature_type,100,tfidf_encoding,,100,tfidf_encoding,,100,tfidf_encoding,,,,,,,1,min_df_absolute,,0,100,tfidf_encoding,,,,,,,1,min_df_absolute,,0
71,211,no_encoding,no_coalescense,,median,minmax,,,,,polynomial,,,,,,,,,,,,,,,,,,,,,,,,,,,,,,,,2.0,True,False,,,,,,,,,,,,,libsvm_svr,,,,,,,,,,,,,,,,,,,,,,,,,,,,,,,,,,,,,,,,,,,,,,,,,,,,,,,180.22479438529933,,4.0,0.001257160490128,0.1027282082186367,rbf,-1.0,False,0.0294525969092685,,,,,,,,,,,,,,,,,,,,,,,,,,,,,,,,,,,,feature_type,100,tfidf_encoding,,100,tfidf_encoding,,100,tfidf_encoding,,,,,,,1,min_df_absolute,,0,100,tfidf_encoding,,,,,,,1,min_df_absolute,,0
72,213,one_hot_encoding,minority_coalescer,0.0143399596285536,most_frequent,standardize,,,,,polynomial,,,,,,,,,,,,,,,,,,,,,,,,,,,,,,,,3.0,True,True,,,,,,,,,,,,,sgd,,,,,,,,,,,,,,,,,,,,,,,,,,,,,,,,,,,,,,,,,,,,,,,,,,,,,,,,,,,,,,,,,,,,,,,,,,,,,,,,,,,,,,,,4.8547880184275584e-05,True,0.0956367072019679,0.0145598662087295,True,,invscaling,epsilon_insensitive,l1,0.1358327948085716,0.0001281675185952,feature_type,100,tfidf_encoding,,100,tfidf_encoding,,100,tfidf_encoding,,,,,,,1,min_df_absolute,,0,100,tfidf_encoding,,,,,,,1,min_df_absolute,,0
73,217,one_hot_encoding,minority_coalescer,0.0001342637525148,mean,quantile_transformer,1000.0,normal,,,extra_trees_preproc_for_regression,False,mae,None,0.9485456391530016,None,2.0,11.0,0.0,100.0,,,,,,,,,,,,,,,,,,,,,,,,,,,,,,,,,,,,,,random_forest,,,,,,,,,,,,,,,,,,,,,,,,,,,,,,,,,,,,,,,,,,,,,,,,,,,,,,,,,,,,,,,,,,,,,,,,,,,,,,,True,mae,None,1.0,None,0.0,1.0,5.0,0.0,,,,,,,,,,,,feature_type,100,tfidf_encoding,,100,tfidf_encoding,,100,tfidf_encoding,,,,,,,1,min_df_absolute,,0,100,tfidf_encoding,,,,,,,1,min_df_absolute,,0
74,219,no_encoding,minority_coalescer,0.0194351886470271,mean,minmax,,,,,select_rates_regression,,,,,,,,,,,,,,,,,,,,,,,,,,,,,,,,,,,,,,,,,,,,0.1921990145817822,fpr,f_regression,gradient_boosting,,,,,,,,,,,,,,,,,,,,,,,,,,,,,,,,,valid,0.1366996823179612,0.4353151247757148,least_squares,255.0,None,80.0,67.0,14.0,loss,1e-07,0.0446804277458565,,,,,,,,,,,,,,,,,,,,,,,,,,,,,,,,,,,,,,,,,,,,,,,,,,,,,,,feature_type,100,tfidf_encoding,,100,tfidf_encoding,,100,tfidf_encoding,,,,,,,1,min_df_absolute,,0,100,tfidf_encoding,,,,,,,1,min_df_absolute,,0
75,224,one_hot_encoding,no_coalescense,,median,quantile_transformer,1016.0,uniform,,,select_rates_regression,,,,,,,,,,,,,,,,,,,,,,,,,,,,,,,,,,,,,,,,,,,,0.3992671482410072,fpr,f_regression,extra_trees,,,,,,,,,,,,,,,,,,,,,True,mse,None,0.2477939208870194,None,0.0,2.0,4.0,0.0,,,,,,,,,,,,,,,,,,,,,,,,,,,,,,,,,,,,,,,,,,,,,,,,,,,,,,,,,,,,,,,,,,,,,,feature_type,100,tfidf_encoding,,100,tfidf_encoding,,100,tfidf_encoding,,,,,,,1,min_df_absolute,,0,100,tfidf_encoding,,,,,,,1,min_df_absolute,,0
76,227,no_encoding,minority_coalescer,0.0497664781887563,mean,robust_scaler,,,0.7496554606439986,0.2190033964312024,feature_agglomeration,,,,,,,,,,,,,,euclidean,complete,31.0,max,,,,,,,,,,,,,,,,,,,,,,,,,,,,,,random_forest,,,,,,,,,,,,,,,,,,,,,,,,,,,,,,,,,,,,,,,,,,,,,,,,,,,,,,,,,,,,,,,,,,,,,,,,,,,,,,,True,mse,None,0.9373461778146084,None,0.0,1.0,2.0,0.0,,,,,,,,,,,,feature_type,100,tfidf_encoding,,100,tfidf_encoding,,100,tfidf_encoding,,,,,,,1,min_df_absolute,,0,100,tfidf_encoding,,,,,,,1,min_df_absolute,,0
77,228,no_encoding,minority_coalescer,0.0005112414168823,median,standardize,,,,,select_rates_regression,,,,,,,,,,,,,,,,,,,,,,,,,,,,,,,,,,,,,,,,,,,,0.4807408968132736,fdr,f_regression,gradient_boosting,,,,,,,,,,,,,,,,,,,,,,,,,,,,,,,,,train,5.7755173098817414e-08,0.0200249694242596,least_squares,255.0,None,156.0,85.0,16.0,loss,1e-07,,,,,,,,,,,,,,,,,,,,,,,,,,,,,,,,,,,,,,,,,,,,,,,,,,,,,,,,feature_type,100,tfidf_encoding,,100,tfidf_encoding,,100,tfidf_encoding,,,,,,,1,min_df_absolute,,0,100,tfidf_encoding,,,,,,,1,min_df_absolute,,0
78,232,no_encoding,no_coalescense,,most_frequent,minmax,,,,,polynomial,,,,,,,,,,,,,,,,,,,,,,,,,,,,,,,,3.0,False,False,,,,,,,,,,,,,sgd,,,,,,,,,,,,,,,,,,,,,,,,,,,,,,,,,,,,,,,,,,,,,,,,,,,,,,,,,,,,,,,,,,,,,,,,,,,,,,,,,,,,,,,,0.0006517033225329,False,0.0121501498927837,0.0164442248342752,True,1.7462342366289323e-09,invscaling,epsilon_insensitive,elasticnet,0.2152174356858209,0.0024317319810712,feature_type,100,tfidf_encoding,,100,tfidf_encoding,,100,tfidf_encoding,,,,,,,1,min_df_absolute,,0,100,tfidf_encoding,,,,,,,1,min_df_absolute,,0
79,234,no_encoding,minority_coalescer,0.0010410339308755,mean,standardize,,,,,no_preprocessing,,,,,,,,,,,,,,,,,,,,,,,,,,,,,,,,,,,,,,,,,,,,,,,gaussian_process,,,,,,,,,,,,,,,,,,,,,,,,,,,,,,0.0398731285120632,0.0002770307251008,1116.9802212627676,,,,,,,,,,,,,,,,,,,,,,,,,,,,,,,,,,,,,,,,,,,,,,,,,,,,,,,,,,,,,,,,,,,feature_type,100,tfidf_encoding,,100,tfidf_encoding,,100,tfidf_encoding,,,,,,,1,min_df_absolute,,0,100,tfidf_encoding,,,,,,,1,min_df_absolute,,0
80,237,no_encoding,minority_coalescer,0.0077413312594801,most_frequent,minmax,,,,,polynomial,,,,,,,,,,,,,,,,,,,,,,,,,,,,,,,,2.0,False,False,,,,,,,,,,,,,gaussian_process,,,,,,,,,,,,,,,,,,,,,,,,,,,,,,0.0209320117177018,7.512295484675919e-08,427.9291701179312,,,,,,,,,,,,,,,,,,,,,,,,,,,,,,,,,,,,,,,,,,,,,,,,,,,,,,,,,,,,,,,,,,,feature_type,100,tfidf_encoding,,100,tfidf_encoding,,100,tfidf_encoding,,,,,,,1,min_df_absolute,,0,100,tfidf_encoding,,,,,,,1,min_df_absolute,,0
81,240,no_encoding,minority_coalescer,0.0167675699245724,mean,standardize,,,,,extra_trees_preproc_for_regression,True,mse,None,1.0,None,1.0,4.0,0.0,100.0,,,,,,,,,,,,,,,,,,,,,,,,,,,,,,,,,,,,,,gaussian_process,,,,,,,,,,,,,,,,,,,,,,,,,,,,,,0.0111423428887171,2.051184689945752e-07,16.033192975742793,,,,,,,,,,,,,,,,,,,,,,,,,,,,,,,,,,,,,,,,,,,,,,,,,,,,,,,,,,,,,,,,,,,feature_type,100,tfidf_encoding,,100,tfidf_encoding,,100,tfidf_encoding,,,,,,,1,min_df_absolute,,0,100,tfidf_encoding,,,,,,,1,min_df_absolute,,0
82,243,one_hot_encoding,no_coalescense,,most_frequent,none,,,,,select_rates_regression,,,,,,,,,,,,,,,,,,,,,,,,,,,,,,,,,,,,,,,,,,,,0.1711716880613475,fpr,f_regression,gaussian_process,,,,,,,,,,,,,,,,,,,,,,,,,,,,,,0.0145129970781082,2.3840234103129557e-05,4588.288936194533,,,,,,,,,,,,,,,,,,,,,,,,,,,,,,,,,,,,,,,,,,,,,,,,,,,,,,,,,,,,,,,,,,,feature_type,100,tfidf_encoding,,100,tfidf_encoding,,100,tfidf_encoding,,,,,,,1,min_df_absolute,,0,100,tfidf_encoding,,,,,,,1,min_df_absolute,,0
83,247,one_hot_encoding,minority_coalescer,0.0141921359289547,median,standardize,,,,,fast_ica,,,,,,,,,,deflation,exp,,False,,,,,,,,,,,,,,,,,,,,,,,,,,,,,,,,,,libsvm_svr,,,,,,,,,,,,,,,,,,,,,,,,,,,,,,,,,,,,,,,,,,,,,,,,,,,,,,,1.4272136443763257,0.2694141260648879,2.0,0.1,0.0575731587734401,poly,-1.0,False,0.001,,,,,,,,,,,,,,,,,,,,,,,,,,,,,,,,,,,,feature_type,100,tfidf_encoding,,100,tfidf_encoding,,100,tfidf_encoding,,,,,,,1,min_df_absolute,,0,100,tfidf_encoding,,,,,,,1,min_df_absolute,,0
84,249,one_hot_encoding,minority_coalescer,0.0022912662429019,most_frequent,standardize,,,,,no_preprocessing,,,,,,,,,,,,,,,,,,,,,,,,,,,,,,,,,,,,,,,,,,,,,,,random_forest,,,,,,,,,,,,,,,,,,,,,,,,,,,,,,,,,,,,,,,,,,,,,,,,,,,,,,,,,,,,,,,,,,,,,,,,,,,,,,,True,mse,None,0.9838295541249756,None,0.0,4.0,9.0,0.0,,,,,,,,,,,,feature_type,100,tfidf_encoding,,100,tfidf_encoding,,100,tfidf_encoding,,,,,,,1,min_df_absolute,,0,100,tfidf_encoding,,,,,,,1,min_df_absolute,,0
85,252,one_hot_encoding,minority_coalescer,0.0001745391328519,most_frequent,robust_scaler,,,0.8057830372269097,0.2498283111005732,select_rates_regression,,,,,,,,,,,,,,,,,,,,,,,,,,,,,,,,,,,,,,,,,,,,0.3621762718897781,fwe,f_regression,ard_regression,,,,,2.7664515192592053e-05,9.504988116581138e-07,True,6.506506982301781e-09,4.238533890074848e-07,300.0,78251.58542976103,0.000730134323622,,,,,,,,,,,,,,,,,,,,,,,,,,,,,,,,,,,,,,,,,,,,,,,,,,,,,,,,,,,,,,,,,,,,,,,,,,,,,,,,,,,,,,,feature_type,100,tfidf_encoding,,100,tfidf_encoding,,100,tfidf_encoding,,,,,,,1,min_df_absolute,,0,100,tfidf_encoding,,,,,,,1,min_df_absolute,,0
86,257,one_hot_encoding,minority_coalescer,0.0216783950539192,mean,none,,,,,polynomial,,,,,,,,,,,,,,,,,,,,,,,,,,,,,,,,2.0,False,False,,,,,,,,,,,,,gradient_boosting,,,,,,,,,,,,,,,,,,,,,,,,,,,,,,,,,train,0.0001088992909336,0.0134615601460881,least_squares,255.0,None,922.0,78.0,19.0,loss,1e-07,,,,,,,,,,,,,,,,,,,,,,,,,,,,,,,,,,,,,,,,,,,,,,,,,,,,,,,,feature_type,100,tfidf_encoding,,100,tfidf_encoding,,100,tfidf_encoding,,,,,,,1,min_df_absolute,,0,100,tfidf_encoding,,,,,,,1,min_df_absolute,,0
87,258,no_encoding,minority_coalescer,0.0938257052726474,most_frequent,robust_scaler,,,0.7371688778157178,0.2787239315402732,polynomial,,,,,,,,,,,,,,,,,,,,,,,,,,,,,,,,2.0,False,True,,,,,,,,,,,,,ard_regression,,,,,0.0004011707126241,0.0004307645908338,True,1.4497912759357729e-08,5.5191094555400335e-05,300.0,1906.0574184995255,4.362118572358691e-05,,,,,,,,,,,,,,,,,,,,,,,,,,,,,,,,,,,,,,,,,,,,,,,,,,,,,,,,,,,,,,,,,,,,,,,,,,,,,,,,,,,,,,,feature_type,100,tfidf_encoding,,100,tfidf_encoding,,100,tfidf_encoding,,,,,,,1,min_df_absolute,,0,100,tfidf_encoding,,,,,,,1,min_df_absolute,,0
88,261,one_hot_encoding,minority_coalescer,0.0606092244520067,most_frequent,minmax,,,,,polynomial,,,,,,,,,,,,,,,,,,,,,,,,,,,,,,,,3.0,True,False,,,,,,,,,,,,,ard_regression,,,,,0.0008174368913886,1.7875823585609458e-07,True,3.571262743428141e-07,4.148182910237031e-09,300.0,23257.23600441506,0.0160143651141173,,,,,,,,,,,,,,,,,,,,,,,,,,,,,,,,,,,,,,,,,,,,,,,,,,,,,,,,,,,,,,,,,,,,,,,,,,,,,,,,,,,,,,,feature_type,100,tfidf_encoding,,100,tfidf_encoding,,100,tfidf_encoding,,,,,,,1,min_df_absolute,,0,100,tfidf_encoding,,,,,,,1,min_df_absolute,,0
89,265,one_hot_encoding,no_coalescense,,mean,standardize,,,,,select_percentile_regression,,,,,,,,,,,,,,,,,,,,,,,,,,,,,,,,,,,,,,,,,,24.560906712337708,f_regression,,,,decision_tree,,,,,,,,,,,,,mae,0.8468780775417923,1.0,None,0.0,9.0,17.0,0.0,,,,,,,,,,,,,,,,,,,,,,,,,,,,,,,,,,,,,,,,,,,,,,,,,,,,,,,,,,,,,,,,,,,,,,,,,,,,,,,feature_type,100,tfidf_encoding,,100,tfidf_encoding,,100,tfidf_encoding,,,,,,,1,min_df_absolute,,0,100,tfidf_encoding,,,,,,,1,min_df_absolute,,0
90,267,no_encoding,no_coalescense,,median,none,,,,,pca,,,,,,,,,,,,,,,,,,,,,,,,,,,,,,0.5978082797440822,True,,,,,,,,,,,,,,,,libsvm_svr,,,,,,,,,,,,,,,,,,,,,,,,,,,,,,,,,,,,,,,,,,,,,,,,,,,,,,,1.737104302980724,-0.2226295641637201,5.0,0.0176228704905061,,sigmoid,-1.0,True,0.0002849301132395,,,,,,,,,,,,,,,,,,,,,,,,,,,,,,,,,,,,feature_type,100,tfidf_encoding,,100,tfidf_encoding,,100,tfidf_encoding,,,,,,,1,min_df_absolute,,0,100,tfidf_encoding,,,,,,,1,min_df_absolute,,0
91,270,one_hot_encoding,no_coalescense,,median,minmax,,,,,polynomial,,,,,,,,,,,,,,,,,,,,,,,,,,,,,,,,3.0,False,False,,,,,,,,,,,,,gaussian_process,,,,,,,,,,,,,,,,,,,,,,,,,,,,,,0.0395821433703128,5.078705377926443e-07,1766.8717059746273,,,,,,,,,,,,,,,,,,,,,,,,,,,,,,,,,,,,,,,,,,,,,,,,,,,,,,,,,,,,,,,,,,,feature_type,100,tfidf_encoding,,100,tfidf_encoding,,100,tfidf_encoding,,,,,,,1,min_df_absolute,,0,100,tfidf_encoding,,,,,,,1,min_df_absolute,,0
92,275,one_hot_encoding,no_coalescense,,most_frequent,quantile_transformer,67.0,uniform,,,polynomial,,,,,,,,,,,,,,,,,,,,,,,,,,,,,,,,2.0,True,True,,,,,,,,,,,,,random_forest,,,,,,,,,,,,,,,,,,,,,,,,,,,,,,,,,,,,,,,,,,,,,,,,,,,,,,,,,,,,,,,,,,,,,,,,,,,,,,,False,mse,None,1.0,None,0.0,12.0,3.0,0.0,,,,,,,,,,,,feature_type,100,tfidf_encoding,,100,tfidf_encoding,,100,tfidf_encoding,,,,,,,1,min_df_absolute,,0,100,tfidf_encoding,,,,,,,1,min_df_absolute,,0
93,278,one_hot_encoding,minority_coalescer,0.09205870929132,most_frequent,normalize,,,,,feature_agglomeration,,,,,,,,,,,,,,euclidean,ward,148.0,median,,,,,,,,,,,,,,,,,,,,,,,,,,,,,,adaboost,0.0350137890312101,square,8.0,126.0,,,,,,,,,,,,,,,,,,,,,,,,,,,,,,,,,,,,,,,,,,,,,,,,,,,,,,,,,,,,,,,,,,,,,,,,,,,,,,,,,,,,,,,,,,,,,,,feature_type,100,tfidf_encoding,,100,tfidf_encoding,,100,tfidf_encoding,,,,,,,1,min_df_absolute,,0,100,tfidf_encoding,,,,,,,1,min_df_absolute,,0
94,279,no_encoding,minority_coalescer,0.4873131661139947,mean,standardize,,,,,select_rates_regression,,,,,,,,,,,,,,,,,,,,,,,,,,,,,,,,,,,,,,,,,,,,0.4344175013512069,fpr,f_regression,k_nearest_neighbors,,,,,,,,,,,,,,,,,,,,,,,,,,,,,,,,,,,,,,,,,,,,,2.0,2.0,distance,,,,,,,,,,,,,,,,,,,,,,,,,,,,,,,,,,,,,,,,,,,,,,,,,,,,feature_type,100,tfidf_encoding,,100,tfidf_encoding,,100,tfidf_encoding,,,,,,,1,min_df_absolute,,0,100,tfidf_encoding,,,,,,,1,min_df_absolute,,0
95,282,no_encoding,minority_coalescer,0.0041131305052438,most_frequent,none,,,,,extra_trees_preproc_for_regression,True,mae,None,0.8369649994277156,None,8.0,19.0,0.0,100.0,,,,,,,,,,,,,,,,,,,,,,,,,,,,,,,,,,,,,,gaussian_process,,,,,,,,,,,,,,,,,,,,,,,,,,,,,,0.0414412927752844,2.0039230791934377e-06,49341.75956185477,,,,,,,,,,,,,,,,,,,,,,,,,,,,,,,,,,,,,,,,,,,,,,,,,,,,,,,,,,,,,,,,,,,feature_type,100,tfidf_encoding,,100,tfidf_encoding,,100,tfidf_encoding,,,,,,,1,min_df_absolute,,0,100,tfidf_encoding,,,,,,,1,min_df_absolute,,0
96,285,no_encoding,no_coalescense,,mean,minmax,,,,,select_rates_regression,,,,,,,,,,,,,,,,,,,,,,,,,,,,,,,,,,,,,,,,,,,,0.2186105871515939,fdr,f_regression,gradient_boosting,,,,,,,,,,,,,,,,,,,,,,,,,,,,,,,,,off,0.1037748240830652,0.0162554007716993,least_squares,255.0,None,65.0,70.0,,loss,1e-07,,,,,,,,,,,,,,,,,,,,,,,,,,,,,,,,,,,,,,,,,,,,,,,,,,,,,,,,feature_type,100,tfidf_encoding,,100,tfidf_encoding,,100,tfidf_encoding,,,,,,,1,min_df_absolute,,0,100,tfidf_encoding,,,,,,,1,min_df_absolute,,0
