idx,adaboost:algorithm,adaboost:learning_rate,adaboost:max_depth,adaboost:n_estimators,balancing:strategy,classifier,decision_tree:criterion,decision_tree:max_depth,decision_tree:max_features,decision_tree:max_leaf_nodes,decision_tree:min_samples_leaf,decision_tree:min_samples_split,extra_trees:bootstrap,extra_trees:criterion,extra_trees:max_depth,extra_trees:max_features,extra_trees:min_samples_leaf,extra_trees:min_samples_split,extra_trees:n_estimators,extra_trees_preproc_for_classification:bootstrap,extra_trees_preproc_for_classification:criterion,extra_trees_preproc_for_classification:max_depth,extra_trees_preproc_for_classification:max_features,extra_trees_preproc_for_classification:min_samples_leaf,extra_trees_preproc_for_classification:min_samples_split,extra_trees_preproc_for_classification:n_estimators,fast_ica:algorithm,fast_ica:fun,fast_ica:n_components,fast_ica:whiten,feature_agglomeration:affinity,feature_agglomeration:linkage,feature_agglomeration:n_clusters,gradient_boosting:learning_rate,gradient_boosting:max_depth,gradient_boosting:max_features,gradient_boosting:min_samples_leaf,gradient_boosting:min_samples_split,gradient_boosting:n_estimators,gradient_boosting:subsample,imputation:strategy,k_nearest_neighbors:algorithm,k_nearest_neighbors:leaf_size,k_nearest_neighbors:n_neighbors,k_nearest_neighbors:p,k_nearest_neighbors:weights,kernel_pca:coef0,kernel_pca:degree,kernel_pca:gamma,kernel_pca:kernel,kernel_pca:n_components,kitchen_sinks:gamma,kitchen_sinks:n_components,lda:n_components,lda:tol,liblinear_svc:C,liblinear_svc:class_weight,liblinear_svc:dual,liblinear_svc:fit_intercept,liblinear_svc:intercept_scaling,liblinear_svc:loss,liblinear_svc:multi_class,liblinear_svc:penalty,liblinear_svc:tol,liblinear_svc_preprocessor:C,liblinear_svc_preprocessor:class_weight,liblinear_svc_preprocessor:dual,liblinear_svc_preprocessor:fit_intercept,liblinear_svc_preprocessor:intercept_scaling,liblinear_svc_preprocessor:loss,liblinear_svc_preprocessor:multi_class,liblinear_svc_preprocessor:penalty,liblinear_svc_preprocessor:tol,libsvm_svc:C,libsvm_svc:class_weight,libsvm_svc:coef0,libsvm_svc:degree,libsvm_svc:gamma,libsvm_svc:kernel,libsvm_svc:max_iter,libsvm_svc:shrinking,libsvm_svc:tol,multinomial_nb:alpha,multinomial_nb:fit_prior,nystroem_sampler:coef0,nystroem_sampler:degree,nystroem_sampler:gamma,nystroem_sampler:kernel,nystroem_sampler:n_components,passive_aggresive:C,passive_aggresive:fit_intercept,passive_aggresive:loss,passive_aggresive:n_iter,pca:keep_variance,pca:whiten,preprocessor,qda:reg_param,qda:tol,random_forest:bootstrap,random_forest:criterion,random_forest:max_depth,random_forest:max_features,random_forest:max_leaf_nodes,random_forest:min_samples_leaf,random_forest:min_samples_split,random_forest:n_estimators,random_trees_embedding:max_depth,random_trees_embedding:max_leaf_nodes,random_trees_embedding:min_samples_leaf,random_trees_embedding:min_samples_split,random_trees_embedding:n_estimators,rescaling:strategy,ridge:alpha,ridge:fit_intercept,ridge:tol,select_percentile_classification:percentile,select_percentile_classification:score_func,select_rates:alpha,select_rates:mode,select_rates:score_func,sgd:alpha,sgd:epsilon,sgd:eta0,sgd:fit_intercept,sgd:l1_ratio,sgd:learning_rate,sgd:loss,sgd:n_iter,sgd:penalty,sgd:power_t
1,,,,,none,sgd,,,,,,,,,,,,,,,,,,,,,,,,,,,,,,,,,,,median,,,,,,,,,,,,,,,,,,,,,,,,9.12289388045085,auto,False,True,1,l2,ovr,l2,0.0006941751064354955,,,,,,,,,,,,,,,,,,,,,,,liblinear_svc_preprocessor,,,,,,,,,,,,,,,,standard,,,,,,,,,2.3700611207598537e-06,,0.06533728461727917,True,0.4909583799330445,invscaling,log,424,elasticnet,0.1628309471415556
2,,,,,weighting,multinomial_nb,,,,,,,,,,,,,,,,,,,,,,,,,,,,,,,,,,,most_frequent,,,,,,,,,,,,,,,,,,,,,,,,,,,,,,,,,,,,,,,,,,0.3113529847334248,True,,,,,,,,,,,,no_preprocessing,,,,,,,,,,,,,,,,min/max,,,,,,,,,,,,,,,,,,
3,,,,,weighting,liblinear_svc,,,,,,,,,,,,,,,,,,,,,,,,,,,,,,,,,,,mean,,,,,,,,,,,,,,,51.42384245279719,auto,False,True,1,l2,ovr,l2,0.0045150938650555,,,,,,,,,,,,,,,,,,,,,,,,,,,,,,,,select_rates,,,,,,,,,,,,,,,,normalize,,,,,,0.16605292192487062,fwe,f_classif,,,,,,,,,,
4,,,,,weighting,libsvm_svc,,,,,,,,,,,,,,,,,,,,,,,,,manhattan,average,82,,,,,,,,mean,,,,,,,,,,,,,,,,,,,,,,,,,,,,,,,,,1.6662303391850255,None,-0.6388677204077742,3,0.4148874503022906,poly,-1,False,0.0011637296306071549,,,,,,,,,,,,,,feature_agglomeration,,,,,,,,,,,,,,,,standard,,,,,,,,,,,,,,,,,,
5,,,,,weighting,gradient_boosting,,,,,,,,,,,,,,,,,,,,,parallel,cube,1993,False,,,,0.1627689194177476,7,3.239224834441637,4,13,100,0.9881287003685828,mean,,,,,,,,,,,,,,,,,,,,,,,,,,,,,,,,,,,,,,,,,,,,,,,,,,,,,,,fast_ica,,,,,,,,,,,,,,,,min/max,,,,,,,,,,,,,,,,,,
6,,,,,weighting,ridge,,,,,,,,,,,,,,,,,,,,,,,,,,,,,,,,,,,mean,,,,,,,,,,,1.5446375844767635,6933,,,,,,,,,,,,,,,,,,,,,,,,,,,,,,,,,,,,,,,,,,,kitchen_sinks,,,,,,,,,,,,,,,,min/max,0.01021812388221276,True,0.00011992033935609257,,,,,,,,,,,,,,,
7,,,,,weighting,random_forest,,,,,,,,,,,,,,False,entropy,None,2.0019063735577274,14,7,100,,,,,,,,,,,,,,,most_frequent,,,,,,,,,,,,,,,,,,,,,,,,,,,,,,,,,,,,,,,,,,,,,,,,,,,,,,,extra_trees_preproc_for_classification,,,True,entropy,None,4.2366703662958445,None,1,3,100,,,,,,standard,,,,,,,,,,,,,,,,,,
8,,,,,weighting,libsvm_svc,,,,,,,,,,,,,,,,,,,,,,,,,manhattan,average,82,,,,,,,,mean,,,,,,,,,,,,,,,,,,,,,,,,,,,,,,,,,1.6662303391850255,None,-0.6388677204077742,3,0.4148874503022906,poly,-1,False,0.0011637296306071549,,,,,,,,,,,,,,feature_agglomeration,,,,,,,,,,,,,,,,standard,,,,,,,,,,,,,,,,,,
9,,,,,none,extra_trees,,,,,,,False,gini,None,2.1146350405316685,3,14,100,,,,,,,,,,,,,,,,,,,,,,most_frequent,,,,,,,,,,,,,,,,,,,,,,,,,,,,,,,,,,,,,,,,,,,,,,,,,,,,,,,no_preprocessing,,,,,,,,,,,,,,,,normalize,,,,,,,,,,,,,,,,,,
10,,,,,weighting,random_forest,,,,,,,,,,,,,,,,,,,,,,,,,,,,,,,,,,,mean,,,,,,,,,,,,,,,,,,,,,,,,,,,,,,,,,,,,,,,,,,,,,,,,,,,,,0.5588812540215415,True,pca,,,True,entropy,None,1.8396363206266477,None,14,11,100,,,,,,min/max,,,,,,,,,,,,,,,,,,
11,,,,,weighting,passive_aggresive,,,,,,,,,,,,,,,,,,,,,,,,,,,,,,,,,,,mean,,,,,,,,,,,,,,,,,,,,,,,,874.7015373503122,None,False,True,1,l2,ovr,l2,0.0611612799083342,,,,,,,,,,,,,,,,,4.012800089988248e-05,True,squared_hinge,236,,,liblinear_svc_preprocessor,,,,,,,,,,,,,,,,min/max,,,,,,,,,,,,,,,,,,
12,SAMME.R,0.9674213425293952,9,66,weighting,adaboost,,,,,,,,,,,,,,True,gini,None,3.540848453412128,7,15,100,,,,,,,,,,,,,,,most_frequent,,,,,,,,,,,,,,,,,,,,,,,,,,,,,,,,,,,,,,,,,,,,,,,,,,,,,,,extra_trees_preproc_for_classification,,,,,,,,,,,,,,,,standard,,,,,,,,,,,,,,,,,,
13,,,,,none,liblinear_svc,,,,,,,,,,,,,,,,,,,,,,,,,,,,,,,,,,,median,,,,,,,,,,,,,,,9.175504903672477,None,False,True,1,l2,ovr,l2,0.013834129577528618,678.9753858430612,auto,False,True,1,l2,ovr,l2,0.00015222324610646566,,,,,,,,,,,,,,,,,,,,,,,liblinear_svc_preprocessor,,,,,,,,,,,,,,,,min/max,,,,,,,,,,,,,,,,,,
14,,,,,none,libsvm_svc,,,,,,,,,,,,,,,,,,,,,,,,,,,,,,,,,,,median,,,,,,,,,,,,,,,,,,,,,,,,,,,,,,,,,19690.05574409663,None,,,4.895935845621838e-05,rbf,-1,True,0.019646836528331813,,,,,,,,,,,,,,random_trees_embedding,,,,,,,,,,,4,None,16,9,52,standard,,,,,,,,,,,,,,,,,,
15,SAMME.R,0.2365256845228507,6,270,none,adaboost,,,,,,,,,,,,,,,,,,,,,,,,,,,,,,,,,,,mean,,,,,,,,,,,,,,,,,,,,,,,,,,,,,,,,,,,,,,,,,,,,,,,,,,,,,,,no_preprocessing,,,,,,,,,,,,,,,,none,,,,,,,,,,,,,,,,,,
16,,,,,weighting,liblinear_svc,,,,,,,,,,,,,,,,,,,,,,,,,,,,,,,,,,,mean,,,,,,,,,,,,,,,0.9307197778793098,auto,False,True,1,l2,ovr,l2,0.00036319127658448314,874.7015373503122,None,False,True,1,l2,ovr,l2,0.0611612799083342,,,,,,,,,,,,,,,,,,,,,,,liblinear_svc_preprocessor,,,,,,,,,,,,,,,,min/max,,,,,,,,,,,,,,,,,,
17,,,,,none,random_forest,,,,,,,,,,,,,,,,,,,,,,,,,,,,,,,,,,,mean,,,,,,,,,,,,,,,,,,,,,,,,,,,,,,,,,,,,,,,,,,,,,,,,,,,,,,,no_preprocessing,,,True,gini,None,1.0,None,1,2,100,,,,,,min/max,,,,,,,,,,,,,,,,,,
18,,,,,weighting,sgd,,,,,,,,,,,,,,,,,,,,,,,,,,,,,,,,,,,most_frequent,,,,,,,,,,,1.6203452280981492,9812,,,,,,,,,,,,,,,,,,,,,,,,,,,,,,,,,,,,,,,,,,,kitchen_sinks,,,,,,,,,,,,,,,,min/max,,,,,,,,,5.641638307200248e-06,,0.07060847896251375,True,0.7164629744765447,constant,hinge,721,elasticnet,
19,,,,,weighting,extra_trees,,,,,,,False,gini,None,4.166303046809747,19,19,100,,,,,,,,,,,,,,,,,,,,,,mean,,,,,,,,,,,,,,,,,,,,,,,,,,,,,,,,,,,,,,,,,,,,,,,,,,,,,,,select_rates,,,,,,,,,,,,,,,,min/max,,,,,,0.3285735732665033,fpr,f_classif,,,,,,,,,,
20,,,,,weighting,gradient_boosting,,,,,,,,,,,,,,,,,,,,,,,,,,,,0.004389322358191329,8,2.4703456601385065,3,6,100,0.6019914945087188,mean,,,,,,,,,,,,,,,,,,,,,,,,,,,,,,,,,,,,,,,,,,,,,,,,,,,,,,,no_preprocessing,,,,,,,,,,,,,,,,none,,,,,,,,,,,,,,,,,,
21,,,,,weighting,libsvm_svc,,,,,,,,,,,,,,,,,,,,,,,,,,,,,,,,,,,mean,,,,,,,,,,,,,,,,,,,,,,,,,,,,,,,,,18807.759325165465,None,,,0.9407045357028911,rbf,-1,True,0.0014873119699268175,,,,,,,,,,,,,,select_rates,,,,,,,,,,,,,,,,min/max,,,,,,0.12666673893748293,fdr,f_classif,,,,,,,,,,
22,,,,,none,random_forest,,,,,,,,,,,,,,,,,,,,,,,,,,,,,,,,,,,mean,,,,,,,,,,,,,,,,,,,,,,,,,,,,,,,,,,,,,,,,,,,,,,,,,,,,,,,no_preprocessing,,,True,gini,None,1.0,None,1,2,100,,,,,,min/max,,,,,,,,,,,,,,,,,,
23,,,,,none,passive_aggresive,,,,,,,,,,,,,,,,,,,,,,,,,,,,,,,,,,,most_frequent,,,,,,,,,,,0.5382779598457617,2201,,,,,,,,,,,,,,,,,,,,,,,,,,,,,,,,,,,,,0.0003992840656132421,True,squared_hinge,532,,,kitchen_sinks,,,,,,,,,,,,,,,,min/max,,,,,,,,,,,,,,,,,,
24,,,,,weighting,decision_tree,entropy,None,1.0,None,17,9,,,,,,,,False,entropy,None,4.994283015091197,16,11,100,,,,,,,,,,,,,,,most_frequent,,,,,,,,,,,,,,,,,,,,,,,,,,,,,,,,,,,,,,,,,,,,,,,,,,,,,,,extra_trees_preproc_for_classification,,,,,,,,,,,,,,,,min/max,,,,,,,,,,,,,,,,,,
25,,,,,none,k_nearest_neighbors,,,,,,,,,,,,,,,,,,,,,,,,,,,,,,,,,,,most_frequent,auto,30,34,1,distance,,,0.0047680995000110825,rbf,1024,,,,,,,,,,,,,,,,,,,,,,,,,,,,,,,,,,,,,,,,,,,,,kernel_pca,,,,,,,,,,,,,,,,min/max,,,,,,,,,,,,,,,,,,
26,,,,,weighting,random_forest,,,,,,,,,,,,,,,,,,,,,,,,,,,,,,,,,,,median,,,,,,,,,,,,,,,,,,,,,,,,,,,,,,,,,,,,,,,,,,,,,,,,,,,,,,,no_preprocessing,,,True,entropy,None,3.9190442905285066,None,13,17,100,,,,,,none,,,,,,,,,,,,,,,,,,
27,,,,,none,sgd,,,,,,,,,,,,,,,,,,,,,,,,,,,,,,,,,,,mean,,,,,,,,,,,,,,,,,,,,,,,,,,,,,,,,,,,,,,,,,,,,,,,,,,,,,,,no_preprocessing,,,,,,,,,,,,,,,,min/max,,,,,,,,,0.0001,,0.01,True,,optimal,hinge,20,l2,
28,,,,,weighting,random_forest,,,,,,,,,,,,,,,,,,,,,,,,,,,,,,,,,,,mean,,,,,,,,,,,,,,,,,,,,,,,,,,,,,,,,,,,,,,,,,,,,,,,,,,,,,0.6088219266627044,False,pca,,,False,entropy,None,4.366816136778912,None,8,20,100,,,,,,standard,,,,,,,,,,,,,,,,,,
29,,,,,weighting,sgd,,,,,,,,,,,,,,,,,,,,,,,,,,,,,,,,,,,mean,,,,,,,,,,,,,,,,,,,,,,,,12.880734989909625,None,False,True,1,l2,ovr,l2,0.00036892280651620407,,,,,,,,,,,,,,,,,,,,,,,liblinear_svc_preprocessor,,,,,,,,,,,,,,,,normalize,,,,,,,,,1.901877090783668e-05,0.0004780401588028154,0.03314485680173161,True,,constant,modified_huber,621,l1,
30,,,,,none,random_forest,,,,,,,,,,,,,,,,,,,,,,,,,,,,,,,,,,,mean,,,,,,,,,,,,,,,,,,,,,,,,,,,,,,,,,,,,,,,,,,,,,,,,,,,,,,,no_preprocessing,,,True,gini,None,1.0,None,1,2,100,,,,,,min/max,,,,,,,,,,,,,,,,,,
31,,,,,none,random_forest,,,,,,,,,,,,,,,,,,,,,,,,,,,,,,,,,,,mean,,,,,,,,,,,,,,,,,,,,,,,,,,,,,,,,,,,,,,,,,,,,,,,,,,,,,,,no_preprocessing,,,True,gini,None,1.0,None,1,2,100,,,,,,min/max,,,,,,,,,,,,,,,,,,
32,,,,,none,random_forest,,,,,,,,,,,,,,,,,,,,,,,,,,,,,,,,,,,mean,,,,,,,,,,,,,,,,,,,,,,,,,,,,,,,,,,,,,,,,,,,,,,,,,,,,,,,no_preprocessing,,,True,gini,None,1.0,None,1,2,100,,,,,,min/max,,,,,,,,,,,,,,,,,,
33,,,,,none,liblinear_svc,,,,,,,,,,,,,,,,,,,,,,,,,,,,,,,,,,,mean,,,,,,,,,,,,,,,1.0,None,False,True,1,l2,ovr,l2,0.0001,,,,,,,,,,,,,,,,,,,,,,,,,,,,,,1.0,False,pca,,,,,,,,,,,,,,,,min/max,,,,,,,,,,,,,,,,,,
34,,,,,weighting,random_forest,,,,,,,,,,,,,,,,,,,,,,,,,cosine,complete,118,,,,,,,,most_frequent,,,,,,,,,,,,,,,,,,,,,,,,,,,,,,,,,,,,,,,,,,,,,,,,,,,,,,,feature_agglomeration,,,True,entropy,None,2.0818401760607292,None,12,13,100,,,,,,min/max,,,,,,,,,,,,,,,,,,
35,,,,,none,random_forest,,,,,,,,,,,,,,False,gini,None,3.2048878125600915,11,10,100,,,,,,,,,,,,,,,most_frequent,,,,,,,,,,,,,,,,,,,,,,,,,,,,,,,,,,,,,,,,,,,,,,,,,,,,,,,extra_trees_preproc_for_classification,,,False,gini,None,4.404230054016786,None,12,16,100,,,,,,min/max,,,,,,,,,,,,,,,,,,
36,,,,,weighting,random_forest,,,,,,,,,,,,,,,,,,,,,,,,,manhattan,complete,291,,,,,,,,mean,,,,,,,,,,,,,,,,,,,,,,,,,,,,,,,,,,,,,,,,,,,,,,,,,,,,,,,feature_agglomeration,,,False,entropy,None,2.404815156480538,None,1,2,100,,,,,,min/max,,,,,,,,,,,,,,,,,,
37,,,,,weighting,sgd,,,,,,,,,,,,,,,,,,,,,,,,,,,,,,,,,,,median,,,,,,,,,,,0.7822444798154649,1365,,,,,,,,,,,,,,,,,,,,,,,,,,,,,,,,,,,,,,,,,,,kitchen_sinks,,,,,,,,,,,,,,,,min/max,,,,,,,,,0.0003315195807590143,1.2614686966888038e-05,0.029611037340665083,True,0.5622928081024,constant,modified_huber,648,elasticnet,
38,,,,,weighting,random_forest,,,,,,,,,,,,,,,,,,,,,,,,,,,,,,,,,,,median,,,,,,,,,,,,,,,,,,,,,,,,,,,,,,,,,,,,,,,,,,,,,,,,,,,,,,,select_percentile_classification,,,True,entropy,None,4.641217563798565,None,19,16,100,,,,,,none,,,,63.917874064598735,f_classif,,,,,,,,,,,,,
39,,,,,none,liblinear_svc,,,,,,,,,,,,,,,,,,,,,,,,,,,,,,,,,,,mean,,,,,,,,,,,,,,,0.11583635753083169,auto,False,True,1,l2,ovr,l2,7.012668880048614e-05,,,,,,,,,,,,,,,,,,,,,,,,,,,,,,,,no_preprocessing,,,,,,,,,,,,,,,,min/max,,,,,,,,,,,,,,,,,,
40,,,,,none,libsvm_svc,,,,,,,,,,,,,,,,,,,,,,,,,,,,,,,,,,,median,,,,,,,,,,,,,,,,,,,,,,,,,,,,,,,,,19690.05574409663,None,,,4.895935845621838e-05,rbf,-1,True,0.019646836528331813,,,,,,,,,,,,,,random_trees_embedding,,,,,,,,,,,4,None,16,9,52,standard,,,,,,,,,,,,,,,,,,
41,,,,,weighting,multinomial_nb,,,,,,,,,,,,,,,,,,,,,,,,,,,,,,,,,,,mean,,,,,,,,,,,,,,,,,,,,,,,,8.558337407769853,None,False,True,1,l2,ovr,l2,0.08160477802499543,,,,,,,,,,0.03608214451972112,True,,,,,,,,,,,,liblinear_svc_preprocessor,,,,,,,,,,,,,,,,min/max,,,,,,,,,,,,,,,,,,
42,,,,,none,lda,,,,,,,,,,,,,,,,,,,,,,,,,,,,,,,,,,,most_frequent,,,,,,,,,,,,,223,0.004359235708745337,,,,,,,,,,,,,,,,,,,,,,,,,,,,,,,,,,,,,,,0.767679176859779,False,pca,,,,,,,,,,,,,,,,min/max,,,,,,,,,,,,,,,,,,
43,,,,,weighting,random_forest,,,,,,,,,,,,,,,,,,,,,,,,,,,,,,,,,,,most_frequent,,,,,,,,,,,,,,,,,,,,,,,,1709.5395790601885,auto,False,True,1,l2,ovr,l2,0.0007002948829061057,,,,,,,,,,,,,,,,,,,,,,,liblinear_svc_preprocessor,,,False,gini,None,4.491559111184691,None,3,9,100,,,,,,none,,,,,,,,,,,,,,,,,,
44,,,,,none,libsvm_svc,,,,,,,,,,,,,,True,entropy,None,2.7313719447803275,15,4,100,,,,,,,,,,,,,,,mean,,,,,,,,,,,,,,,,,,,,,,,,,,,,,,,,,6.757077306583234,auto,,,0.47024707940736477,rbf,-1,True,0.00014593885143152476,,,,,,,,,,,,,,extra_trees_preproc_for_classification,,,,,,,,,,,,,,,,min/max,,,,,,,,,,,,,,,,,,
45,,,,,weighting,liblinear_svc,,,,,,,,,,,,,,,,,,,,,,,,,,,,,,,,,,,mean,,,,,,,,,,,,,,,7900.428344107367,auto,False,True,1,l2,ovr,l2,1.6558366871086756e-05,,,,,,,,,,,,,,,,,,,,,0.7942922539172532,5,0.051919767145054405,poly,832,,,,,,,nystroem_sampler,,,,,,,,,,,,,,,,min/max,,,,,,,,,,,,,,,,,,
46,,,,,none,random_forest,,,,,,,,,,,,,,,,,,,,,,,,,,,,,,,,,,,mean,,,,,,,,,,,,,,,,,,,,,,,,,,,,,,,,,,,,,,,,,,,,,,,,,,,,,,,no_preprocessing,,,True,gini,None,1.0,None,1,2,100,,,,,,min/max,,,,,,,,,,,,,,,,,,
47,,,,,weighting,sgd,,,,,,,,,,,,,,,,,,,,,,,,,,,,,,,,,,,median,,,,,,,,,,,0.9714124163801192,599,,,,,,,,,,,,,,,,,,,,,,,,,,,,,,,,,,,,,,,,,,,kitchen_sinks,,,,,,,,,,,,,,,,min/max,,,,,,,,,2.4916353341396004e-06,,0.02182685651980645,True,,constant,squared_hinge,835,l1,
48,,,,,none,liblinear_svc,,,,,,,,,,,,,,False,entropy,None,1.0860403492676096,5,7,100,,,,,,,,,,,,,,,most_frequent,,,,,,,,,,,,,,,1.3165626489190045,auto,False,True,1,l2,ovr,l2,3.2058610322007726e-05,,,,,,,,,,,,,,,,,,,,,,,,,,,,,,,,extra_trees_preproc_for_classification,,,,,,,,,,,,,,,,standard,,,,,,,,,,,,,,,,,,
49,,,,,weighting,random_forest,,,,,,,,,,,,,,,,,,,,,,,,,,,,,,,,,,,median,,,,,,,,,,,,,,,,,,,,,,,,,,,,,,,,,,,,,,,,,,,,,,,,,,,,,,,select_rates,,,True,gini,None,2.0149008258124677,None,12,18,100,,,,,,min/max,,,,,,0.37286518456033974,fdr,chi2,,,,,,,,,,
50,,,,,none,qda,,,,,,,,,,,,,,,,,,,,,,,,,cosine,complete,352,,,,,,,,most_frequent,,,,,,,,,,,,,,,,,,,,,,,,,,,,,,,,,,,,,,,,,,,,,,,,,,,,,,,feature_agglomeration,2.9613390521386163,0.0006208129330066126,,,,,,,,,,,,,,min/max,,,,,,,,,,,,,,,,,,
51,,,,,weighting,multinomial_nb,,,,,,,,,,,,,,,,,,,,,,,,,,,,,,,,,,,median,,,,,,,,,,,,,,,,,,,,,,,,,,,,,,,,,,,,,,,,,,0.3247792742762295,True,,,,,,,,,,,,no_preprocessing,,,,,,,,,,,,,,,,min/max,,,,,,,,,,,,,,,,,,
52,,,,,weighting,multinomial_nb,,,,,,,,,,,,,,,,,,,,,,,,,,,,,,,,,,,mean,,,,,,,,,,,,,,,,,,,,,,,,,,,,,,,,,,,,,,,,,,0.20242809933584976,False,,,,,,,,,,,,select_rates,,,,,,,,,,,,,,,,min/max,,,,,,0.3339985436370502,fpr,chi2,,,,,,,,,,
53,SAMME.R,0.17097289589080505,2,459,none,adaboost,,,,,,,,,,,,,,,,,,,,,,,,,,,,,,,,,,,median,,,,,,,,,,,,,,,,,,,,,,,,,,,,,,,,,,,,,,,,,,,,,,,,,,,,,,,no_preprocessing,,,,,,,,,,,,,,,,none,,,,,,,,,,,,,,,,,,
54,,,,,weighting,extra_trees,,,,,,,False,entropy,None,4.014785230688828,14,20,100,,,,,,,,deflation,cube,1939,True,,,,,,,,,,,median,,,,,,,,,,,,,,,,,,,,,,,,,,,,,,,,,,,,,,,,,,,,,,,,,,,,,,,fast_ica,,,,,,,,,,,,,,,,min/max,,,,,,,,,,,,,,,,,,
55,,,,,none,random_forest,,,,,,,,,,,,,,,,,,,,,,,,,euclidean,average,321,,,,,,,,mean,,,,,,,,,,,,,,,,,,,,,,,,,,,,,,,,,,,,,,,,,,,,,,,,,,,,,,,feature_agglomeration,,,False,gini,None,4.705154466463113,None,4,13,100,,,,,,none,,,,,,,,,,,,,,,,,,
56,,,,,none,sgd,,,,,,,,,,,,,,,,,,,,,,,,,,,,,,,,,,,mean,,,,,,,,,,,,,,,,,,,,,,,,,,,,,,,,,,,,,,,,,,,,,,,,,,,,,,,no_preprocessing,,,,,,,,,,,,,,,,min/max,,,,,,,,,0.0001,,0.01,True,,optimal,hinge,20,l2,
57,,,,,weighting,extra_trees,,,,,,,True,entropy,None,1.321263327569289,3,2,100,,,,,,,,,,,,,,,,,,,,,,mean,,,,,,,,,,,,,,,,,,,,,,,,,,,,,,,,,,,,,,,,,,,,,,,,,,,,,,,select_percentile_classification,,,,,,,,,,,,,,,,normalize,,,,74.97739267867057,f_classif,,,,,,,,,,,,,
58,,,,,weighting,sgd,,,,,,,,,,,,,,,,,,,,,,,,,,,,,,,,,,,mean,,,,,,,,,,,,,,,,,,,,,,,,,,,,,,,,,,,,,,,,,,,,,,,,,,,,,,,random_trees_embedding,,,,,,,,,,,6,None,2,2,89,min/max,,,,,,,,,3.938465762534033e-07,,0.021899043477613553,True,0.5441799387024291,invscaling,squared_hinge,775,elasticnet,0.5410294770869717
59,,,,,none,decision_tree,entropy,None,1.0,None,4,18,,,,,,,,,,,,,,,,,,,,,,,,,,,,,median,,,,,,,,,,,,,,,,,,,,,,,,,,,,,,,,,,,,,,,,,,,,,,,,,,,,,,,select_percentile_classification,,,,,,,,,,,,,,,,min/max,,,,59.112598406649056,f_classif,,,,,,,,,,,,,
60,,,,,weighting,sgd,,,,,,,,,,,,,,,,,,,,,,,,,,,,,,,,,,,median,,,,,,,,,,,,,,,,,,,,,,,,,,,,,,,,,,,,,,,,,,,,,,,,,,,,,,,select_percentile_classification,,,,,,,,,,,,,,,,standard,,,,97.22149324284395,f_classif,,,,0.018128273347032094,,0.043053042704879536,True,,invscaling,log,259,l1,0.5126436780979067
61,,,,,none,random_forest,,,,,,,,,,,,,,,,,,,,,,,,,,,,,,,,,,,mean,,,,,,,,,,,,,,,,,,,,,,,,,,,,,,,,,,,,,,,,,,,,,,,,,,,,,,,no_preprocessing,,,True,gini,None,1.0,None,1,2,100,,,,,,min/max,,,,,,,,,,,,,,,,,,
62,,,,,none,passive_aggresive,,,,,,,,,,,,,,False,entropy,None,3.8915464812408964,7,11,100,,,,,,,,,,,,,,,most_frequent,,,,,,,,,,,,,,,,,,,,,,,,,,,,,,,,,,,,,,,,,,,,,,,,,0.006194919169520472,True,hinge,749,,,extra_trees_preproc_for_classification,,,,,,,,,,,,,,,,normalize,,,,,,,,,,,,,,,,,,
63,,,,,weighting,gradient_boosting,,,,,,,,,,,,,,False,gini,None,4.185238655929925,16,18,100,,,,,,,,0.3128629878686381,5,2.5659409851981088,6,18,100,0.9151586219175792,most_frequent,,,,,,,,,,,,,,,,,,,,,,,,,,,,,,,,,,,,,,,,,,,,,,,,,,,,,,,extra_trees_preproc_for_classification,,,,,,,,,,,,,,,,none,,,,,,,,,,,,,,,,,,
64,,,,,none,random_forest,,,,,,,,,,,,,,,,,,,,,,,,,,,,,,,,,,,mean,,,,,,,,,,,,,,,,,,,,,,,,,,,,,,,,,,,,,,,,,,,,,,,,,,,,,,,no_preprocessing,,,True,gini,None,1.0,None,1,2,100,,,,,,min/max,,,,,,,,,,,,,,,,,,
65,,,,,weighting,sgd,,,,,,,,,,,,,,,,,,,,,,,,,,,,,,,,,,,median,,,,,,,,,,,,,,,,,,,,,,,,,,,,,,,,,,,,,,,,,,,,,,,,,,,,,,,no_preprocessing,,,,,,,,,,,,,,,,min/max,,,,,,,,,0.00013437777615669326,0.0002561568000742165,0.05222815237004391,True,,constant,modified_huber,429,l1,
66,,,,,weighting,sgd,,,,,,,,,,,,,,,,,,,,,,,,,,,,,,,,,,,most_frequent,,,,,,,,,,,1.8643882934424367,1009,,,,,,,,,,,,,,,,,,,,,,,,,,,,,,,,,,,,,,,,,,,kitchen_sinks,,,,,,,,,,,,,,,,min/max,,,,,,,,,2.450200760940582e-05,,0.06393422866885007,True,0.7335803372082709,optimal,log,159,elasticnet,
67,,,,,none,random_forest,,,,,,,,,,,,,,,,,,,,,,,,,,,,,,,,,,,mean,,,,,,,,,,,,,,,,,,,,,,,,,,,,,,,,,,,,,,,,,,,,,,,,,,,,,,,no_preprocessing,,,True,gini,None,1.0,None,1,2,100,,,,,,min/max,,,,,,,,,,,,,,,,,,
68,,,,,none,liblinear_svc,,,,,,,,,,,,,,,,,,,,,,,,,,,,,,,,,,,median,,,,,,,,7.6838141537009275,rbf,119,,,,,10181.26999763083,None,False,True,1,l2,ovr,l2,1.914837166292513e-05,,,,,,,,,,,,,,,,,,,,,,,,,,,,,,,,kernel_pca,,,,,,,,,,,,,,,,normalize,,,,,,,,,,,,,,,,,,
69,,,,,none,gradient_boosting,,,,,,,,,,,,,,,,,,,,,,,,,,,,0.37888379543406586,10,4.827956317902033,6,13,100,0.5828377023393366,most_frequent,,,,,,,,,,,,,,,,,,,,,,,,,,,,,,,,,,,,,,,,,,,,,,,,,,,,,,,select_rates,,,,,,,,,,,,,,,,min/max,,,,,,0.018656049341878422,fdr,f_classif,,,,,,,,,,
70,,,,,none,random_forest,,,,,,,,,,,,,,,,,,,,,,,,,,,,,,,,,,,mean,,,,,,,,,,,,,,,,,,,,,,,,,,,,,,,,,,,,,,,,,,,,,,,,,,,,,,,no_preprocessing,,,True,gini,None,1.0,None,1,2,100,,,,,,min/max,,,,,,,,,,,,,,,,,,
71,SAMME.R,0.1861948834091426,2,124,none,adaboost,,,,,,,,,,,,,,,,,,,,,,,,,,,,,,,,,,,mean,,,,,,,,,,,,,,,,,,,,,,,,,,,,,,,,,,,,,,,,,,,,,,,,,,,,,,,select_percentile_classification,,,,,,,,,,,,,,,,none,,,,13.564011211875442,f_classif,,,,,,,,,,,,,
72,,,,,none,liblinear_svc,,,,,,,,,,,,,,,,,,,,,,,,,,,,,,,,,,,median,,,,,,,,,,,1.999936528191828,3675,,,1.6085186204186026,None,False,True,1,l2,ovr,l2,0.0009604701260407091,,,,,,,,,,,,,,,,,,,,,,,,,,,,,,,,kitchen_sinks,,,,,,,,,,,,,,,,min/max,,,,,,,,,,,,,,,,,,
73,,,,,none,random_forest,,,,,,,,,,,,,,,,,,,,,,,,,,,,,,,,,,,most_frequent,,,,,,,,,,,,,,,,,,,,,,,,,,,,,,,,,,,,,,,,,,,,,,,,,,,,,,,no_preprocessing,,,False,entropy,None,3.567767811238528,None,14,12,100,,,,,,standard,,,,,,,,,,,,,,,,,,
74,,,,,weighting,libsvm_svc,,,,,,,,,,,,,,,,,,,,,,,,,manhattan,average,118,,,,,,,,most_frequent,,,,,,,,,,,,,,,,,,,,,,,,,,,,,,,,,246.45217817427124,auto,,,0.044230019328469025,rbf,-1,False,0.03686751311055437,,,,,,,,,,,,,,feature_agglomeration,,,,,,,,,,,,,,,,standard,,,,,,,,,,,,,,,,,,
75,,,,,none,sgd,,,,,,,,,,,,,,,,,,,,,,,,,,,,,,,,,,,mean,,,,,,,,,,,,,,,,,,,,,,,,,,,,,,,,,,,,,,,,,,,,,,,,,,,,,,,no_preprocessing,,,,,,,,,,,,,,,,min/max,,,,,,,,,0.0001,,0.01,True,,optimal,hinge,20,l2,
76,,,,,none,random_forest,,,,,,,,,,,,,,,,,,,,,,,,,,,,,,,,,,,mean,,,,,,,,,,,,,,,,,,,,,,,,,,,,,,,,,,,,,,,,,,,,,,,,,,,,,,,no_preprocessing,,,True,gini,None,1.0,None,1,2,100,,,,,,min/max,,,,,,,,,,,,,,,,,,
77,,,,,weighting,decision_tree,entropy,None,1.0,None,8,11,,,,,,,,,,,,,,,,,,,,,,,,,,,,,mean,,,,,,0.1474705107997314,2,4.943118113453692e-05,poly,540,,,,,,,,,,,,,,,,,,,,,,,,,,,,,,,,,,,,,,,,,,,,,kernel_pca,,,,,,,,,,,,,,,,none,,,,,,,,,,,,,,,,,,
78,,,,,none,random_forest,,,,,,,,,,,,,,,,,,,,,,,,,,,,,,,,,,,mean,,,,,,,,,,,,,,,,,,,,,,,,,,,,,,,,,,,,,,,,,,,,,,,,,,,,,,,no_preprocessing,,,True,gini,None,1.0,None,1,2,100,,,,,,min/max,,,,,,,,,,,,,,,,,,
79,,,,,weighting,random_forest,,,,,,,,,,,,,,,,,,,,,,,,,,,,,,,,,,,mean,,,,,,,,,,,,,,,,,,,,,,,,,,,,,,,,,,,,,,,,,,,,,,,,,,,,,0.5588812540215415,True,pca,,,True,entropy,None,1.8396363206266477,None,14,11,100,,,,,,min/max,,,,,,,,,,,,,,,,,,
80,,,,,weighting,passive_aggresive,,,,,,,,,,,,,,,,,,,,,,,,,,,,,,,,,,,median,,,,,,,,,,,,,,,,,,,,,,,,,,,,,,,,,,,,,,,,,,,,,,,,,1.3112561657810007,True,hinge,948,,,select_percentile_classification,,,,,,,,,,,,,,,,min/max,,,,83.36692474869163,chi2,,,,,,,,,,,,,
81,,,,,none,gaussian_nb,,,,,,,,,,,,,,,,,,,,,,,,,,,,,,,,,,,most_frequent,,,,,,,,,,,,,,,,,,,,,,,,,,,,,,,,,,,,,,,,,,,,,,,,,,,,,,,select_rates,,,,,,,,,,,,,,,,min/max,,,,,,0.16177128433643997,fdr,f_classif,,,,,,,,,,
82,,,,,none,sgd,,,,,,,,,,,,,,,,,,,,,,,,,,,,,,,,,,,mean,,,,,,,,,,,,,,,,,,,,,,,,,,,,,,,,,,,,,,,,,,,,,,,,,,,,,,,no_preprocessing,,,,,,,,,,,,,,,,min/max,,,,,,,,,0.0001,,0.01,True,,optimal,hinge,20,l2,
83,,,,,none,random_forest,,,,,,,,,,,,,,,,,,,,,,,,,,,,,,,,,,,mean,,,,,,,,,,,,,,,,,,,,,,,,,,,,,,,,,,,,,,,,,,,,,,,,,,,,,,,no_preprocessing,,,True,gini,None,1.0,None,1,2,100,,,,,,min/max,,,,,,,,,,,,,,,,,,
84,,,,,none,lda,,,,,,,,,,,,,,,,,,,,,,,,,,,,,,,,,,,median,,,,,,,,,,,,,250,0.00011400097397327559,,,,,,,,,,,,,,,,,,,,,,,,,,,,,,,,,,,,,,,,,select_rates,,,,,,,,,,,,,,,,none,,,,,,0.47711075886435095,fdr,f_classif,,,,,,,,,,
85,,,,,none,qda,,,,,,,,,,,,,,,,,,,,,,,,,,,,,,,,,,,mean,,,,,,,,,,,,,,,,,,,,,,,,,,,,,,,,,,,,,,,,,,,,,,,,,,,,,0.9667835709213893,True,pca,0.12867123664284663,0.008880248567283021,,,,,,,,,,,,,,none,,,,,,,,,,,,,,,,,,
86,,,,,weighting,k_nearest_neighbors,,,,,,,,,,,,,,True,entropy,None,3.8368831419797234,20,19,100,,,,,,,,,,,,,,,mean,auto,30,1,1,distance,,,,,,,,,,,,,,,,,,,,,,,,,,,,,,,,,,,,,,,,,,,,,,,,,,extra_trees_preproc_for_classification,,,,,,,,,,,,,,,,min/max,,,,,,,,,,,,,,,,,,
87,,,,,none,liblinear_svc,,,,,,,,,,,,,,,,,,,,,,,,,cosine,average,301,,,,,,,,most_frequent,,,,,,,,,,,,,,,3.631198413155705,auto,False,True,1,l2,ovr,l2,0.0023408107349370145,,,,,,,,,,,,,,,,,,,,,,,,,,,,,,,,feature_agglomeration,,,,,,,,,,,,,,,,standard,,,,,,,,,,,,,,,,,,
88,,,,,weighting,extra_trees,,,,,,,False,entropy,None,2.058659041543273,1,3,100,,,,,,,,,,,,cosine,complete,71,,,,,,,,mean,,,,,,,,,,,,,,,,,,,,,,,,,,,,,,,,,,,,,,,,,,,,,,,,,,,,,,,feature_agglomeration,,,,,,,,,,,,,,,,min/max,,,,,,,,,,,,,,,,,,
89,,,,,none,random_forest,,,,,,,,,,,,,,,,,,,,,,,,,,,,,,,,,,,mean,,,,,,,,,,,,,,,,,,,,,,,,,,,,,,,,,,,,,,,,,,,,,,,,,,,,,,,no_preprocessing,,,True,gini,None,1.0,None,1,2,100,,,,,,min/max,,,,,,,,,,,,,,,,,,
90,,,,,none,sgd,,,,,,,,,,,,,,,,,,,,,,,,,,,,,,,,,,,mean,,,,,,,,,,,,,,,,,,,,,,,,,,,,,,,,,,,,,,,,,,,,,,,,,,,,,,,no_preprocessing,,,,,,,,,,,,,,,,min/max,,,,,,,,,0.0001,,0.01,True,,optimal,hinge,20,l2,
91,,,,,none,random_forest,,,,,,,,,,,,,,,,,,,,,,,,,,,,,,,,,,,mean,,,,,,,,,,,,,,,,,,,,,,,,,,,,,,,,,,,,,,,,,,,,,,,,,,,,,,,no_preprocessing,,,True,gini,None,1.0,None,1,2,100,,,,,,min/max,,,,,,,,,,,,,,,,,,
92,,,,,weighting,random_forest,,,,,,,,,,,,,,,,,,,,,,,,,,,,,,,,,,,mean,,,,,,,,,,,,,,,,,,,,,,,,,,,,,,,,,,,,,,,,,,,,,,,,,,,,,,,select_rates,,,True,gini,None,1.0,None,1,2,100,,,,,,min/max,,,,,,0.1,fpr,chi2,,,,,,,,,,
93,SAMME.R,0.06108276911303815,3,366,none,adaboost,,,,,,,,,,,,,,,,,,,,,,,,,,,,,,,,,,,median,,,,,,,,,,,,,,,,,,,,,,,,,,,,,,,,,,,,,,,,,,,,,,,,,,,,,,,select_rates,,,,,,,,,,,,,,,,none,,,,,,0.3396899466796564,fwe,f_classif,,,,,,,,,,
94,SAMME.R,0.42460777860073545,4,220,weighting,adaboost,,,,,,,,,,,,,,,,,,,,,,,,,,,,,,,,,,,most_frequent,,,,,,,,,,,,,,,,,,,,,,,,,,,,,,,,,,,,,,,,,,,,,,,,,,,,,,,select_percentile_classification,,,,,,,,,,,,,,,,min/max,,,,92.96478145309108,chi2,,,,,,,,,,,,,
95,,,,,weighting,lda,,,,,,,,,,,,,,,,,,,,,,,,,,,,,,,,,,,mean,,,,,,,,,,,,,118,2.672661969252656e-05,,,,,,,,,,,,,,,,,,,,,,,,,,,,,,,,5.686253614742203,rbf,1128,,,,,,,nystroem_sampler,,,,,,,,,,,,,,,,min/max,,,,,,,,,,,,,,,,,,
96,,,,,none,random_forest,,,,,,,,,,,,,,,,,,,,,,,,,,,,,,,,,,,mean,,,,,,,,,,,,,,,,,,,,,,,,,,,,,,,,,,,,,,,,,,,,,,,,,,,,,,,no_preprocessing,,,True,gini,None,1.0,None,1,2,100,,,,,,min/max,,,,,,,,,,,,,,,,,,
97,,,,,weighting,random_forest,,,,,,,,,,,,,,,,,,,,,,,,,manhattan,complete,218,,,,,,,,median,,,,,,,,,,,,,,,,,,,,,,,,,,,,,,,,,,,,,,,,,,,,,,,,,,,,,,,feature_agglomeration,,,False,entropy,None,3.7227996218067743,None,14,7,100,,,,,,none,,,,,,,,,,,,,,,,,,
98,SAMME.R,0.1861948834091426,2,165,none,adaboost,,,,,,,,,,,,,,,,,,,,,,,,,,,,,,,,,,,mean,,,,,,,,,,,,,,,,,,,,,,,,,,,,,,,,,,,,,,,,,,,,,,,,,,,,,,,select_rates,,,,,,,,,,,,,,,,none,,,,,,0.45422503655427127,fwe,f_classif,,,,,,,,,,
99,,,,,none,gaussian_nb,,,,,,,,,,,,,,,,,,,,,,,,,,,,,,,,,,,most_frequent,,,,,,,,,,,,,,,,,,,,,,,,,,,,,,,,,,,,,,,,,,,,,,,,,,,,,,,select_rates,,,,,,,,,,,,,,,,min/max,,,,,,0.16177128433643997,fdr,f_classif,,,,,,,,,,
100,,,,,weighting,extra_trees,,,,,,,False,entropy,None,3.120630910299393,1,14,100,,,,,,,,,,,,euclidean,complete,49,,,,,,,,most_frequent,,,,,,,,,,,,,,,,,,,,,,,,,,,,,,,,,,,,,,,,,,,,,,,,,,,,,,,feature_agglomeration,,,,,,,,,,,,,,,,min/max,,,,,,,,,,,,,,,,,,
101,,,,,weighting,gradient_boosting,,,,,,,,,,,,,,,,,,,,,,,,,,,,0.07653638376933075,4,4.842640739802464,20,18,100,0.9467395383494966,mean,,,,,,,,,,,,,,,,,,,,,,,,5.776166823976608,auto,False,True,1,l2,ovr,l2,0.00134183210023905,,,,,,,,,,,,,,,,,,,,,,,liblinear_svc_preprocessor,,,,,,,,,,,,,,,,min/max,,,,,,,,,,,,,,,,,,
102,,,,,weighting,extra_trees,,,,,,,False,entropy,None,3.0463809522914387,10,7,100,,,,,,,,parallel,logcosh,694,False,,,,,,,,,,,mean,,,,,,,,,,,,,,,,,,,,,,,,,,,,,,,,,,,,,,,,,,,,,,,,,,,,,,,fast_ica,,,,,,,,,,,,,,,,normalize,,,,,,,,,,,,,,,,,,
103,,,,,none,random_forest,,,,,,,,,,,,,,,,,,,,,,,,,,,,,,,,,,,mean,,,,,,,,,,,,,,,,,,,,,,,,,,,,,,,,,,,,,,,,,,,,,,,,,,,,,,,no_preprocessing,,,True,gini,None,1.0,None,1,2,100,,,,,,min/max,,,,,,,,,,,,,,,,,,
104,,,,,none,random_forest,,,,,,,,,,,,,,,,,,,,,,,,,,,,,,,,,,,mean,,,,,,,,,,,,,,,,,,,,,,,,,,,,,,,,,,,,,,,,,,,,,,,,,,,,,,,no_preprocessing,,,True,gini,None,1.0,None,1,2,100,,,,,,min/max,,,,,,,,,,,,,,,,,,
105,,,,,weighting,random_forest,,,,,,,,,,,,,,,,,,,,,,,,,,,,,,,,,,,mean,,,,,,,,,,,,,,,,,,,,,,,,,,,,,,,,,,,,,,,,,,,,,,,,,,,,,0.5588812540215415,True,pca,,,True,entropy,None,1.8396363206266477,None,14,11,100,,,,,,min/max,,,,,,,,,,,,,,,,,,
106,,,,,none,ridge,,,,,,,,,,,,,,,,,,,,,,,,,,,,,,,,,,,most_frequent,,,,,,,,,,,,,,,,,,,,,,,,,,,,,,,,,,,,,,,,,,,,,,,,,,,,,,,no_preprocessing,,,,,,,,,,,,,,,,min/max,7.896884236101638e-05,True,0.005634837851936157,,,,,,,,,,,,,,,
107,,,,,none,multinomial_nb,,,,,,,,,,,,,,,,,,,,,,,,,,,,,,,,,,,most_frequent,,,,,,,,,,,,,,,,,,,,,,,,,,,,,,,,,,,,,,,,,,0.10215927263651471,True,,,,,,,,,,,,select_percentile_classification,,,,,,,,,,,,,,,,min/max,,,,66.1074107906201,chi2,,,,,,,,,,,,,
108,SAMME.R,0.1861948834091426,2,165,none,adaboost,,,,,,,,,,,,,,,,,,,,,,,,,,,,,,,,,,,mean,,,,,,,,,,,,,,,,,,,,,,,,,,,,,,,,,,,,,,,,,,,,,,,,,,,,,,,select_rates,,,,,,,,,,,,,,,,min/max,,,,,,0.45422503655427127,fwe,f_classif,,,,,,,,,,
109,SAMME.R,0.9236782506413317,4,388,none,adaboost,,,,,,,,,,,,,,,,,,,,,,,,,,,,,,,,,,,median,,,,,,,,,,,,,,,,,,,,,,,,0.06619292716620453,None,False,True,1,l2,ovr,l2,0.019945772906376332,,,,,,,,,,,,,,,,,,,,,,,liblinear_svc_preprocessor,,,,,,,,,,,,,,,,min/max,,,,,,,,,,,,,,,,,,
110,,,,,none,random_forest,,,,,,,,,,,,,,,,,,,,,,,,,,,,,,,,,,,mean,,,,,,,,,,,,,,,,,,,,,,,,,,,,,,,,,,,,,,,,,,,,,,,,,,,,,,,no_preprocessing,,,True,gini,None,1.0,None,1,2,100,,,,,,min/max,,,,,,,,,,,,,,,,,,
111,,,,,none,random_forest,,,,,,,,,,,,,,,,,,,,,,,,,,,,,,,,,,,mean,,,,,,,,,,,,,,,,,,,,,,,,,,,,,,,,,,,,,,,,,,,,,,,,,,,,,,,no_preprocessing,,,True,gini,None,1.0,None,1,2,100,,,,,,min/max,,,,,,,,,,,,,,,,,,
112,,,,,none,random_forest,,,,,,,,,,,,,,,,,,,,,,,,,,,,,,,,,,,mean,,,,,,,,,,,,,,,,,,,,,,,,,,,,,,,,,,,,,,,,,,,,,,,,,,,,,,,no_preprocessing,,,True,gini,None,1.0,None,1,2,100,,,,,,min/max,,,,,,,,,,,,,,,,,,
113,SAMME.R,0.0027930581683672617,3,138,weighting,adaboost,,,,,,,,,,,,,,,,,,,,,,,,,manhattan,complete,170,,,,,,,,median,,,,,,,,,,,,,,,,,,,,,,,,,,,,,,,,,,,,,,,,,,,,,,,,,,,,,,,feature_agglomeration,,,,,,,,,,,,,,,,normalize,,,,,,,,,,,,,,,,,,
114,,,,,weighting,ridge,,,,,,,,,,,,,,,,,,,,,,,,,,,,,,,,,,,most_frequent,,,,,,,,,,,1.018435765752884,5084,,,,,,,,,,,,,,,,,,,,,,,,,,,,,,,,,,,,,,,,,,,kitchen_sinks,,,,,,,,,,,,,,,,normalize,0.003928296401001923,True,0.07019340466874537,,,,,,,,,,,,,,,
115,,,,,weighting,ridge,,,,,,,,,,,,,,,,,,,,,,,,,,,,,,,,,,,most_frequent,,,,,,,,,,,,,,,,,,,,,,,,,,,,,,,,,,,,,,,,,,,,-0.1382805895824345,2,0.0031632570056277978,poly,6697,,,,,,,nystroem_sampler,,,,,,,,,,,,,,,,min/max,6.593190143670599e-05,True,6.148302348003872e-05,,,,,,,,,,,,,,,
116,,,,,none,extra_trees,,,,,,,True,entropy,None,3.975205053553226,11,14,100,False,entropy,None,3.921128325176448,5,4,100,,,,,,,,,,,,,,,median,,,,,,,,,,,,,,,,,,,,,,,,,,,,,,,,,,,,,,,,,,,,,,,,,,,,,,,extra_trees_preproc_for_classification,,,,,,,,,,,,,,,,none,,,,,,,,,,,,,,,,,,
117,,,,,none,random_forest,,,,,,,,,,,,,,,,,,,,,,,,,,,,,,,,,,,mean,,,,,,,,,,,,,,,,,,,,,,,,,,,,,,,,,,,,,,,,,,,,,,,,,,,,,,,no_preprocessing,,,True,gini,None,1.0,None,1,2,100,,,,,,min/max,,,,,,,,,,,,,,,,,,
118,,,,,weighting,gradient_boosting,,,,,,,,,,,,,,,,,,,,,,,,,,,,0.40867709226184984,3,4.902322335556055,20,19,100,0.92316849738149,mean,,,,,,,,,,,,,,,,,,,,,,,,,,,,,,,,,,,,,,,,,,,,,,,,,,,,,,,select_percentile_classification,,,,,,,,,,,,,,,,min/max,,,,97.22149324284395,f_classif,,,,,,,,,,,,,
119,,,,,none,qda,,,,,,,,,,,,,,,,,,,,,,,,,,,,,,,,,,,median,,,,,,,,,,,,,,,,,,,,,,,,1.6598885965428203,auto,False,True,1,l2,ovr,l2,3.834484410747011e-05,,,,,,,,,,,,,,,,,,,,,,,liblinear_svc_preprocessor,5.63128324993283,1.4516501363126133e-05,,,,,,,,,,,,,,min/max,,,,,,,,,,,,,,,,,,
120,,,,,none,gaussian_nb,,,,,,,,,,,,,,,,,,,,,,,,,,,,,,,,,,,most_frequent,,,,,,,,,,,,,,,,,,,,,,,,,,,,,,,,,,,,,,,,,,,,,,,,,,,,,,,select_rates,,,,,,,,,,,,,,,,min/max,,,,,,0.16177128433643997,fdr,f_classif,,,,,,,,,,
121,,,,,none,random_forest,,,,,,,,,,,,,,,,,,,,,,,,,,,,,,,,,,,mean,,,,,,,,,,,,,,,,,,,,,,,,,,,,,,,,,,,,,,,,,,,,,,,,,,,,,,,no_preprocessing,,,True,gini,None,1.0,None,1,2,100,,,,,,min/max,,,,,,,,,,,,,,,,,,
122,,,,,none,sgd,,,,,,,,,,,,,,,,,,,,,,,,,,,,,,,,,,,mean,,,,,,,,,,,,,,,,,,,,,,,,,,,,,,,,,,,,,,,,,,,,,,,,,,,,,,,no_preprocessing,,,,,,,,,,,,,,,,min/max,,,,,,,,,0.0001,,0.01,True,,optimal,hinge,20,l2,
123,,,,,none,random_forest,,,,,,,,,,,,,,,,,,,,,,,,,,,,,,,,,,,mean,,,,,,,,,,,,,,,,,,,,,,,,,,,,,,,,,,,,,,,,,,,,,,,,,,,,,,,no_preprocessing,,,True,gini,None,1.0,None,1,2,100,,,,,,min/max,,,,,,,,,,,,,,,,,,
124,,,,,none,k_nearest_neighbors,,,,,,,,,,,,,,,,,,,,,,,,,,,,,,,,,,,most_frequent,auto,30,25,1,distance,,,2.8688023574965613,rbf,13,,,,,,,,,,,,,,,,,,,,,,,,,,,,,,,,,,,,,,,,,,,,,kernel_pca,,,,,,,,,,,,,,,,min/max,,,,,,,,,,,,,,,,,,
125,,,,,weighting,sgd,,,,,,,,,,,,,,,,,,,,,,,,,,,,,,,,,,,most_frequent,,,,,,,,,,,,,,,,,,,,,,,,,,,,,,,,,,,,,,,,,,,,,,,,,,,,,,,random_trees_embedding,,,,,,,,,,,8,None,5,2,96,min/max,,,,,,,,,6.731668749417127e-05,,0.07325144874321884,True,0.5441799387024291,invscaling,log,707,elasticnet,0.5410294770869717
126,,,,,none,random_forest,,,,,,,,,,,,,,,,,,,,,,,,,,,,,,,,,,,mean,,,,,,,,,,,,,,,,,,,,,,,,,,,,,,,,,,,,,,,,,,,,,,,,,,,,,,,no_preprocessing,,,True,gini,None,1.0,None,1,2,100,,,,,,min/max,,,,,,,,,,,,,,,,,,
127,,,,,weighting,random_forest,,,,,,,,,,,,,,,,,,,,,,,,,,,,,,,,,,,mean,,,,,,,,,,,,,,,,,,,,,,,,,,,,,,,,,,,,,,,,,,,,,,,,,,,,,0.5588812540215415,True,pca,,,True,entropy,None,1.8396363206266477,None,14,11,100,,,,,,min/max,,,,,,,,,,,,,,,,,,
128,,,,,none,sgd,,,,,,,,,,,,,,,,,,,,,,,,,,,,,,,,,,,mean,,,,,,,,,,,,,,,,,,,,,,,,,,,,,,,,,,,,,,,,,,,,,,,,,,,,,,,no_preprocessing,,,,,,,,,,,,,,,,min/max,,,,,,,,,0.0001,,0.01,True,,optimal,hinge,20,l2,
129,,,,,weighting,sgd,,,,,,,,,,,,,,,,,,,,,,,,,,,,,,,,,,,most_frequent,,,,,,,,1.0026460984833099,rbf,410,,,,,,,,,,,,,,,,,,,,,,,,,,,,,,,,,,,,,,,,,,,,,kernel_pca,,,,,,,,,,,,,,,,min/max,,,,,,,,,0.00031294548177109716,,0.09177821196228955,True,,constant,log,219,l2,
130,,,,,none,gaussian_nb,,,,,,,,,,,,,,,,,,,,,,,,,,,,,,,,,,,most_frequent,,,,,,,,,,,,,,,,,,,,,,,,,,,,,,,,,,,,,,,,,,,,,,,,,,,,,,,select_rates,,,,,,,,,,,,,,,,min/max,,,,,,0.16177128433643997,fdr,f_classif,,,,,,,,,,
131,,,,,none,random_forest,,,,,,,,,,,,,,,,,,,,,,,,,,,,,,,,,,,mean,,,,,,,,,,,,,,,,,,,,,,,,,,,,,,,,,,,,,,,,,,,,,,,,,,,,,,,no_preprocessing,,,True,gini,None,1.0,None,1,2,100,,,,,,min/max,,,,,,,,,,,,,,,,,,
132,,,,,none,random_forest,,,,,,,,,,,,,,,,,,,,,,,,,,,,,,,,,,,mean,,,,,,,,,,,,,,,,,,,,,,,,,,,,,,,,,,,,,,,,,,,,,,,,,,,,,,,no_preprocessing,,,True,gini,None,1.0,None,1,2,100,,,,,,min/max,,,,,,,,,,,,,,,,,,
133,,,,,none,extra_trees,,,,,,,False,entropy,None,4.318461045049693,2,2,100,,,,,,,,,,,,,,,,,,,,,,mean,,,,,,,,,,,,,,,,,,,,,,,,,,,,,,,,,,,,,,,,,,,,,,,,,,,,,,,select_percentile_classification,,,,,,,,,,,,,,,,standard,,,,93.04594318538612,f_classif,,,,,,,,,,,,,
134,,,,,none,libsvm_svc,,,,,,,,,,,,,,True,gini,None,2.5966858523054976,9,14,100,,,,,,,,,,,,,,,mean,,,,,,,,,,,,,,,,,,,,,,,,,,,,,,,,,11396.498280344611,None,,,0.0010435487887041723,rbf,-1,False,0.0007610924232372479,,,,,,,,,,,,,,extra_trees_preproc_for_classification,,,,,,,,,,,,,,,,none,,,,,,,,,,,,,,,,,,
135,,,,,none,random_forest,,,,,,,,,,,,,,,,,,,,,,,,,,,,,,,,,,,mean,,,,,,,,,,,,,,,,,,,,,,,,,,,,,,,,,,,,,,,,,,,,,,,,,,,,,,,no_preprocessing,,,True,gini,None,1.0,None,1,2,100,,,,,,min/max,,,,,,,,,,,,,,,,,,
136,SAMME.R,0.02877681391370487,5,332,weighting,adaboost,,,,,,,,,,,,,,,,,,,,,,,,,,,,,,,,,,,median,,,,,,,,,,,,,,,,,,,,,,,,,,,,,,,,,,,,,,,,,,,,,,,,,,,,,,,select_rates,,,,,,,,,,,,,,,,min/max,,,,,,0.17866130679893155,fwe,f_classif,,,,,,,,,,
137,,,,,none,random_forest,,,,,,,,,,,,,,,,,,,,,,,,,,,,,,,,,,,mean,,,,,,,,,,,,,,,,,,,,,,,,,,,,,,,,,,,,,,,,,,,,,,,,,,,,,,,no_preprocessing,,,True,gini,None,1.0,None,1,2,100,,,,,,min/max,,,,,,,,,,,,,,,,,,
138,SAMME.R,0.1861948834091426,2,165,none,adaboost,,,,,,,,,,,,,,,,,,,,,,,,,,,,,,,,,,,mean,,,,,,,,,,,,,,,,,,,,,,,,,,,,,,,,,,,,,,,,,,,,,,,,,,,,,,,select_rates,,,,,,,,,,,,,,,,min/max,,,,,,0.45422503655427127,fwe,f_classif,,,,,,,,,,
139,,,,,none,random_forest,,,,,,,,,,,,,,,,,,,,,,,,,,,,,,,,,,,mean,,,,,,,,,,,,,,,,,,,,,,,,,,,,,,,,,,,,,,,,,,,,,,,,,,,,,,,no_preprocessing,,,True,gini,None,1.0,None,1,2,100,,,,,,min/max,,,,,,,,,,,,,,,,,,
140,,,,,none,decision_tree,gini,None,1.0,None,17,18,,,,,,,,,,,,,,,,,,,,,,,,,,,,,mean,,,,,,,,,,,,,,,,,,,,,,,,,,,,,,,,,,,,,,,,,,,,,,,,,,,,,0.9171434177123314,False,pca,,,,,,,,,,,,,,,,standard,,,,,,,,,,,,,,,,,,
