idx,data_preprocessing:categorical_transformer:categorical_encoding:__choice__,data_preprocessing:categorical_transformer:category_coalescence:__choice__,data_preprocessing:categorical_transformer:category_coalescence:minority_coalescer:minimum_fraction,data_preprocessing:numerical_transformer:imputation:strategy,data_preprocessing:numerical_transformer:rescaling:__choice__,data_preprocessing:numerical_transformer:rescaling:quantile_transformer:n_quantiles,data_preprocessing:numerical_transformer:rescaling:quantile_transformer:output_distribution,data_preprocessing:numerical_transformer:rescaling:robust_scaler:q_max,data_preprocessing:numerical_transformer:rescaling:robust_scaler:q_min,feature_preprocessor:__choice__,feature_preprocessor:extra_trees_preproc_for_regression:bootstrap,feature_preprocessor:extra_trees_preproc_for_regression:criterion,feature_preprocessor:extra_trees_preproc_for_regression:max_depth,feature_preprocessor:extra_trees_preproc_for_regression:max_features,feature_preprocessor:extra_trees_preproc_for_regression:max_leaf_nodes,feature_preprocessor:extra_trees_preproc_for_regression:min_samples_leaf,feature_preprocessor:extra_trees_preproc_for_regression:min_samples_split,feature_preprocessor:extra_trees_preproc_for_regression:min_weight_fraction_leaf,feature_preprocessor:extra_trees_preproc_for_regression:n_estimators,feature_preprocessor:fast_ica:algorithm,feature_preprocessor:fast_ica:fun,feature_preprocessor:fast_ica:n_components,feature_preprocessor:fast_ica:whiten,feature_preprocessor:feature_agglomeration:affinity,feature_preprocessor:feature_agglomeration:linkage,feature_preprocessor:feature_agglomeration:n_clusters,feature_preprocessor:feature_agglomeration:pooling_func,feature_preprocessor:kernel_pca:coef0,feature_preprocessor:kernel_pca:degree,feature_preprocessor:kernel_pca:gamma,feature_preprocessor:kernel_pca:kernel,feature_preprocessor:kernel_pca:n_components,feature_preprocessor:kitchen_sinks:gamma,feature_preprocessor:kitchen_sinks:n_components,feature_preprocessor:nystroem_sampler:coef0,feature_preprocessor:nystroem_sampler:degree,feature_preprocessor:nystroem_sampler:gamma,feature_preprocessor:nystroem_sampler:kernel,feature_preprocessor:nystroem_sampler:n_components,feature_preprocessor:pca:keep_variance,feature_preprocessor:pca:whiten,feature_preprocessor:polynomial:degree,feature_preprocessor:polynomial:include_bias,feature_preprocessor:polynomial:interaction_only,feature_preprocessor:random_trees_embedding:bootstrap,feature_preprocessor:random_trees_embedding:max_depth,feature_preprocessor:random_trees_embedding:max_leaf_nodes,feature_preprocessor:random_trees_embedding:min_samples_leaf,feature_preprocessor:random_trees_embedding:min_samples_split,feature_preprocessor:random_trees_embedding:min_weight_fraction_leaf,feature_preprocessor:random_trees_embedding:n_estimators,feature_preprocessor:select_percentile_regression:percentile,feature_preprocessor:select_percentile_regression:score_func,feature_preprocessor:select_rates_regression:alpha,feature_preprocessor:select_rates_regression:mode,feature_preprocessor:select_rates_regression:score_func,regressor:__choice__,regressor:adaboost:learning_rate,regressor:adaboost:loss,regressor:adaboost:max_depth,regressor:adaboost:n_estimators,regressor:ard_regression:alpha_1,regressor:ard_regression:alpha_2,regressor:ard_regression:fit_intercept,regressor:ard_regression:lambda_1,regressor:ard_regression:lambda_2,regressor:ard_regression:n_iter,regressor:ard_regression:threshold_lambda,regressor:ard_regression:tol,regressor:decision_tree:criterion,regressor:decision_tree:max_depth_factor,regressor:decision_tree:max_features,regressor:decision_tree:max_leaf_nodes,regressor:decision_tree:min_impurity_decrease,regressor:decision_tree:min_samples_leaf,regressor:decision_tree:min_samples_split,regressor:decision_tree:min_weight_fraction_leaf,regressor:extra_trees:bootstrap,regressor:extra_trees:criterion,regressor:extra_trees:max_depth,regressor:extra_trees:max_features,regressor:extra_trees:max_leaf_nodes,regressor:extra_trees:min_impurity_decrease,regressor:extra_trees:min_samples_leaf,regressor:extra_trees:min_samples_split,regressor:extra_trees:min_weight_fraction_leaf,regressor:gaussian_process:alpha,regressor:gaussian_process:thetaL,regressor:gaussian_process:thetaU,regressor:gradient_boosting:early_stop,regressor:gradient_boosting:l2_regularization,regressor:gradient_boosting:learning_rate,regressor:gradient_boosting:loss,regressor:gradient_boosting:max_bins,regressor:gradient_boosting:max_depth,regressor:gradient_boosting:max_leaf_nodes,regressor:gradient_boosting:min_samples_leaf,regressor:gradient_boosting:n_iter_no_change,regressor:gradient_boosting:scoring,regressor:gradient_boosting:tol,regressor:gradient_boosting:validation_fraction,regressor:k_nearest_neighbors:n_neighbors,regressor:k_nearest_neighbors:p,regressor:k_nearest_neighbors:weights,regressor:liblinear_svr:C,regressor:liblinear_svr:dual,regressor:liblinear_svr:epsilon,regressor:liblinear_svr:fit_intercept,regressor:liblinear_svr:intercept_scaling,regressor:liblinear_svr:loss,regressor:liblinear_svr:tol,regressor:libsvm_svr:C,regressor:libsvm_svr:coef0,regressor:libsvm_svr:degree,regressor:libsvm_svr:epsilon,regressor:libsvm_svr:gamma,regressor:libsvm_svr:kernel,regressor:libsvm_svr:max_iter,regressor:libsvm_svr:shrinking,regressor:libsvm_svr:tol,regressor:mlp:activation,regressor:mlp:alpha,regressor:mlp:batch_size,regressor:mlp:beta_1,regressor:mlp:beta_2,regressor:mlp:early_stopping,regressor:mlp:epsilon,regressor:mlp:hidden_layer_depth,regressor:mlp:learning_rate_init,regressor:mlp:n_iter_no_change,regressor:mlp:num_nodes_per_layer,regressor:mlp:shuffle,regressor:mlp:solver,regressor:mlp:tol,regressor:mlp:validation_fraction,regressor:random_forest:bootstrap,regressor:random_forest:criterion,regressor:random_forest:max_depth,regressor:random_forest:max_features,regressor:random_forest:max_leaf_nodes,regressor:random_forest:min_impurity_decrease,regressor:random_forest:min_samples_leaf,regressor:random_forest:min_samples_split,regressor:random_forest:min_weight_fraction_leaf,regressor:sgd:alpha,regressor:sgd:average,regressor:sgd:epsilon,regressor:sgd:eta0,regressor:sgd:fit_intercept,regressor:sgd:l1_ratio,regressor:sgd:learning_rate,regressor:sgd:loss,regressor:sgd:penalty,regressor:sgd:power_t,regressor:sgd:tol
2,no_encoding,no_coalescense,,mean,quantile_transformer,11,normal,,,feature_agglomeration,,,,,,,,,,,,,,euclidean,complete,25,median,,,,,,,,,,,,,,,,,,,,,,,,,,,,,,gaussian_process,,,,,,,,,,,,,,,,,,,,,,,,,,,,,,0.0013353328453618832,1.8649142010631853e-07,3552.37611286252,,,,,,,,,,,,,,,,,,,,,,,,,,,,,,,,,,,,,,,,,,,,,,,,,,,,,,,,,,,,,,,,,,
5,no_encoding,no_coalescense,,mean,minmax,,,,,fast_ica,,,,,,,,,,parallel,logcosh,1640,True,,,,,,,,,,,,,,,,,,,,,,,,,,,,,,,,,,extra_trees,,,,,,,,,,,,,,,,,,,,,True,mae,None,1.0,None,0.0,6,16,0.0,,,,,,,,,,,,,,,,,,,,,,,,,,,,,,,,,,,,,,,,,,,,,,,,,,,,,,,,,,,,,,,,,,,,,
7,one_hot_encoding,no_coalescense,,most_frequent,quantile_transformer,809,uniform,,,polynomial,,,,,,,,,,,,,,,,,,,,,,,,,,,,,,,,3,False,True,,,,,,,,,,,,,sgd,,,,,,,,,,,,,,,,,,,,,,,,,,,,,,,,,,,,,,,,,,,,,,,,,,,,,,,,,,,,,,,,,,,,,,,,,,,,,,,,,,,,,,,,0.01806079811541296,False,,0.015540128437738566,True,0.9326390049807726,constant,squared_loss,elasticnet,,0.00010576654619459039
11,no_encoding,minority_coalescer,0.007097225871050227,median,normalize,,,,,polynomial,,,,,,,,,,,,,,,,,,,,,,,,,,,,,,,,3,False,True,,,,,,,,,,,,,k_nearest_neighbors,,,,,,,,,,,,,,,,,,,,,,,,,,,,,,,,,,,,,,,,,,,,,1,2,distance,,,,,,,,,,,,,,,,,,,,,,,,,,,,,,,,,,,,,,,,,,,,,,,,,,,
14,no_encoding,minority_coalescer,0.07108590272810227,median,minmax,,,,,extra_trees_preproc_for_regression,False,mae,None,1.0,None,2,3,0.0,100,,,,,,,,,,,,,,,,,,,,,,,,,,,,,,,,,,,,,,extra_trees,,,,,,,,,,,,,,,,,,,,,True,mae,None,1.0,None,0.0,9,19,0.0,,,,,,,,,,,,,,,,,,,,,,,,,,,,,,,,,,,,,,,,,,,,,,,,,,,,,,,,,,,,,,,,,,,,,
18,one_hot_encoding,no_coalescense,,mean,minmax,,,,,fast_ica,,,,,,,,,,deflation,logcosh,,False,,,,,,,,,,,,,,,,,,,,,,,,,,,,,,,,,,libsvm_svr,,,,,,,,,,,,,,,,,,,,,,,,,,,,,,,,,,,,,,,,,,,,,,,,,,,,,,,6057.379756266077,,4,0.0011325324000394828,0.05291717770551696,rbf,-1,False,0.006686881523567499,,,,,,,,,,,,,,,,,,,,,,,,,,,,,,,,,,,
20,one_hot_encoding,minority_coalescer,0.0015545063839819278,most_frequent,normalize,,,,,no_preprocessing,,,,,,,,,,,,,,,,,,,,,,,,,,,,,,,,,,,,,,,,,,,,,,,decision_tree,,,,,,,,,,,,,mae,0.7595438766001632,1.0,None,0.0,19,18,0.0,,,,,,,,,,,,,,,,,,,,,,,,,,,,,,,,,,,,,,,,,,,,,,,,,,,,,,,,,,,,,,,,,,,,,,,,,,,,,,
22,one_hot_encoding,no_coalescense,,mean,minmax,,,,,polynomial,,,,,,,,,,,,,,,,,,,,,,,,,,,,,,,,2,True,False,,,,,,,,,,,,,adaboost,0.8420513715405185,square,10,480,,,,,,,,,,,,,,,,,,,,,,,,,,,,,,,,,,,,,,,,,,,,,,,,,,,,,,,,,,,,,,,,,,,,,,,,,,,,,,,,,,,,,,,,,,,,,,
26,no_encoding,no_coalescense,,mean,robust_scaler,,,0.7194207293244546,0.25,polynomial,,,,,,,,,,,,,,,,,,,,,,,,,,,,,,,,3,False,False,,,,,,,,,,,,,gradient_boosting,,,,,,,,,,,,,,,,,,,,,,,,,,,,,,,,,off,1e-10,0.04073473488071534,least_squares,255,None,22,4,,loss,1e-07,,,,,,,,,,,,,,,,,,,,,,,,,,,,,,,,,,,,,,,,,,,,,,,,,,,,,,,
28,one_hot_encoding,minority_coalescer,0.050324425846607804,median,robust_scaler,,,0.8007277620832998,0.21762816739338928,feature_agglomeration,,,,,,,,,,,,,,cosine,complete,47,mean,,,,,,,,,,,,,,,,,,,,,,,,,,,,,,random_forest,,,,,,,,,,,,,,,,,,,,,,,,,,,,,,,,,,,,,,,,,,,,,,,,,,,,,,,,,,,,,,,,,,,,,,,,,,,,,,,True,friedman_mse,None,0.8902072637076673,None,0.0,1,10,0.0,,,,,,,,,,,
31,no_encoding,no_coalescense,,median,robust_scaler,,,0.8741033902488873,0.24982831110057324,select_rates_regression,,,,,,,,,,,,,,,,,,,,,,,,,,,,,,,,,,,,,,,,,,,,0.0661055106742061,fwe,f_regression,ard_regression,,,,,0.00020075921434400403,5.67006828407246e-07,True,9.931380185031806e-09,1.1590381260870653e-10,300,98492.15951133538,0.0006697275349092505,,,,,,,,,,,,,,,,,,,,,,,,,,,,,,,,,,,,,,,,,,,,,,,,,,,,,,,,,,,,,,,,,,,,,,,,,,,,,,,,,,,,,,
36,no_encoding,minority_coalescer,0.32955230566093613,mean,robust_scaler,,,0.7272718855134701,0.08801586389902688,polynomial,,,,,,,,,,,,,,,,,,,,,,,,,,,,,,,,3,False,False,,,,,,,,,,,,,adaboost,1.1471062217551702,linear,8,167,,,,,,,,,,,,,,,,,,,,,,,,,,,,,,,,,,,,,,,,,,,,,,,,,,,,,,,,,,,,,,,,,,,,,,,,,,,,,,,,,,,,,,,,,,,,,,
38,one_hot_encoding,minority_coalescer,0.060839696469393995,mean,robust_scaler,,,0.711042225237951,0.09731632673930204,feature_agglomeration,,,,,,,,,,,,,,euclidean,complete,158,mean,,,,,,,,,,,,,,,,,,,,,,,,,,,,,,random_forest,,,,,,,,,,,,,,,,,,,,,,,,,,,,,,,,,,,,,,,,,,,,,,,,,,,,,,,,,,,,,,,,,,,,,,,,,,,,,,,False,mae,None,0.30197308921090893,None,0.0,15,8,0.0,,,,,,,,,,,
40,one_hot_encoding,no_coalescense,,most_frequent,minmax,,,,,fast_ica,,,,,,,,,,deflation,cube,,False,,,,,,,,,,,,,,,,,,,,,,,,,,,,,,,,,,k_nearest_neighbors,,,,,,,,,,,,,,,,,,,,,,,,,,,,,,,,,,,,,,,,,,,,,1,2,distance,,,,,,,,,,,,,,,,,,,,,,,,,,,,,,,,,,,,,,,,,,,,,,,,,,,
45,one_hot_encoding,no_coalescense,,most_frequent,robust_scaler,,,0.9547830281251513,0.2818601517145067,polynomial,,,,,,,,,,,,,,,,,,,,,,,,,,,,,,,,2,False,True,,,,,,,,,,,,,liblinear_svr,,,,,,,,,,,,,,,,,,,,,,,,,,,,,,,,,,,,,,,,,,,,,,,,0.8238476287807213,False,0.06889689389306164,True,1,squared_epsilon_insensitive,0.007803766455854209,,,,,,,,,,,,,,,,,,,,,,,,,,,,,,,,,,,,,,,,,,,,
46,no_encoding,no_coalescense,,mean,minmax,,,,,fast_ica,,,,,,,,,,deflation,logcosh,,False,,,,,,,,,,,,,,,,,,,,,,,,,,,,,,,,,,libsvm_svr,,,,,,,,,,,,,,,,,,,,,,,,,,,,,,,,,,,,,,,,,,,,,,,,,,,,,,,12959.890271609733,,2,0.0026974286973887795,5.6258313008635,rbf,-1,False,0.006461735597762997,,,,,,,,,,,,,,,,,,,,,,,,,,,,,,,,,,,
50,one_hot_encoding,no_coalescense,,mean,none,,,,,feature_agglomeration,,,,,,,,,,,,,,manhattan,average,189,mean,,,,,,,,,,,,,,,,,,,,,,,,,,,,,,extra_trees,,,,,,,,,,,,,,,,,,,,,True,mse,None,0.625928697925399,None,0.0,13,17,0.0,,,,,,,,,,,,,,,,,,,,,,,,,,,,,,,,,,,,,,,,,,,,,,,,,,,,,,,,,,,,,,,,,,,,,
53,one_hot_encoding,minority_coalescer,0.006445714372024774,most_frequent,standardize,,,,,no_preprocessing,,,,,,,,,,,,,,,,,,,,,,,,,,,,,,,,,,,,,,,,,,,,,,,gaussian_process,,,,,,,,,,,,,,,,,,,,,,,,,,,,,,0.023884335811188567,1.4170355084228403e-06,290.62967682941456,,,,,,,,,,,,,,,,,,,,,,,,,,,,,,,,,,,,,,,,,,,,,,,,,,,,,,,,,,,,,,,,,,
56,one_hot_encoding,minority_coalescer,0.00045833372603169316,most_frequent,minmax,,,,,random_trees_embedding,,,,,,,,,,,,,,,,,,,,,,,,,,,,,,,,,,,False,4,None,5,13,1.0,95,,,,,,random_forest,,,,,,,,,,,,,,,,,,,,,,,,,,,,,,,,,,,,,,,,,,,,,,,,,,,,,,,,,,,,,,,,,,,,,,,,,,,,,,,False,mae,None,0.7632599342253943,None,0.0,6,3,0.0,,,,,,,,,,,
58,one_hot_encoding,no_coalescense,,median,standardize,,,,,select_percentile_regression,,,,,,,,,,,,,,,,,,,,,,,,,,,,,,,,,,,,,,,,,,22.538520410186127,f_regression,,,,liblinear_svr,,,,,,,,,,,,,,,,,,,,,,,,,,,,,,,,,,,,,,,,,,,,,,,,0.036388789196735646,False,0.0012739627397164333,True,1,squared_epsilon_insensitive,0.020180468804448126,,,,,,,,,,,,,,,,,,,,,,,,,,,,,,,,,,,,,,,,,,,,
62,no_encoding,minority_coalescer,0.012569841099741286,mean,none,,,,,polynomial,,,,,,,,,,,,,,,,,,,,,,,,,,,,,,,,3,True,False,,,,,,,,,,,,,extra_trees,,,,,,,,,,,,,,,,,,,,,False,friedman_mse,None,0.849869957463498,None,0.0,1,7,0.0,,,,,,,,,,,,,,,,,,,,,,,,,,,,,,,,,,,,,,,,,,,,,,,,,,,,,,,,,,,,,,,,,,,,,
64,one_hot_encoding,no_coalescense,,most_frequent,standardize,,,,,nystroem_sampler,,,,,,,,,,,,,,,,,,,,,,,,,,,,cosine,720,,,,,,,,,,,,,,,,,,sgd,,,,,,,,,,,,,,,,,,,,,,,,,,,,,,,,,,,,,,,,,,,,,,,,,,,,,,,,,,,,,,,,,,,,,,,,,,,,,,,,,,,,,,,,1.8275914377838947e-06,False,5.4187840539648986e-05,0.012800259746180712,True,,invscaling,epsilon_insensitive,l2,0.413658635698922,0.001985117774888825
68,one_hot_encoding,minority_coalescer,0.010000000000000004,mean,quantile_transformer,353,normal,,,no_preprocessing,,,,,,,,,,,,,,,,,,,,,,,,,,,,,,,,,,,,,,,,,,,,,,,adaboost,1.195117915830476,square,7,446,,,,,,,,,,,,,,,,,,,,,,,,,,,,,,,,,,,,,,,,,,,,,,,,,,,,,,,,,,,,,,,,,,,,,,,,,,,,,,,,,,,,,,,,,,,,,,
70,no_encoding,minority_coalescer,0.048677279020287845,mean,standardize,,,,,pca,,,,,,,,,,,,,,,,,,,,,,,,,,,,,,0.9330163695321677,False,,,,,,,,,,,,,,,,k_nearest_neighbors,,,,,,,,,,,,,,,,,,,,,,,,,,,,,,,,,,,,,,,,,,,,,48,2,uniform,,,,,,,,,,,,,,,,,,,,,,,,,,,,,,,,,,,,,,,,,,,,,,,,,,,
73,no_encoding,no_coalescense,,median,none,,,,,no_preprocessing,,,,,,,,,,,,,,,,,,,,,,,,,,,,,,,,,,,,,,,,,,,,,,,gaussian_process,,,,,,,,,,,,,,,,,,,,,,,,,,,,,,0.050094191586811006,0.0003548828620495203,4.892652257294903,,,,,,,,,,,,,,,,,,,,,,,,,,,,,,,,,,,,,,,,,,,,,,,,,,,,,,,,,,,,,,,,,,
77,one_hot_encoding,minority_coalescer,0.013690195921333696,mean,quantile_transformer,927,uniform,,,fast_ica,,,,,,,,,,parallel,logcosh,686,True,,,,,,,,,,,,,,,,,,,,,,,,,,,,,,,,,,random_forest,,,,,,,,,,,,,,,,,,,,,,,,,,,,,,,,,,,,,,,,,,,,,,,,,,,,,,,,,,,,,,,,,,,,,,,,,,,,,,,False,mse,None,0.3456663826588904,None,0.0,1,3,0.0,,,,,,,,,,,
79,one_hot_encoding,minority_coalescer,0.013559976666217482,mean,minmax,,,,,feature_agglomeration,,,,,,,,,,,,,,euclidean,ward,81,max,,,,,,,,,,,,,,,,,,,,,,,,,,,,,,libsvm_svr,,,,,,,,,,,,,,,,,,,,,,,,,,,,,,,,,,,,,,,,,,,,,,,,,,,,,,,7074.759184676747,,4,0.012970405947021068,0.017862025016886447,rbf,-1,False,0.0033700520159237702,,,,,,,,,,,,,,,,,,,,,,,,,,,,,,,,,,,
82,no_encoding,minority_coalescer,0.05607310321489163,mean,none,,,,,polynomial,,,,,,,,,,,,,,,,,,,,,,,,,,,,,,,,2,True,True,,,,,,,,,,,,,libsvm_svr,,,,,,,,,,,,,,,,,,,,,,,,,,,,,,,,,,,,,,,,,,,,,,,,,,,,,,,28831.968873651404,0.39386733846748023,3,0.12370783564202235,0.0026233747431769617,poly,-1,True,4.714268123196739e-05,,,,,,,,,,,,,,,,,,,,,,,,,,,,,,,,,,,
85,no_encoding,minority_coalescer,0.043611723722987744,median,robust_scaler,,,0.8153794856777101,0.2542106848357464,fast_ica,,,,,,,,,,parallel,logcosh,45,True,,,,,,,,,,,,,,,,,,,,,,,,,,,,,,,,,,random_forest,,,,,,,,,,,,,,,,,,,,,,,,,,,,,,,,,,,,,,,,,,,,,,,,,,,,,,,,,,,,,,,,,,,,,,,,,,,,,,,True,mse,None,0.7574904554752734,None,0.0,2,4,0.0,,,,,,,,,,,
90,no_encoding,no_coalescense,,most_frequent,robust_scaler,,,0.9967561696478335,0.026240229529164848,feature_agglomeration,,,,,,,,,,,,,,euclidean,ward,25,max,,,,,,,,,,,,,,,,,,,,,,,,,,,,,,gradient_boosting,,,,,,,,,,,,,,,,,,,,,,,,,,,,,,,,,valid,1e-10,0.10799112896135016,least_squares,255,None,31,23,6,loss,1e-07,0.1,,,,,,,,,,,,,,,,,,,,,,,,,,,,,,,,,,,,,,,,,,,,,,,,,,,,,,
91,no_encoding,minority_coalescer,0.1781448810684882,median,normalize,,,,,fast_ica,,,,,,,,,,parallel,logcosh,1750,True,,,,,,,,,,,,,,,,,,,,,,,,,,,,,,,,,,k_nearest_neighbors,,,,,,,,,,,,,,,,,,,,,,,,,,,,,,,,,,,,,,,,,,,,,1,2,distance,,,,,,,,,,,,,,,,,,,,,,,,,,,,,,,,,,,,,,,,,,,,,,,,,,,
93,one_hot_encoding,no_coalescense,,most_frequent,quantile_transformer,1148,uniform,,,select_rates_regression,,,,,,,,,,,,,,,,,,,,,,,,,,,,,,,,,,,,,,,,,,,,0.14778326778462142,fpr,f_regression,gradient_boosting,,,,,,,,,,,,,,,,,,,,,,,,,,,,,,,,,off,1.7962284970386197e-10,0.05156555327055447,least_squares,255,None,35,12,,loss,1e-07,,,,,,,,,,,,,,,,,,,,,,,,,,,,,,,,,,,,,,,,,,,,,,,,,,,,,,,
98,no_encoding,no_coalescense,,median,none,,,,,select_rates_regression,,,,,,,,,,,,,,,,,,,,,,,,,,,,,,,,,,,,,,,,,,,,0.34034793262861907,fwe,f_regression,k_nearest_neighbors,,,,,,,,,,,,,,,,,,,,,,,,,,,,,,,,,,,,,,,,,,,,,2,1,distance,,,,,,,,,,,,,,,,,,,,,,,,,,,,,,,,,,,,,,,,,,,,,,,,,,,
99,one_hot_encoding,no_coalescense,,most_frequent,robust_scaler,,,0.9742867952016132,0.05179873386092966,extra_trees_preproc_for_regression,True,mse,None,0.9526743283178011,None,10,13,0.0,100,,,,,,,,,,,,,,,,,,,,,,,,,,,,,,,,,,,,,,decision_tree,,,,,,,,,,,,,mae,0.7549749249776565,1.0,None,0.0,18,3,0.0,,,,,,,,,,,,,,,,,,,,,,,,,,,,,,,,,,,,,,,,,,,,,,,,,,,,,,,,,,,,,,,,,,,,,,,,,,,,,,
102,no_encoding,no_coalescense,,mean,minmax,,,,,fast_ica,,,,,,,,,,deflation,exp,,False,,,,,,,,,,,,,,,,,,,,,,,,,,,,,,,,,,libsvm_svr,,,,,,,,,,,,,,,,,,,,,,,,,,,,,,,,,,,,,,,,,,,,,,,,,,,,,,,221.71686867531432,,2,0.0011345895753789173,0.03605472173139597,rbf,-1,True,0.03171505247204187,,,,,,,,,,,,,,,,,,,,,,,,,,,,,,,,,,,
104,no_encoding,no_coalescense,,mean,standardize,,,,,no_preprocessing,,,,,,,,,,,,,,,,,,,,,,,,,,,,,,,,,,,,,,,,,,,,,,,mlp,,,,,,,,,,,,,,,,,,,,,,,,,,,,,,,,,,,,,,,,,,,,,,,,,,,,,,,,,,,,,,,,relu,0.00034869363637350924,auto,0.9,0.999,train,1e-08,2,0.00011524903693777931,32,31,True,adam,0.0001,,,,,,,,,,,,,,,,,,,,,
107,no_encoding,no_coalescense,,mean,robust_scaler,,,0.7727512096172742,0.22461598115758682,feature_agglomeration,,,,,,,,,,,,,,manhattan,complete,21,max,,,,,,,,,,,,,,,,,,,,,,,,,,,,,,gradient_boosting,,,,,,,,,,,,,,,,,,,,,,,,,,,,,,,,,train,2.208787572338781e-05,0.036087332404571744,least_squares,255,None,64,3,18,loss,1e-07,,,,,,,,,,,,,,,,,,,,,,,,,,,,,,,,,,,,,,,,,,,,,,,,,,,,,,,
110,no_encoding,minority_coalescer,0.0006869013905922761,mean,quantile_transformer,1352,normal,,,select_rates_regression,,,,,,,,,,,,,,,,,,,,,,,,,,,,,,,,,,,,,,,,,,,,0.07357548990881542,fpr,f_regression,gradient_boosting,,,,,,,,,,,,,,,,,,,,,,,,,,,,,,,,,train,3.20414911914726e-10,0.1279702444496931,least_squares,255,None,63,19,8,loss,1e-07,,,,,,,,,,,,,,,,,,,,,,,,,,,,,,,,,,,,,,,,,,,,,,,,,,,,,,,
114,no_encoding,minority_coalescer,0.00017544300366817,most_frequent,normalize,,,,,extra_trees_preproc_for_regression,True,friedman_mse,None,1.0,None,9,2,0.0,100,,,,,,,,,,,,,,,,,,,,,,,,,,,,,,,,,,,,,,extra_trees,,,,,,,,,,,,,,,,,,,,,False,mae,None,0.9524455578856136,None,0.0,16,12,0.0,,,,,,,,,,,,,,,,,,,,,,,,,,,,,,,,,,,,,,,,,,,,,,,,,,,,,,,,,,,,,,,,,,,,,
116,one_hot_encoding,minority_coalescer,0.0001745391328519669,most_frequent,robust_scaler,,,0.8057830372269097,0.24982831110057324,select_rates_regression,,,,,,,,,,,,,,,,,,,,,,,,,,,,,,,,,,,,,,,,,,,,0.3621762718897781,fwe,f_regression,ard_regression,,,,,2.7664515192592053e-05,9.504988116581138e-07,True,6.50650698230178e-09,4.238533890074848e-07,300,78251.58542976103,0.0007301343236220855,,,,,,,,,,,,,,,,,,,,,,,,,,,,,,,,,,,,,,,,,,,,,,,,,,,,,,,,,,,,,,,,,,,,,,,,,,,,,,,,,,,,,,
120,no_encoding,no_coalescense,,most_frequent,quantile_transformer,698,uniform,,,select_percentile_regression,,,,,,,,,,,,,,,,,,,,,,,,,,,,,,,,,,,,,,,,,,80.29508560042179,f_regression,,,,random_forest,,,,,,,,,,,,,,,,,,,,,,,,,,,,,,,,,,,,,,,,,,,,,,,,,,,,,,,,,,,,,,,,,,,,,,,,,,,,,,,False,mae,None,0.7518614704756971,None,0.0,6,8,0.0,,,,,,,,,,,
124,one_hot_encoding,no_coalescense,,median,quantile_transformer,1779,normal,,,polynomial,,,,,,,,,,,,,,,,,,,,,,,,,,,,,,,,2,False,True,,,,,,,,,,,,,gradient_boosting,,,,,,,,,,,,,,,,,,,,,,,,,,,,,,,,,off,4.957506578736309e-07,0.05200721900508807,least_squares,255,None,4,2,,loss,1e-07,,,,,,,,,,,,,,,,,,,,,,,,,,,,,,,,,,,,,,,,,,,,,,,,,,,,,,,
125,no_encoding,minority_coalescer,0.026860406930453065,mean,quantile_transformer,1603,normal,,,polynomial,,,,,,,,,,,,,,,,,,,,,,,,,,,,,,,,3,False,True,,,,,,,,,,,,,adaboost,1.4602808978340507,linear,8,350,,,,,,,,,,,,,,,,,,,,,,,,,,,,,,,,,,,,,,,,,,,,,,,,,,,,,,,,,,,,,,,,,,,,,,,,,,,,,,,,,,,,,,,,,,,,,,
128,one_hot_encoding,minority_coalescer,0.010000000000000004,most_frequent,robust_scaler,,,0.8011683337278442,0.27942314040423333,no_preprocessing,,,,,,,,,,,,,,,,,,,,,,,,,,,,,,,,,,,,,,,,,,,,,,,gradient_boosting,,,,,,,,,,,,,,,,,,,,,,,,,,,,,,,,,train,4.46362791740829e-05,0.02648994712354678,least_squares,255,None,157,1,3,loss,1e-07,,,,,,,,,,,,,,,,,,,,,,,,,,,,,,,,,,,,,,,,,,,,,,,,,,,,,,,
132,one_hot_encoding,minority_coalescer,0.0001745391328519669,most_frequent,robust_scaler,,,0.8057830372269097,0.24982831110057324,select_rates_regression,,,,,,,,,,,,,,,,,,,,,,,,,,,,,,,,,,,,,,,,,,,,0.3621762718897781,fwe,f_regression,ard_regression,,,,,2.7664515192592053e-05,9.504988116581138e-07,True,6.50650698230178e-09,4.238533890074848e-07,300,78251.58542976103,0.0007301343236220855,,,,,,,,,,,,,,,,,,,,,,,,,,,,,,,,,,,,,,,,,,,,,,,,,,,,,,,,,,,,,,,,,,,,,,,,,,,,,,,,,,,,,,
135,no_encoding,minority_coalescer,0.00029916315779804966,median,quantile_transformer,894,uniform,,,no_preprocessing,,,,,,,,,,,,,,,,,,,,,,,,,,,,,,,,,,,,,,,,,,,,,,,gaussian_process,,,,,,,,,,,,,,,,,,,,,,,,,,,,,,5.348575844106585e-11,3.2802014300155454e-06,3027.1156250557783,,,,,,,,,,,,,,,,,,,,,,,,,,,,,,,,,,,,,,,,,,,,,,,,,,,,,,,,,,,,,,,,,,
138,no_encoding,minority_coalescer,0.018981164720696175,median,minmax,,,,,no_preprocessing,,,,,,,,,,,,,,,,,,,,,,,,,,,,,,,,,,,,,,,,,,,,,,,gaussian_process,,,,,,,,,,,,,,,,,,,,,,,,,,,,,,0.03175182874113965,0.00030344963288406407,64164.586360277535,,,,,,,,,,,,,,,,,,,,,,,,,,,,,,,,,,,,,,,,,,,,,,,,,,,,,,,,,,,,,,,,,,
142,one_hot_encoding,minority_coalescer,0.010000000000000004,median,minmax,,,,,select_rates_regression,,,,,,,,,,,,,,,,,,,,,,,,,,,,,,,,,,,,,,,,,,,,0.1,fpr,f_regression,libsvm_svr,,,,,,,,,,,,,,,,,,,,,,,,,,,,,,,,,,,,,,,,,,,,,,,,,,,,,,,412.2233201783493,,2,0.0011345895753789173,0.09283610863148048,rbf,-1,False,0.03171505247204187,,,,,,,,,,,,,,,,,,,,,,,,,,,,,,,,,,,
143,no_encoding,no_coalescense,,median,standardize,,,,,pca,,,,,,,,,,,,,,,,,,,,,,,,,,,,,,0.5334180754572447,False,,,,,,,,,,,,,,,,extra_trees,,,,,,,,,,,,,,,,,,,,,False,mae,None,0.8479567336155207,None,0.0,8,16,0.0,,,,,,,,,,,,,,,,,,,,,,,,,,,,,,,,,,,,,,,,,,,,,,,,,,,,,,,,,,,,,,,,,,,,,
148,no_encoding,minority_coalescer,0.010000000000000004,most_frequent,minmax,,,,,polynomial,,,,,,,,,,,,,,,,,,,,,,,,,,,,,,,,2,True,True,,,,,,,,,,,,,ard_regression,,,,,0.0007449695943118128,4.4022561284356343e-07,True,9.649841844227597e-07,3.5339262480338594e-06,300,1747.977219451044,0.001975027709452003,,,,,,,,,,,,,,,,,,,,,,,,,,,,,,,,,,,,,,,,,,,,,,,,,,,,,,,,,,,,,,,,,,,,,,,,,,,,,,,,,,,,,,
150,no_encoding,no_coalescense,,median,minmax,,,,,polynomial,,,,,,,,,,,,,,,,,,,,,,,,,,,,,,,,2,True,False,,,,,,,,,,,,,extra_trees,,,,,,,,,,,,,,,,,,,,,False,friedman_mse,None,0.9722422278717789,None,0.0,1,4,0.0,,,,,,,,,,,,,,,,,,,,,,,,,,,,,,,,,,,,,,,,,,,,,,,,,,,,,,,,,,,,,,,,,,,,,
151,one_hot_encoding,no_coalescense,,median,quantile_transformer,1112,uniform,,,polynomial,,,,,,,,,,,,,,,,,,,,,,,,,,,,,,,,2,True,False,,,,,,,,,,,,,random_forest,,,,,,,,,,,,,,,,,,,,,,,,,,,,,,,,,,,,,,,,,,,,,,,,,,,,,,,,,,,,,,,,,,,,,,,,,,,,,,,True,mse,None,0.1878422016198133,None,0.0,2,2,0.0,,,,,,,,,,,
155,one_hot_encoding,minority_coalescer,0.0366721769670183,median,quantile_transformer,1000,uniform,,,polynomial,,,,,,,,,,,,,,,,,,,,,,,,,,,,,,,,3,False,False,,,,,,,,,,,,,extra_trees,,,,,,,,,,,,,,,,,,,,,False,mse,None,1.0,None,0.0,3,12,0.0,,,,,,,,,,,,,,,,,,,,,,,,,,,,,,,,,,,,,,,,,,,,,,,,,,,,,,,,,,,,,,,,,,,,,
157,one_hot_encoding,minority_coalescer,0.1281015395729456,mean,robust_scaler,,,0.8161790810768598,0.194653955004446,feature_agglomeration,,,,,,,,,,,,,,cosine,average,232,max,,,,,,,,,,,,,,,,,,,,,,,,,,,,,,k_nearest_neighbors,,,,,,,,,,,,,,,,,,,,,,,,,,,,,,,,,,,,,,,,,,,,,21,1,distance,,,,,,,,,,,,,,,,,,,,,,,,,,,,,,,,,,,,,,,,,,,,,,,,,,,
161,one_hot_encoding,no_coalescense,,mean,minmax,,,,,fast_ica,,,,,,,,,,deflation,cube,,False,,,,,,,,,,,,,,,,,,,,,,,,,,,,,,,,,,libsvm_svr,,,,,,,,,,,,,,,,,,,,,,,,,,,,,,,,,,,,,,,,,,,,,,,,,,,,,,,223.76455735355236,,2,0.001517791120341912,0.11103484780954016,rbf,-1,True,0.0015245364690368247,,,,,,,,,,,,,,,,,,,,,,,,,,,,,,,,,,,
163,one_hot_encoding,no_coalescense,,median,minmax,,,,,polynomial,,,,,,,,,,,,,,,,,,,,,,,,,,,,,,,,3,True,False,,,,,,,,,,,,,gaussian_process,,,,,,,,,,,,,,,,,,,,,,,,,,,,,,0.283161627129086,5.740230445424651e-08,64.73594928324005,,,,,,,,,,,,,,,,,,,,,,,,,,,,,,,,,,,,,,,,,,,,,,,,,,,,,,,,,,,,,,,,,,
167,no_encoding,no_coalescense,,mean,none,,,,,no_preprocessing,,,,,,,,,,,,,,,,,,,,,,,,,,,,,,,,,,,,,,,,,,,,,,,decision_tree,,,,,,,,,,,,,mae,1.3924788244078783,1.0,None,0.0,17,12,0.0,,,,,,,,,,,,,,,,,,,,,,,,,,,,,,,,,,,,,,,,,,,,,,,,,,,,,,,,,,,,,,,,,,,,,,,,,,,,,,
169,no_encoding,minority_coalescer,0.024758956617535213,median,standardize,,,,,select_rates_regression,,,,,,,,,,,,,,,,,,,,,,,,,,,,,,,,,,,,,,,,,,,,0.22888181300939214,fdr,f_regression,libsvm_svr,,,,,,,,,,,,,,,,,,,,,,,,,,,,,,,,,,,,,,,,,,,,,,,,,,,,,,,14.663900495367534,,4,0.0017630172009850445,0.02304400836020652,rbf,-1,False,0.01844898110925472,,,,,,,,,,,,,,,,,,,,,,,,,,,,,,,,,,,
172,no_encoding,no_coalescense,,mean,standardize,,,,,feature_agglomeration,,,,,,,,,,,,,,manhattan,complete,385,mean,,,,,,,,,,,,,,,,,,,,,,,,,,,,,,sgd,,,,,,,,,,,,,,,,,,,,,,,,,,,,,,,,,,,,,,,,,,,,,,,,,,,,,,,,,,,,,,,,,,,,,,,,,,,,,,,,,,,,,,,,1.238055706285357e-06,True,0.0035413980064916656,,True,,optimal,epsilon_insensitive,l2,,8.385117758196218e-05
176,one_hot_encoding,minority_coalescer,0.019566163649872924,most_frequent,robust_scaler,,,0.7200608810425068,0.22968043330398744,select_rates_regression,,,,,,,,,,,,,,,,,,,,,,,,,,,,,,,,,,,,,,,,,,,,0.18539282936320728,fwe,f_regression,extra_trees,,,,,,,,,,,,,,,,,,,,,False,mae,None,0.9029989558220115,None,0.0,1,2,0.0,,,,,,,,,,,,,,,,,,,,,,,,,,,,,,,,,,,,,,,,,,,,,,,,,,,,,,,,,,,,,,,,,,,,,
178,one_hot_encoding,minority_coalescer,0.00011498059478619926,median,minmax,,,,,extra_trees_preproc_for_regression,True,mae,None,0.959288288500526,None,16,17,0.0,100,,,,,,,,,,,,,,,,,,,,,,,,,,,,,,,,,,,,,,decision_tree,,,,,,,,,,,,,mae,0.4170386760209059,1.0,None,0.0,12,3,0.0,,,,,,,,,,,,,,,,,,,,,,,,,,,,,,,,,,,,,,,,,,,,,,,,,,,,,,,,,,,,,,,,,,,,,,,,,,,,,,
182,one_hot_encoding,minority_coalescer,0.006514462620801008,most_frequent,minmax,,,,,polynomial,,,,,,,,,,,,,,,,,,,,,,,,,,,,,,,,2,True,True,,,,,,,,,,,,,gradient_boosting,,,,,,,,,,,,,,,,,,,,,,,,,,,,,,,,,train,0.00956904848708048,0.028094986340152454,least_squares,255,None,154,13,20,loss,1e-07,,,,,,,,,,,,,,,,,,,,,,,,,,,,,,,,,,,,,,,,,,,,,,,,,,,,,,,
185,no_encoding,minority_coalescer,0.005832981135631713,median,none,,,,,fast_ica,,,,,,,,,,parallel,exp,,False,,,,,,,,,,,,,,,,,,,,,,,,,,,,,,,,,,libsvm_svr,,,,,,,,,,,,,,,,,,,,,,,,,,,,,,,,,,,,,,,,,,,,,,,,,,,,,,,1984.2957886752215,,2,0.0037512089540495315,0.01898396920165309,rbf,-1,True,2.8040110952036678e-05,,,,,,,,,,,,,,,,,,,,,,,,,,,,,,,,,,,
186,one_hot_encoding,minority_coalescer,0.060340760284342335,median,standardize,,,,,polynomial,,,,,,,,,,,,,,,,,,,,,,,,,,,,,,,,2,True,True,,,,,,,,,,,,,gaussian_process,,,,,,,,,,,,,,,,,,,,,,,,,,,,,,0.00019882600974585908,2.3346820047921983e-05,72722.93613112147,,,,,,,,,,,,,,,,,,,,,,,,,,,,,,,,,,,,,,,,,,,,,,,,,,,,,,,,,,,,,,,,,,
189,one_hot_encoding,minority_coalescer,0.010687735018317065,most_frequent,quantile_transformer,715,normal,,,extra_trees_preproc_for_regression,False,mse,None,1.0,None,1,2,0.0,100,,,,,,,,,,,,,,,,,,,,,,,,,,,,,,,,,,,,,,random_forest,,,,,,,,,,,,,,,,,,,,,,,,,,,,,,,,,,,,,,,,,,,,,,,,,,,,,,,,,,,,,,,,,,,,,,,,,,,,,,,True,mae,None,1.0,None,0.0,2,2,0.0,,,,,,,,,,,
193,one_hot_encoding,minority_coalescer,0.02455131058287564,median,standardize,,,,,polynomial,,,,,,,,,,,,,,,,,,,,,,,,,,,,,,,,2,True,False,,,,,,,,,,,,,gradient_boosting,,,,,,,,,,,,,,,,,,,,,,,,,,,,,,,,,valid,0.006125673891992339,0.05755219835553661,least_squares,255,None,3,105,1,loss,1e-07,0.34204169177546356,,,,,,,,,,,,,,,,,,,,,,,,,,,,,,,,,,,,,,,,,,,,,,,,,,,,,,
197,one_hot_encoding,minority_coalescer,0.008212209535832581,median,minmax,,,,,polynomial,,,,,,,,,,,,,,,,,,,,,,,,,,,,,,,,2,False,True,,,,,,,,,,,,,gaussian_process,,,,,,,,,,,,,,,,,,,,,,,,,,,,,,0.054214363629698496,5.913822061973022e-07,49143.56497731505,,,,,,,,,,,,,,,,,,,,,,,,,,,,,,,,,,,,,,,,,,,,,,,,,,,,,,,,,,,,,,,,,,
198,one_hot_encoding,no_coalescense,,most_frequent,robust_scaler,,,0.75372906924827,0.25601670030188695,no_preprocessing,,,,,,,,,,,,,,,,,,,,,,,,,,,,,,,,,,,,,,,,,,,,,,,gradient_boosting,,,,,,,,,,,,,,,,,,,,,,,,,,,,,,,,,valid,1.142411064078065e-10,0.07991394289005148,least_squares,255,None,20,20,10,loss,1e-07,0.09462663894906431,,,,,,,,,,,,,,,,,,,,,,,,,,,,,,,,,,,,,,,,,,,,,,,,,,,,,,
201,one_hot_encoding,no_coalescense,,mean,minmax,,,,,polynomial,,,,,,,,,,,,,,,,,,,,,,,,,,,,,,,,2,True,False,,,,,,,,,,,,,gradient_boosting,,,,,,,,,,,,,,,,,,,,,,,,,,,,,,,,,train,2.093528627734622e-10,0.056993947028442245,least_squares,255,None,96,7,20,loss,1e-07,,,,,,,,,,,,,,,,,,,,,,,,,,,,,,,,,,,,,,,,,,,,,,,,,,,,,,,
205,one_hot_encoding,minority_coalescer,0.01700675326616134,median,standardize,,,,,feature_agglomeration,,,,,,,,,,,,,,cosine,average,151,median,,,,,,,,,,,,,,,,,,,,,,,,,,,,,,decision_tree,,,,,,,,,,,,,mse,1.0282554380863351,1.0,None,0.0,19,3,0.0,,,,,,,,,,,,,,,,,,,,,,,,,,,,,,,,,,,,,,,,,,,,,,,,,,,,,,,,,,,,,,,,,,,,,,,,,,,,,,
208,no_encoding,no_coalescense,,median,minmax,,,,,polynomial,,,,,,,,,,,,,,,,,,,,,,,,,,,,,,,,3,True,True,,,,,,,,,,,,,gradient_boosting,,,,,,,,,,,,,,,,,,,,,,,,,,,,,,,,,valid,0.327916992926995,0.09896445264759084,least_squares,255,None,100,2,7,loss,1e-07,0.3111309300472759,,,,,,,,,,,,,,,,,,,,,,,,,,,,,,,,,,,,,,,,,,,,,,,,,,,,,,
211,no_encoding,no_coalescense,,median,minmax,,,,,polynomial,,,,,,,,,,,,,,,,,,,,,,,,,,,,,,,,2,True,False,,,,,,,,,,,,,libsvm_svr,,,,,,,,,,,,,,,,,,,,,,,,,,,,,,,,,,,,,,,,,,,,,,,,,,,,,,,180.22479438529933,,4,0.0012571604901280202,0.10272820821863678,rbf,-1,False,0.02945259690926852,,,,,,,,,,,,,,,,,,,,,,,,,,,,,,,,,,,
214,one_hot_encoding,no_coalescense,,mean,standardize,,,,,select_rates_regression,,,,,,,,,,,,,,,,,,,,,,,,,,,,,,,,,,,,,,,,,,,,0.10380250296711345,fpr,f_regression,libsvm_svr,,,,,,,,,,,,,,,,,,,,,,,,,,,,,,,,,,,,,,,,,,,,,,,,,,,,,,,313.80394795972063,,2,0.003099223059277561,0.017317093115152473,rbf,-1,True,0.024277944281241755,,,,,,,,,,,,,,,,,,,,,,,,,,,,,,,,,,,
217,no_encoding,minority_coalescer,0.3075379022640153,median,robust_scaler,,,0.75,0.2227403297034476,polynomial,,,,,,,,,,,,,,,,,,,,,,,,,,,,,,,,2,False,False,,,,,,,,,,,,,random_forest,,,,,,,,,,,,,,,,,,,,,,,,,,,,,,,,,,,,,,,,,,,,,,,,,,,,,,,,,,,,,,,,,,,,,,,,,,,,,,,True,mae,None,0.5867647620951765,None,0.0,12,3,0.0,,,,,,,,,,,
220,one_hot_encoding,minority_coalescer,0.0074901612162674314,median,quantile_transformer,1000,uniform,,,select_rates_regression,,,,,,,,,,,,,,,,,,,,,,,,,,,,,,,,,,,,,,,,,,,,0.11837903484332993,fpr,f_regression,sgd,,,,,,,,,,,,,,,,,,,,,,,,,,,,,,,,,,,,,,,,,,,,,,,,,,,,,,,,,,,,,,,,,,,,,,,,,,,,,,,,,,,,,,,,0.0009210650955968192,False,5.162916923614626e-05,0.010000000000000014,True,,invscaling,epsilon_insensitive,l1,0.25,0.0011697312333031576
222,no_encoding,minority_coalescer,0.002591037601166213,mean,none,,,,,select_percentile_regression,,,,,,,,,,,,,,,,,,,,,,,,,,,,,,,,,,,,,,,,,,30.46212550428878,mutual_info,,,,extra_trees,,,,,,,,,,,,,,,,,,,,,True,mae,None,0.6717483424890341,None,0.0,20,4,0.0,,,,,,,,,,,,,,,,,,,,,,,,,,,,,,,,,,,,,,,,,,,,,,,,,,,,,,,,,,,,,,,,,,,,,
225,no_encoding,no_coalescense,,most_frequent,robust_scaler,,,0.7561109696348165,0.25,no_preprocessing,,,,,,,,,,,,,,,,,,,,,,,,,,,,,,,,,,,,,,,,,,,,,,,random_forest,,,,,,,,,,,,,,,,,,,,,,,,,,,,,,,,,,,,,,,,,,,,,,,,,,,,,,,,,,,,,,,,,,,,,,,,,,,,,,,True,friedman_mse,None,0.9940190674957999,None,0.0,1,2,0.0,,,,,,,,,,,
228,no_encoding,minority_coalescer,0.0005112414168823774,median,standardize,,,,,select_rates_regression,,,,,,,,,,,,,,,,,,,,,,,,,,,,,,,,,,,,,,,,,,,,0.4807408968132736,fdr,f_regression,gradient_boosting,,,,,,,,,,,,,,,,,,,,,,,,,,,,,,,,,train,5.775517309881741e-08,0.020024969424259676,least_squares,255,None,156,85,16,loss,1e-07,,,,,,,,,,,,,,,,,,,,,,,,,,,,,,,,,,,,,,,,,,,,,,,,,,,,,,,
232,no_encoding,no_coalescense,,most_frequent,minmax,,,,,polynomial,,,,,,,,,,,,,,,,,,,,,,,,,,,,,,,,3,False,False,,,,,,,,,,,,,sgd,,,,,,,,,,,,,,,,,,,,,,,,,,,,,,,,,,,,,,,,,,,,,,,,,,,,,,,,,,,,,,,,,,,,,,,,,,,,,,,,,,,,,,,,0.0006517033225329654,False,0.012150149892783745,0.016444224834275295,True,1.7462342366289323e-09,invscaling,epsilon_insensitive,elasticnet,0.21521743568582094,0.002431731981071206
235,no_encoding,no_coalescense,,mean,standardize,,,,,polynomial,,,,,,,,,,,,,,,,,,,,,,,,,,,,,,,,2,False,True,,,,,,,,,,,,,gaussian_process,,,,,,,,,,,,,,,,,,,,,,,,,,,,,,0.051722240295206036,3.6874673577742775e-09,2235.498740920408,,,,,,,,,,,,,,,,,,,,,,,,,,,,,,,,,,,,,,,,,,,,,,,,,,,,,,,,,,,,,,,,,,
237,no_encoding,minority_coalescer,0.00812390310244969,most_frequent,standardize,,,,,polynomial,,,,,,,,,,,,,,,,,,,,,,,,,,,,,,,,2,False,False,,,,,,,,,,,,,gaussian_process,,,,,,,,,,,,,,,,,,,,,,,,,,,,,,0.03429300412839323,1.1283208177742579e-06,427.92917011793116,,,,,,,,,,,,,,,,,,,,,,,,,,,,,,,,,,,,,,,,,,,,,,,,,,,,,,,,,,,,,,,,,,
240,one_hot_encoding,minority_coalescer,0.010000000000000004,mean,standardize,,,,,extra_trees_preproc_for_regression,True,friedman_mse,None,0.969236220539822,None,1,2,0.0,100,,,,,,,,,,,,,,,,,,,,,,,,,,,,,,,,,,,,,,gaussian_process,,,,,,,,,,,,,,,,,,,,,,,,,,,,,,0.013068012551322245,2.979079708104577e-07,50599.0613366392,,,,,,,,,,,,,,,,,,,,,,,,,,,,,,,,,,,,,,,,,,,,,,,,,,,,,,,,,,,,,,,,,,
244,one_hot_encoding,minority_coalescer,0.009333160306231441,median,minmax,,,,,polynomial,,,,,,,,,,,,,,,,,,,,,,,,,,,,,,,,2,True,False,,,,,,,,,,,,,gaussian_process,,,,,,,,,,,,,,,,,,,,,,,,,,,,,,0.030976606236786153,1.1454014935657008e-06,26.06908483490808,,,,,,,,,,,,,,,,,,,,,,,,,,,,,,,,,,,,,,,,,,,,,,,,,,,,,,,,,,,,,,,,,,
247,one_hot_encoding,minority_coalescer,0.014192135928954746,median,standardize,,,,,fast_ica,,,,,,,,,,deflation,exp,,False,,,,,,,,,,,,,,,,,,,,,,,,,,,,,,,,,,libsvm_svr,,,,,,,,,,,,,,,,,,,,,,,,,,,,,,,,,,,,,,,,,,,,,,,,,,,,,,,1.4272136443763257,0.2694141260648879,2,0.10000000000000006,0.05757315877344016,poly,-1,False,0.0010000000000000002,,,,,,,,,,,,,,,,,,,,,,,,,,,,,,,,,,,
250,no_encoding,minority_coalescer,0.0013706790419589269,most_frequent,minmax,,,,,select_percentile_regression,,,,,,,,,,,,,,,,,,,,,,,,,,,,,,,,,,,,,,,,,,36.16485710707785,mutual_info,,,,random_forest,,,,,,,,,,,,,,,,,,,,,,,,,,,,,,,,,,,,,,,,,,,,,,,,,,,,,,,,,,,,,,,,,,,,,,,,,,,,,,,False,friedman_mse,None,0.752819740456617,None,0.0,19,15,0.0,,,,,,,,,,,
253,no_encoding,minority_coalescer,0.26110798476806907,most_frequent,robust_scaler,,,0.7461372990016106,0.18481793818833603,extra_trees_preproc_for_regression,False,friedman_mse,None,0.754963329968397,None,13,20,0.0,100,,,,,,,,,,,,,,,,,,,,,,,,,,,,,,,,,,,,,,extra_trees,,,,,,,,,,,,,,,,,,,,,True,mae,None,0.9353841799433302,None,0.0,20,8,0.0,,,,,,,,,,,,,,,,,,,,,,,,,,,,,,,,,,,,,,,,,,,,,,,,,,,,,,,,,,,,,,,,,,,,,
257,one_hot_encoding,minority_coalescer,0.0216783950539192,mean,none,,,,,polynomial,,,,,,,,,,,,,,,,,,,,,,,,,,,,,,,,2,False,False,,,,,,,,,,,,,gradient_boosting,,,,,,,,,,,,,,,,,,,,,,,,,,,,,,,,,train,0.00010889929093369623,0.013461560146088193,least_squares,255,None,922,78,19,loss,1e-07,,,,,,,,,,,,,,,,,,,,,,,,,,,,,,,,,,,,,,,,,,,,,,,,,,,,,,,
259,one_hot_encoding,no_coalescense,,median,none,,,,,select_rates_regression,,,,,,,,,,,,,,,,,,,,,,,,,,,,,,,,,,,,,,,,,,,,0.23965115028414283,fdr,f_regression,libsvm_svr,,,,,,,,,,,,,,,,,,,,,,,,,,,,,,,,,,,,,,,,,,,,,,,,,,,,,,,460.76474217462135,,4,0.005339969606710064,0.18388140886633259,rbf,-1,True,7.327296664444106e-05,,,,,,,,,,,,,,,,,,,,,,,,,,,,,,,,,,,
262,no_encoding,minority_coalescer,0.0017516626568532072,median,minmax,,,,,polynomial,,,,,,,,,,,,,,,,,,,,,,,,,,,,,,,,2,True,False,,,,,,,,,,,,,gaussian_process,,,,,,,,,,,,,,,,,,,,,,,,,,,,,,0.09414230179794553,1.3692618062770113e-09,15642.37580197983,,,,,,,,,,,,,,,,,,,,,,,,,,,,,,,,,,,,,,,,,,,,,,,,,,,,,,,,,,,,,,,,,,
265,one_hot_encoding,no_coalescense,,mean,standardize,,,,,select_percentile_regression,,,,,,,,,,,,,,,,,,,,,,,,,,,,,,,,,,,,,,,,,,24.560906712337708,f_regression,,,,decision_tree,,,,,,,,,,,,,mae,0.8468780775417923,1.0,None,0.0,9,17,0.0,,,,,,,,,,,,,,,,,,,,,,,,,,,,,,,,,,,,,,,,,,,,,,,,,,,,,,,,,,,,,,,,,,,,,,,,,,,,,,
269,no_encoding,minority_coalescer,0.013501988241596803,mean,robust_scaler,,,0.779736398051298,0.25,select_rates_regression,,,,,,,,,,,,,,,,,,,,,,,,,,,,,,,,,,,,,,,,,,,,0.14290213312055283,fpr,f_regression,liblinear_svr,,,,,,,,,,,,,,,,,,,,,,,,,,,,,,,,,,,,,,,,,,,,,,,,0.19160000577407318,False,0.08447160725051764,True,1,squared_epsilon_insensitive,0.00013920807185728581,,,,,,,,,,,,,,,,,,,,,,,,,,,,,,,,,,,,,,,,,,,,
272,no_encoding,minority_coalescer,0.33019614194741737,mean,none,,,,,no_preprocessing,,,,,,,,,,,,,,,,,,,,,,,,,,,,,,,,,,,,,,,,,,,,,,,gaussian_process,,,,,,,,,,,,,,,,,,,,,,,,,,,,,,0.042751149363097055,8.347428498783927e-08,57.94899150758775,,,,,,,,,,,,,,,,,,,,,,,,,,,,,,,,,,,,,,,,,,,,,,,,,,,,,,,,,,,,,,,,,,
274,one_hot_encoding,minority_coalescer,0.010000000000000004,mean,robust_scaler,,,0.9591089096488032,0.014057471925138065,no_preprocessing,,,,,,,,,,,,,,,,,,,,,,,,,,,,,,,,,,,,,,,,,,,,,,,random_forest,,,,,,,,,,,,,,,,,,,,,,,,,,,,,,,,,,,,,,,,,,,,,,,,,,,,,,,,,,,,,,,,,,,,,,,,,,,,,,,True,mse,None,0.9820315057084981,None,0.0,5,20,0.0,,,,,,,,,,,
276,no_encoding,no_coalescense,,most_frequent,robust_scaler,,,0.99052561287723,0.21219427729271156,random_trees_embedding,,,,,,,,,,,,,,,,,,,,,,,,,,,,,,,,,,,True,2,None,1,15,1.0,97,,,,,,decision_tree,,,,,,,,,,,,,mae,0.45721730917643494,1.0,None,0.0,1,2,0.0,,,,,,,,,,,,,,,,,,,,,,,,,,,,,,,,,,,,,,,,,,,,,,,,,,,,,,,,,,,,,,,,,,,,,,,,,,,,,,
279,no_encoding,minority_coalescer,0.4873131661139947,mean,standardize,,,,,select_rates_regression,,,,,,,,,,,,,,,,,,,,,,,,,,,,,,,,,,,,,,,,,,,,0.43441750135120694,fpr,f_regression,k_nearest_neighbors,,,,,,,,,,,,,,,,,,,,,,,,,,,,,,,,,,,,,,,,,,,,,2,2,distance,,,,,,,,,,,,,,,,,,,,,,,,,,,,,,,,,,,,,,,,,,,,,,,,,,,
282,one_hot_encoding,minority_coalescer,0.026353623217953964,mean,none,,,,,extra_trees_preproc_for_regression,True,friedman_mse,None,0.8609499435062687,None,9,15,0.0,100,,,,,,,,,,,,,,,,,,,,,,,,,,,,,,,,,,,,,,gaussian_process,,,,,,,,,,,,,,,,,,,,,,,,,,,,,,0.023379450779571848,2.659222467552488e-10,292.5678884045162,,,,,,,,,,,,,,,,,,,,,,,,,,,,,,,,,,,,,,,,,,,,,,,,,,,,,,,,,,,,,,,,,,
285,no_encoding,no_coalescense,,mean,minmax,,,,,select_rates_regression,,,,,,,,,,,,,,,,,,,,,,,,,,,,,,,,,,,,,,,,,,,,0.2186105871515939,fdr,f_regression,gradient_boosting,,,,,,,,,,,,,,,,,,,,,,,,,,,,,,,,,off,0.10377482408306521,0.016255400771699312,least_squares,255,None,65,70,,loss,1e-07,,,,,,,,,,,,,,,,,,,,,,,,,,,,,,,,,,,,,,,,,,,,,,,,,,,,,,,
