idx,balancing:strategy,classifier:__choice__,classifier:adaboost:algorithm,classifier:adaboost:learning_rate,classifier:adaboost:max_depth,classifier:adaboost:n_estimators,classifier:bernoulli_nb:alpha,classifier:bernoulli_nb:fit_prior,classifier:decision_tree:criterion,classifier:decision_tree:max_depth_factor,classifier:decision_tree:max_features,classifier:decision_tree:max_leaf_nodes,classifier:decision_tree:min_impurity_decrease,classifier:decision_tree:min_samples_leaf,classifier:decision_tree:min_samples_split,classifier:decision_tree:min_weight_fraction_leaf,classifier:extra_trees:bootstrap,classifier:extra_trees:criterion,classifier:extra_trees:max_depth,classifier:extra_trees:max_features,classifier:extra_trees:max_leaf_nodes,classifier:extra_trees:min_impurity_decrease,classifier:extra_trees:min_samples_leaf,classifier:extra_trees:min_samples_split,classifier:extra_trees:min_weight_fraction_leaf,classifier:gradient_boosting:early_stop,classifier:gradient_boosting:l2_regularization,classifier:gradient_boosting:learning_rate,classifier:gradient_boosting:loss,classifier:gradient_boosting:max_bins,classifier:gradient_boosting:max_depth,classifier:gradient_boosting:max_leaf_nodes,classifier:gradient_boosting:min_samples_leaf,classifier:gradient_boosting:n_iter_no_change,classifier:gradient_boosting:scoring,classifier:gradient_boosting:tol,classifier:gradient_boosting:validation_fraction,classifier:k_nearest_neighbors:n_neighbors,classifier:k_nearest_neighbors:p,classifier:k_nearest_neighbors:weights,classifier:lda:shrinkage,classifier:lda:shrinkage_factor,classifier:lda:tol,classifier:liblinear_svc:C,classifier:liblinear_svc:dual,classifier:liblinear_svc:fit_intercept,classifier:liblinear_svc:intercept_scaling,classifier:liblinear_svc:loss,classifier:liblinear_svc:multi_class,classifier:liblinear_svc:penalty,classifier:liblinear_svc:tol,classifier:libsvm_svc:C,classifier:libsvm_svc:coef0,classifier:libsvm_svc:degree,classifier:libsvm_svc:gamma,classifier:libsvm_svc:kernel,classifier:libsvm_svc:max_iter,classifier:libsvm_svc:shrinking,classifier:libsvm_svc:tol,classifier:mlp:activation,classifier:mlp:alpha,classifier:mlp:batch_size,classifier:mlp:beta_1,classifier:mlp:beta_2,classifier:mlp:early_stopping,classifier:mlp:epsilon,classifier:mlp:hidden_layer_depth,classifier:mlp:learning_rate_init,classifier:mlp:n_iter_no_change,classifier:mlp:num_nodes_per_layer,classifier:mlp:shuffle,classifier:mlp:solver,classifier:mlp:tol,classifier:mlp:validation_fraction,classifier:multinomial_nb:alpha,classifier:multinomial_nb:fit_prior,classifier:passive_aggressive:C,classifier:passive_aggressive:average,classifier:passive_aggressive:fit_intercept,classifier:passive_aggressive:loss,classifier:passive_aggressive:tol,classifier:qda:reg_param,classifier:random_forest:bootstrap,classifier:random_forest:criterion,classifier:random_forest:max_depth,classifier:random_forest:max_features,classifier:random_forest:max_leaf_nodes,classifier:random_forest:min_impurity_decrease,classifier:random_forest:min_samples_leaf,classifier:random_forest:min_samples_split,classifier:random_forest:min_weight_fraction_leaf,classifier:sgd:alpha,classifier:sgd:average,classifier:sgd:epsilon,classifier:sgd:eta0,classifier:sgd:fit_intercept,classifier:sgd:l1_ratio,classifier:sgd:learning_rate,classifier:sgd:loss,classifier:sgd:penalty,classifier:sgd:power_t,classifier:sgd:tol,data_preprocessing:categorical_transformer:categorical_encoding:__choice__,data_preprocessing:categorical_transformer:category_coalescence:__choice__,data_preprocessing:categorical_transformer:category_coalescence:minority_coalescer:minimum_fraction,data_preprocessing:numerical_transformer:imputation:strategy,data_preprocessing:numerical_transformer:rescaling:__choice__,data_preprocessing:numerical_transformer:rescaling:quantile_transformer:n_quantiles,data_preprocessing:numerical_transformer:rescaling:quantile_transformer:output_distribution,data_preprocessing:numerical_transformer:rescaling:robust_scaler:q_max,data_preprocessing:numerical_transformer:rescaling:robust_scaler:q_min,feature_preprocessor:__choice__,feature_preprocessor:extra_trees_preproc_for_classification:bootstrap,feature_preprocessor:extra_trees_preproc_for_classification:criterion,feature_preprocessor:extra_trees_preproc_for_classification:max_depth,feature_preprocessor:extra_trees_preproc_for_classification:max_features,feature_preprocessor:extra_trees_preproc_for_classification:max_leaf_nodes,feature_preprocessor:extra_trees_preproc_for_classification:min_impurity_decrease,feature_preprocessor:extra_trees_preproc_for_classification:min_samples_leaf,feature_preprocessor:extra_trees_preproc_for_classification:min_samples_split,feature_preprocessor:extra_trees_preproc_for_classification:min_weight_fraction_leaf,feature_preprocessor:extra_trees_preproc_for_classification:n_estimators,feature_preprocessor:kernel_pca:coef0,feature_preprocessor:kernel_pca:degree,feature_preprocessor:kernel_pca:gamma,feature_preprocessor:kernel_pca:kernel,feature_preprocessor:kernel_pca:n_components,feature_preprocessor:kitchen_sinks:gamma,feature_preprocessor:kitchen_sinks:n_components,feature_preprocessor:liblinear_svc_preprocessor:C,feature_preprocessor:liblinear_svc_preprocessor:dual,feature_preprocessor:liblinear_svc_preprocessor:fit_intercept,feature_preprocessor:liblinear_svc_preprocessor:intercept_scaling,feature_preprocessor:liblinear_svc_preprocessor:loss,feature_preprocessor:liblinear_svc_preprocessor:multi_class,feature_preprocessor:liblinear_svc_preprocessor:penalty,feature_preprocessor:liblinear_svc_preprocessor:tol,feature_preprocessor:nystroem_sampler:coef0,feature_preprocessor:nystroem_sampler:degree,feature_preprocessor:nystroem_sampler:gamma,feature_preprocessor:nystroem_sampler:kernel,feature_preprocessor:nystroem_sampler:n_components,feature_preprocessor:polynomial:degree,feature_preprocessor:polynomial:include_bias,feature_preprocessor:polynomial:interaction_only,feature_preprocessor:random_trees_embedding:bootstrap,feature_preprocessor:random_trees_embedding:max_depth,feature_preprocessor:random_trees_embedding:max_leaf_nodes,feature_preprocessor:random_trees_embedding:min_samples_leaf,feature_preprocessor:random_trees_embedding:min_samples_split,feature_preprocessor:random_trees_embedding:min_weight_fraction_leaf,feature_preprocessor:random_trees_embedding:n_estimators,feature_preprocessor:select_percentile_classification:percentile,feature_preprocessor:select_percentile_classification:score_func,feature_preprocessor:select_rates_classification:alpha,feature_preprocessor:select_rates_classification:mode,feature_preprocessor:select_rates_classification:score_func,feature_preprocessor:truncatedSVD:target_dim
1,weighting,sgd,,,,,,,,,,,,,,,,,,,,,,,,,,,,,,,,,,,,,,,,,,,,,,,,,,,,,,,,,,,,,,,,,,,,,,,,,,,,,,,,,,,,,,,,,,5.886112392681687e-06,True,0.00011338529776810724,0.01508454851397274,True,3.459362323263004e-07,constant,modified_huber,elasticnet,,5.034234698496303e-05,no_encoding,minority_coalescer,0.4470033646188783,mean,normalize,,,,,kernel_pca,,,,,,,,,,,,,,cosine,1992,,,,,,,,,,,,,,,,,,,,,,,,,,,,,,,
7,none,extra_trees,,,,,,,,,,,,,,,True,gini,None,0.9755129877136667,None,0.0,12,5,0.0,,,,,,,,,,,,,,,,,,,,,,,,,,,,,,,,,,,,,,,,,,,,,,,,,,,,,,,,,,,,,,,,,,,,,,,,,,,,,,one_hot_encoding,no_coalescense,,mean,quantile_transformer,1110,normal,,,select_rates_classification,,,,,,,,,,,,,,,,,,,,,,,,,,,,,,,,,,,,,,,,,,,0.14467795634304745,fwe,chi2,
8,none,passive_aggressive,,,,,,,,,,,,,,,,,,,,,,,,,,,,,,,,,,,,,,,,,,,,,,,,,,,,,,,,,,,,,,,,,,,,,,,,,,,0.14268277711454813,False,True,hinge,0.0002600768160857831,,,,,,,,,,,,,,,,,,,,,,no_encoding,minority_coalescer,0.0070580904199417415,most_frequent,none,,,,,no_preprocessing,,,,,,,,,,,,,,,,,,,,,,,,,,,,,,,,,,,,,,,,,,,,,,
11,weighting,random_forest,,,,,,,,,,,,,,,,,,,,,,,,,,,,,,,,,,,,,,,,,,,,,,,,,,,,,,,,,,,,,,,,,,,,,,,,,,,,,,,,,False,gini,None,0.1448293017939638,None,0.0,1,3,0.0,,,,,,,,,,,,one_hot_encoding,minority_coalescer,0.02046407897295299,median,robust_scaler,,,0.7603181260124257,0.19612476125073158,extra_trees_preproc_for_classification,False,entropy,None,0.48140781342877864,None,0.0,2,13,0.0,100,,,,,,,,,,,,,,,,,,,,,,,,,,,,,,,,,,,,
14,weighting,adaboost,SAMME.R,0.020714525863543155,1,136,,,,,,,,,,,,,,,,,,,,,,,,,,,,,,,,,,,,,,,,,,,,,,,,,,,,,,,,,,,,,,,,,,,,,,,,,,,,,,,,,,,,,,,,,,,,,,,,,one_hot_encoding,minority_coalescer,0.030629567519166,median,normalize,,,,,liblinear_svc_preprocessor,,,,,,,,,,,,,,,,,,7.671374824549251,False,True,1,squared_hinge,ovr,l1,5.1885523023267114e-05,,,,,,,,,,,,,,,,,,,,,
15,none,random_forest,,,,,,,,,,,,,,,,,,,,,,,,,,,,,,,,,,,,,,,,,,,,,,,,,,,,,,,,,,,,,,,,,,,,,,,,,,,,,,,,,True,entropy,None,0.05950577611861646,None,0.0,3,18,0.0,,,,,,,,,,,,no_encoding,minority_coalescer,0.0005378846731837136,mean,normalize,,,,,extra_trees_preproc_for_classification,False,entropy,None,0.8041588002601224,None,0.0,9,4,0.0,100,,,,,,,,,,,,,,,,,,,,,,,,,,,,,,,,,,,,
18,none,mlp,,,,,,,,,,,,,,,,,,,,,,,,,,,,,,,,,,,,,,,,,,,,,,,,,,,,,,,,,,tanh,2.2635378352804727e-07,auto,0.9,0.999,valid,1e-08,1,0.0006755624359067042,32,256,True,adam,0.0001,0.1,,,,,,,,,,,,,,,,,,,,,,,,,,,,,no_encoding,no_coalescense,,median,standardize,,,,,random_trees_embedding,,,,,,,,,,,,,,,,,,,,,,,,,,,,,,,,,,True,5,None,8,3,1.0,92,,,,,,
20,none,extra_trees,,,,,,,,,,,,,,,True,gini,None,0.15785101404118912,None,0.0,1,2,0.0,,,,,,,,,,,,,,,,,,,,,,,,,,,,,,,,,,,,,,,,,,,,,,,,,,,,,,,,,,,,,,,,,,,,,,,,,,,,,,one_hot_encoding,minority_coalescer,0.009357988615415697,mean,none,,,,,no_preprocessing,,,,,,,,,,,,,,,,,,,,,,,,,,,,,,,,,,,,,,,,,,,,,,
24,none,random_forest,,,,,,,,,,,,,,,,,,,,,,,,,,,,,,,,,,,,,,,,,,,,,,,,,,,,,,,,,,,,,,,,,,,,,,,,,,,,,,,,,False,entropy,None,0.5899611783591084,None,0.0,5,10,0.0,,,,,,,,,,,,one_hot_encoding,minority_coalescer,0.011764372203834228,mean,none,,,,,polynomial,,,,,,,,,,,,,,,,,,,,,,,,,,,,,,,3,False,False,,,,,,,,,,,,,
26,weighting,extra_trees,,,,,,,,,,,,,,,False,gini,None,0.9292309396985746,None,0.0,1,10,0.0,,,,,,,,,,,,,,,,,,,,,,,,,,,,,,,,,,,,,,,,,,,,,,,,,,,,,,,,,,,,,,,,,,,,,,,,,,,,,,no_encoding,minority_coalescer,0.032719158639429445,median,normalize,,,,,extra_trees_preproc_for_classification,False,entropy,None,0.9929881254946676,None,0.0,1,2,0.0,100,,,,,,,,,,,,,,,,,,,,,,,,,,,,,,,,,,,,
29,none,random_forest,,,,,,,,,,,,,,,,,,,,,,,,,,,,,,,,,,,,,,,,,,,,,,,,,,,,,,,,,,,,,,,,,,,,,,,,,,,,,,,,,False,entropy,None,0.25063318084159447,None,0.0,2,10,0.0,,,,,,,,,,,,one_hot_encoding,no_coalescense,,most_frequent,none,,,,,polynomial,,,,,,,,,,,,,,,,,,,,,,,,,,,,,,,2,False,False,,,,,,,,,,,,,
33,weighting,adaboost,SAMME,1.7653851967971248,2,290,,,,,,,,,,,,,,,,,,,,,,,,,,,,,,,,,,,,,,,,,,,,,,,,,,,,,,,,,,,,,,,,,,,,,,,,,,,,,,,,,,,,,,,,,,,,,,,,,no_encoding,no_coalescense,,median,normalize,,,,,extra_trees_preproc_for_classification,False,entropy,None,0.004631772236644016,None,0.0,16,18,0.0,100,,,,,,,,,,,,,,,,,,,,,,,,,,,,,,,,,,,,
37,none,mlp,,,,,,,,,,,,,,,,,,,,,,,,,,,,,,,,,,,,,,,,,,,,,,,,,,,,,,,,,,tanh,0.016831164612449084,auto,0.9,0.999,train,1e-08,1,0.00012492237069304727,32,54,True,adam,0.0001,,,,,,,,,,,,,,,,,,,,,,,,,,,,,,no_encoding,minority_coalescer,0.03201886189177762,median,standardize,,,,,no_preprocessing,,,,,,,,,,,,,,,,,,,,,,,,,,,,,,,,,,,,,,,,,,,,,,
40,none,random_forest,,,,,,,,,,,,,,,,,,,,,,,,,,,,,,,,,,,,,,,,,,,,,,,,,,,,,,,,,,,,,,,,,,,,,,,,,,,,,,,,,True,gini,None,0.4930734170547715,None,0.0,4,2,0.0,,,,,,,,,,,,no_encoding,no_coalescense,,mean,quantile_transformer,996,uniform,,,no_preprocessing,,,,,,,,,,,,,,,,,,,,,,,,,,,,,,,,,,,,,,,,,,,,,,
44,none,liblinear_svc,,,,,,,,,,,,,,,,,,,,,,,,,,,,,,,,,,,,,,,,,,1522.3096249105297,False,True,1,squared_hinge,ovr,l2,0.0007872137441020707,,,,,,,,,,,,,,,,,,,,,,,,,,,,,,,,,,,,,,,,,,,,,,,,,,,,one_hot_encoding,minority_coalescer,0.07780953213447654,mean,quantile_transformer,1347,normal,,,nystroem_sampler,,,,,,,,,,,,,,,,,,,,,,,,,,-0.700484304967776,2,0.036293265949454166,poly,2477,,,,,,,,,,,,,,,,
46,weighting,random_forest,,,,,,,,,,,,,,,,,,,,,,,,,,,,,,,,,,,,,,,,,,,,,,,,,,,,,,,,,,,,,,,,,,,,,,,,,,,,,,,,,False,gini,None,0.4825984303333078,None,0.0,1,2,0.0,,,,,,,,,,,,no_encoding,minority_coalescer,0.0028041211806575195,most_frequent,quantile_transformer,1060,uniform,,,no_preprocessing,,,,,,,,,,,,,,,,,,,,,,,,,,,,,,,,,,,,,,,,,,,,,,
48,weighting,adaboost,SAMME.R,0.5903623763679633,7,488,,,,,,,,,,,,,,,,,,,,,,,,,,,,,,,,,,,,,,,,,,,,,,,,,,,,,,,,,,,,,,,,,,,,,,,,,,,,,,,,,,,,,,,,,,,,,,,,,one_hot_encoding,minority_coalescer,0.0008643326031230009,median,standardize,,,,,select_rates_classification,,,,,,,,,,,,,,,,,,,,,,,,,,,,,,,,,,,,,,,,,,,0.48625567494729993,fwe,chi2,
50,none,adaboost,SAMME.R,0.08946303161034407,10,327,,,,,,,,,,,,,,,,,,,,,,,,,,,,,,,,,,,,,,,,,,,,,,,,,,,,,,,,,,,,,,,,,,,,,,,,,,,,,,,,,,,,,,,,,,,,,,,,,no_encoding,minority_coalescer,0.0003155746081471712,median,robust_scaler,,,0.8240450177565517,0.1925544445943527,extra_trees_preproc_for_classification,True,entropy,None,0.43559598813748057,None,0.0,11,8,0.0,100,,,,,,,,,,,,,,,,,,,,,,,,,,,,,,,,,,,,
55,weighting,mlp,,,,,,,,,,,,,,,,,,,,,,,,,,,,,,,,,,,,,,,,,,,,,,,,,,,,,,,,,,relu,0.00015407889056821253,auto,0.9,0.999,train,1e-08,1,0.000502554788369252,32,32,True,adam,0.0001,,,,,,,,,,,,,,,,,,,,,,,,,,,,,,no_encoding,minority_coalescer,0.002001414301888128,most_frequent,none,,,,,liblinear_svc_preprocessor,,,,,,,,,,,,,,,,,,13.996738090447245,False,True,1,squared_hinge,ovr,l1,3.0432531552298907e-05,,,,,,,,,,,,,,,,,,,,,
59,weighting,random_forest,,,,,,,,,,,,,,,,,,,,,,,,,,,,,,,,,,,,,,,,,,,,,,,,,,,,,,,,,,,,,,,,,,,,,,,,,,,,,,,,,False,entropy,None,0.47054496361798415,None,0.0,10,7,0.0,,,,,,,,,,,,no_encoding,no_coalescense,,median,normalize,,,,,polynomial,,,,,,,,,,,,,,,,,,,,,,,,,,,,,,,2,False,False,,,,,,,,,,,,,
62,none,adaboost,SAMME.R,0.3655902144056098,6,52,,,,,,,,,,,,,,,,,,,,,,,,,,,,,,,,,,,,,,,,,,,,,,,,,,,,,,,,,,,,,,,,,,,,,,,,,,,,,,,,,,,,,,,,,,,,,,,,,one_hot_encoding,no_coalescense,,median,standardize,,,,,select_rates_classification,,,,,,,,,,,,,,,,,,,,,,,,,,,,,,,,,,,,,,,,,,,0.3482939865206283,,mutual_info_classif,
65,none,k_nearest_neighbors,,,,,,,,,,,,,,,,,,,,,,,,,,,,,,,,,,,,6,1,distance,,,,,,,,,,,,,,,,,,,,,,,,,,,,,,,,,,,,,,,,,,,,,,,,,,,,,,,,,,,,,,,no_encoding,minority_coalescer,0.133411196871668,most_frequent,standardize,,,,,extra_trees_preproc_for_classification,False,entropy,None,0.9918226012195012,None,0.0,1,3,0.0,100,,,,,,,,,,,,,,,,,,,,,,,,,,,,,,,,,,,,
67,none,mlp,,,,,,,,,,,,,,,,,,,,,,,,,,,,,,,,,,,,,,,,,,,,,,,,,,,,,,,,,,tanh,3.198483470889531e-06,auto,0.9,0.999,train,1e-08,2,0.006604847357173181,32,24,True,adam,0.0001,,,,,,,,,,,,,,,,,,,,,,,,,,,,,,no_encoding,no_coalescense,,median,standardize,,,,,liblinear_svc_preprocessor,,,,,,,,,,,,,,,,,,0.6755226057791226,False,True,1,squared_hinge,ovr,l1,0.00014091021190100242,,,,,,,,,,,,,,,,,,,,,
68,none,random_forest,,,,,,,,,,,,,,,,,,,,,,,,,,,,,,,,,,,,,,,,,,,,,,,,,,,,,,,,,,,,,,,,,,,,,,,,,,,,,,,,,False,entropy,None,0.45888091768445216,None,0.0,17,16,0.0,,,,,,,,,,,,no_encoding,no_coalescense,,median,standardize,,,,,no_preprocessing,,,,,,,,,,,,,,,,,,,,,,,,,,,,,,,,,,,,,,,,,,,,,,
69,none,random_forest,,,,,,,,,,,,,,,,,,,,,,,,,,,,,,,,,,,,,,,,,,,,,,,,,,,,,,,,,,,,,,,,,,,,,,,,,,,,,,,,,True,gini,None,0.573959988223198,None,0.0,20,2,0.0,,,,,,,,,,,,one_hot_encoding,minority_coalescer,0.0070580904199417415,mean,quantile_transformer,1000,uniform,,,no_preprocessing,,,,,,,,,,,,,,,,,,,,,,,,,,,,,,,,,,,,,,,,,,,,,,
71,none,random_forest,,,,,,,,,,,,,,,,,,,,,,,,,,,,,,,,,,,,,,,,,,,,,,,,,,,,,,,,,,,,,,,,,,,,,,,,,,,,,,,,,False,gini,None,0.6171704336426956,None,0.0,1,20,0.0,,,,,,,,,,,,no_encoding,minority_coalescer,0.0020902496894059566,median,robust_scaler,,,0.7283312938920481,0.23179539941481933,polynomial,,,,,,,,,,,,,,,,,,,,,,,,,,,,,,,3,False,False,,,,,,,,,,,,,
74,none,random_forest,,,,,,,,,,,,,,,,,,,,,,,,,,,,,,,,,,,,,,,,,,,,,,,,,,,,,,,,,,,,,,,,,,,,,,,,,,,,,,,,,False,entropy,None,0.5504438035190622,None,0.0,2,2,0.0,,,,,,,,,,,,one_hot_encoding,minority_coalescer,0.00355300735877714,median,quantile_transformer,972,normal,,,liblinear_svc_preprocessor,,,,,,,,,,,,,,,,,,976.413333009486,False,True,1,squared_hinge,ovr,l1,0.0026214681124811564,,,,,,,,,,,,,,,,,,,,,
77,none,random_forest,,,,,,,,,,,,,,,,,,,,,,,,,,,,,,,,,,,,,,,,,,,,,,,,,,,,,,,,,,,,,,,,,,,,,,,,,,,,,,,,,False,gini,None,0.5150376551177311,None,0.0,2,3,0.0,,,,,,,,,,,,no_encoding,minority_coalescer,0.00013336266609942395,mean,robust_scaler,,,0.7789358623251028,0.27260746129455776,no_preprocessing,,,,,,,,,,,,,,,,,,,,,,,,,,,,,,,,,,,,,,,,,,,,,,
79,none,random_forest,,,,,,,,,,,,,,,,,,,,,,,,,,,,,,,,,,,,,,,,,,,,,,,,,,,,,,,,,,,,,,,,,,,,,,,,,,,,,,,,,False,entropy,None,0.7249793520921183,None,0.0,2,8,0.0,,,,,,,,,,,,no_encoding,no_coalescense,,mean,standardize,,,,,polynomial,,,,,,,,,,,,,,,,,,,,,,,,,,,,,,,3,True,False,,,,,,,,,,,,,
81,none,random_forest,,,,,,,,,,,,,,,,,,,,,,,,,,,,,,,,,,,,,,,,,,,,,,,,,,,,,,,,,,,,,,,,,,,,,,,,,,,,,,,,,True,entropy,None,0.7250486391263982,None,0.0,2,8,0.0,,,,,,,,,,,,no_encoding,minority_coalescer,0.010000000000000004,median,robust_scaler,,,0.7141418482180691,0.1231394521522306,no_preprocessing,,,,,,,,,,,,,,,,,,,,,,,,,,,,,,,,,,,,,,,,,,,,,,
86,weighting,passive_aggressive,,,,,,,,,,,,,,,,,,,,,,,,,,,,,,,,,,,,,,,,,,,,,,,,,,,,,,,,,,,,,,,,,,,,,,,,,,,0.8798092595200627,False,True,hinge,0.0002601487982141771,,,,,,,,,,,,,,,,,,,,,,no_encoding,no_coalescense,,mean,none,,,,,kernel_pca,,,,,,,,,,,-0.03863056497726669,2,0.0070517012341768095,poly,1519,,,,,,,,,,,,,,,,,,,,,,,,,,,,,,,
88,none,mlp,,,,,,,,,,,,,,,,,,,,,,,,,,,,,,,,,,,,,,,,,,,,,,,,,,,,,,,,,,relu,0.00013066600610097803,auto,0.9,0.999,valid,1e-08,3,0.0006899911108748427,32,24,True,adam,0.0001,0.1,,,,,,,,,,,,,,,,,,,,,,,,,,,,,one_hot_encoding,minority_coalescer,0.010000000000000004,mean,standardize,,,,,no_preprocessing,,,,,,,,,,,,,,,,,,,,,,,,,,,,,,,,,,,,,,,,,,,,,,
89,none,mlp,,,,,,,,,,,,,,,,,,,,,,,,,,,,,,,,,,,,,,,,,,,,,,,,,,,,,,,,,,tanh,0.044186653555680654,auto,0.9,0.999,train,1e-08,3,0.00035642668190759383,32,218,True,adam,0.0001,,,,,,,,,,,,,,,,,,,,,,,,,,,,,,one_hot_encoding,no_coalescense,,most_frequent,standardize,,,,,no_preprocessing,,,,,,,,,,,,,,,,,,,,,,,,,,,,,,,,,,,,,,,,,,,,,,
90,weighting,libsvm_svc,,,,,,,,,,,,,,,,,,,,,,,,,,,,,,,,,,,,,,,,,,,,,,,,,,9267.888846004707,0.0319322767663095,4,0.22139016521918667,poly,-1,True,4.882072393715862e-05,,,,,,,,,,,,,,,,,,,,,,,,,,,,,,,,,,,,,,,,,,,,no_encoding,minority_coalescer,0.007361476370837449,most_frequent,normalize,,,,,no_preprocessing,,,,,,,,,,,,,,,,,,,,,,,,,,,,,,,,,,,,,,,,,,,,,,
93,none,mlp,,,,,,,,,,,,,,,,,,,,,,,,,,,,,,,,,,,,,,,,,,,,,,,,,,,,,,,,,,tanh,0.00013324983658133575,auto,0.9,0.999,train,1e-08,1,0.00013169405690376405,32,53,True,adam,0.0001,,,,,,,,,,,,,,,,,,,,,,,,,,,,,,one_hot_encoding,no_coalescense,,mean,robust_scaler,,,0.96697623200312,0.0779135708484264,liblinear_svc_preprocessor,,,,,,,,,,,,,,,,,,2.222384348516417,False,True,1,squared_hinge,ovr,l1,0.0003903470448151558,,,,,,,,,,,,,,,,,,,,,
97,none,random_forest,,,,,,,,,,,,,,,,,,,,,,,,,,,,,,,,,,,,,,,,,,,,,,,,,,,,,,,,,,,,,,,,,,,,,,,,,,,,,,,,,False,gini,None,0.4856982448755246,None,0.0,1,2,0.0,,,,,,,,,,,,one_hot_encoding,minority_coalescer,0.004761291448524823,mean,quantile_transformer,1027,normal,,,no_preprocessing,,,,,,,,,,,,,,,,,,,,,,,,,,,,,,,,,,,,,,,,,,,,,,
98,weighting,adaboost,SAMME,0.5740127605066573,10,476,,,,,,,,,,,,,,,,,,,,,,,,,,,,,,,,,,,,,,,,,,,,,,,,,,,,,,,,,,,,,,,,,,,,,,,,,,,,,,,,,,,,,,,,,,,,,,,,,one_hot_encoding,no_coalescense,,mean,none,,,,,extra_trees_preproc_for_classification,False,entropy,None,0.9416461716215032,None,0.0,13,6,0.0,100,,,,,,,,,,,,,,,,,,,,,,,,,,,,,,,,,,,,
102,weighting,sgd,,,,,,,,,,,,,,,,,,,,,,,,,,,,,,,,,,,,,,,,,,,,,,,,,,,,,,,,,,,,,,,,,,,,,,,,,,,,,,,,,,,,,,,,,,9.410144741041167e-05,True,,0.0018055343233337954,True,,constant,log,l1,,0.05082904256838701,one_hot_encoding,no_coalescense,,mean,normalize,,,,,no_preprocessing,,,,,,,,,,,,,,,,,,,,,,,,,,,,,,,,,,,,,,,,,,,,,,
105,weighting,passive_aggressive,,,,,,,,,,,,,,,,,,,,,,,,,,,,,,,,,,,,,,,,,,,,,,,,,,,,,,,,,,,,,,,,,,,,,,,,,,,4.2440717747506955,True,True,hinge,0.00035036513356834166,,,,,,,,,,,,,,,,,,,,,,no_encoding,no_coalescense,,mean,robust_scaler,,,0.7621435754046103,0.22520594124827983,kernel_pca,,,,,,,,,,,,,0.0012006057267598496,rbf,624,,,,,,,,,,,,,,,,,,,,,,,,,,,,,,,
108,none,random_forest,,,,,,,,,,,,,,,,,,,,,,,,,,,,,,,,,,,,,,,,,,,,,,,,,,,,,,,,,,,,,,,,,,,,,,,,,,,,,,,,,True,gini,None,0.6244905200472244,None,0.0,9,5,0.0,,,,,,,,,,,,one_hot_encoding,no_coalescense,,most_frequent,robust_scaler,,,0.7316245712756152,0.01385497846513015,select_rates_classification,,,,,,,,,,,,,,,,,,,,,,,,,,,,,,,,,,,,,,,,,,,0.4789212476318244,fpr,chi2,
111,weighting,random_forest,,,,,,,,,,,,,,,,,,,,,,,,,,,,,,,,,,,,,,,,,,,,,,,,,,,,,,,,,,,,,,,,,,,,,,,,,,,,,,,,,False,entropy,None,0.7073993103058536,None,0.0,1,2,0.0,,,,,,,,,,,,no_encoding,minority_coalescer,0.009191354223372805,median,robust_scaler,,,0.7994739639717848,0.02564011515426391,extra_trees_preproc_for_classification,False,gini,None,0.9894287030139614,None,0.0,20,19,0.0,100,,,,,,,,,,,,,,,,,,,,,,,,,,,,,,,,,,,,
113,none,adaboost,SAMME.R,0.08946303161034407,10,327,,,,,,,,,,,,,,,,,,,,,,,,,,,,,,,,,,,,,,,,,,,,,,,,,,,,,,,,,,,,,,,,,,,,,,,,,,,,,,,,,,,,,,,,,,,,,,,,,no_encoding,minority_coalescer,0.0003155746081471712,median,robust_scaler,,,0.8240450177565517,0.1925544445943527,extra_trees_preproc_for_classification,True,entropy,None,0.43559598813748057,None,0.0,11,8,0.0,100,,,,,,,,,,,,,,,,,,,,,,,,,,,,,,,,,,,,
115,weighting,mlp,,,,,,,,,,,,,,,,,,,,,,,,,,,,,,,,,,,,,,,,,,,,,,,,,,,,,,,,,,relu,0.00012170408031685526,auto,0.9,0.999,train,1e-08,3,0.0006298481802992846,32,110,True,adam,0.0001,,,,,,,,,,,,,,,,,,,,,,,,,,,,,,one_hot_encoding,minority_coalescer,0.010000000000000004,median,robust_scaler,,,0.7353475348585126,0.22565625596184022,no_preprocessing,,,,,,,,,,,,,,,,,,,,,,,,,,,,,,,,,,,,,,,,,,,,,,
116,none,passive_aggressive,,,,,,,,,,,,,,,,,,,,,,,,,,,,,,,,,,,,,,,,,,,,,,,,,,,,,,,,,,,,,,,,,,,,,,,,,,,0.14268277711454813,False,True,hinge,0.0002600768160857831,,,,,,,,,,,,,,,,,,,,,,no_encoding,minority_coalescer,0.0070580904199417415,most_frequent,none,,,,,no_preprocessing,,,,,,,,,,,,,,,,,,,,,,,,,,,,,,,,,,,,,,,,,,,,,,
122,none,adaboost,SAMME,0.03595635915747119,7,224,,,,,,,,,,,,,,,,,,,,,,,,,,,,,,,,,,,,,,,,,,,,,,,,,,,,,,,,,,,,,,,,,,,,,,,,,,,,,,,,,,,,,,,,,,,,,,,,,no_encoding,minority_coalescer,0.4662020962763587,median,normalize,,,,,no_preprocessing,,,,,,,,,,,,,,,,,,,,,,,,,,,,,,,,,,,,,,,,,,,,,,
124,weighting,random_forest,,,,,,,,,,,,,,,,,,,,,,,,,,,,,,,,,,,,,,,,,,,,,,,,,,,,,,,,,,,,,,,,,,,,,,,,,,,,,,,,,True,entropy,None,0.8660977483120597,None,0.0,4,12,0.0,,,,,,,,,,,,one_hot_encoding,minority_coalescer,0.0021956514639182435,most_frequent,none,,,,,polynomial,,,,,,,,,,,,,,,,,,,,,,,,,,,,,,,3,True,True,,,,,,,,,,,,,
127,none,adaboost,SAMME,0.15662588147958814,9,237,,,,,,,,,,,,,,,,,,,,,,,,,,,,,,,,,,,,,,,,,,,,,,,,,,,,,,,,,,,,,,,,,,,,,,,,,,,,,,,,,,,,,,,,,,,,,,,,,one_hot_encoding,minority_coalescer,0.0008853201805449778,mean,robust_scaler,,,0.9409309470223025,0.06671368712685202,select_rates_classification,,,,,,,,,,,,,,,,,,,,,,,,,,,,,,,,,,,,,,,,,,,0.2298386812528834,fwe,chi2,
132,weighting,random_forest,,,,,,,,,,,,,,,,,,,,,,,,,,,,,,,,,,,,,,,,,,,,,,,,,,,,,,,,,,,,,,,,,,,,,,,,,,,,,,,,,False,entropy,None,0.3489352944011411,None,0.0,4,12,0.0,,,,,,,,,,,,no_encoding,minority_coalescer,0.00395228760993545,median,standardize,,,,,polynomial,,,,,,,,,,,,,,,,,,,,,,,,,,,,,,,2,True,False,,,,,,,,,,,,,
135,weighting,k_nearest_neighbors,,,,,,,,,,,,,,,,,,,,,,,,,,,,,,,,,,,,1,2,distance,,,,,,,,,,,,,,,,,,,,,,,,,,,,,,,,,,,,,,,,,,,,,,,,,,,,,,,,,,,,,,,one_hot_encoding,minority_coalescer,0.008243785707699227,mean,quantile_transformer,1087,uniform,,,select_rates_classification,,,,,,,,,,,,,,,,,,,,,,,,,,,,,,,,,,,,,,,,,,,0.05264954987828372,fpr,chi2,
138,weighting,random_forest,,,,,,,,,,,,,,,,,,,,,,,,,,,,,,,,,,,,,,,,,,,,,,,,,,,,,,,,,,,,,,,,,,,,,,,,,,,,,,,,,True,entropy,None,0.5033822577030208,None,0.0,7,3,0.0,,,,,,,,,,,,no_encoding,minority_coalescer,0.0001983728091389101,median,quantile_transformer,1145,normal,,,polynomial,,,,,,,,,,,,,,,,,,,,,,,,,,,,,,,2,False,False,,,,,,,,,,,,,
141,weighting,passive_aggressive,,,,,,,,,,,,,,,,,,,,,,,,,,,,,,,,,,,,,,,,,,,,,,,,,,,,,,,,,,,,,,,,,,,,,,,,,,,0.017187907836990406,True,True,squared_hinge,0.08540031004625605,,,,,,,,,,,,,,,,,,,,,,one_hot_encoding,minority_coalescer,0.011467016720464563,mean,standardize,,,,,nystroem_sampler,,,,,,,,,,,,,,,,,,,,,,,,,,,,,cosine,1358,,,,,,,,,,,,,,,,
144,none,extra_trees,,,,,,,,,,,,,,,True,gini,None,0.37705188916038523,None,0.0,2,3,0.0,,,,,,,,,,,,,,,,,,,,,,,,,,,,,,,,,,,,,,,,,,,,,,,,,,,,,,,,,,,,,,,,,,,,,,,,,,,,,,no_encoding,no_coalescense,,mean,quantile_transformer,521,uniform,,,no_preprocessing,,,,,,,,,,,,,,,,,,,,,,,,,,,,,,,,,,,,,,,,,,,,,,
147,weighting,passive_aggressive,,,,,,,,,,,,,,,,,,,,,,,,,,,,,,,,,,,,,,,,,,,,,,,,,,,,,,,,,,,,,,,,,,,,,,,,,,,0.03159138036744556,True,True,squared_hinge,7.87551445487994e-05,,,,,,,,,,,,,,,,,,,,,,one_hot_encoding,minority_coalescer,0.3381300993420547,median,quantile_transformer,508,uniform,,,polynomial,,,,,,,,,,,,,,,,,,,,,,,,,,,,,,,3,False,True,,,,,,,,,,,,,
148,weighting,libsvm_svc,,,,,,,,,,,,,,,,,,,,,,,,,,,,,,,,,,,,,,,,,,,,,,,,,,3593.811258138785,,,0.11664314422387034,rbf,-1,True,2.895651706890745e-05,,,,,,,,,,,,,,,,,,,,,,,,,,,,,,,,,,,,,,,,,,,,no_encoding,no_coalescense,,median,standardize,,,,,random_trees_embedding,,,,,,,,,,,,,,,,,,,,,,,,,,,,,,,,,,True,8,None,11,20,1.0,49,,,,,,
149,none,random_forest,,,,,,,,,,,,,,,,,,,,,,,,,,,,,,,,,,,,,,,,,,,,,,,,,,,,,,,,,,,,,,,,,,,,,,,,,,,,,,,,,False,gini,None,0.7641523704567803,None,0.0,4,14,0.0,,,,,,,,,,,,one_hot_encoding,minority_coalescer,0.022487924630329944,most_frequent,quantile_transformer,113,normal,,,no_preprocessing,,,,,,,,,,,,,,,,,,,,,,,,,,,,,,,,,,,,,,,,,,,,,,
151,none,random_forest,,,,,,,,,,,,,,,,,,,,,,,,,,,,,,,,,,,,,,,,,,,,,,,,,,,,,,,,,,,,,,,,,,,,,,,,,,,,,,,,,False,entropy,None,0.01195816481794355,None,0.0,1,2,0.0,,,,,,,,,,,,one_hot_encoding,no_coalescense,,mean,robust_scaler,,,0.7998927130144702,0.25115684079620565,no_preprocessing,,,,,,,,,,,,,,,,,,,,,,,,,,,,,,,,,,,,,,,,,,,,,,
152,weighting,random_forest,,,,,,,,,,,,,,,,,,,,,,,,,,,,,,,,,,,,,,,,,,,,,,,,,,,,,,,,,,,,,,,,,,,,,,,,,,,,,,,,,True,gini,None,0.7577612406118596,None,0.0,16,9,0.0,,,,,,,,,,,,no_encoding,minority_coalescer,0.0001875789866699749,mean,quantile_transformer,1797,normal,,,random_trees_embedding,,,,,,,,,,,,,,,,,,,,,,,,,,,,,,,,,,False,4,None,9,14,1.0,41,,,,,,
154,weighting,random_forest,,,,,,,,,,,,,,,,,,,,,,,,,,,,,,,,,,,,,,,,,,,,,,,,,,,,,,,,,,,,,,,,,,,,,,,,,,,,,,,,,False,entropy,None,0.7323115919225983,None,0.0,15,6,0.0,,,,,,,,,,,,one_hot_encoding,minority_coalescer,0.011901034843417571,mean,robust_scaler,,,0.7818500358383581,0.20068746139723115,no_preprocessing,,,,,,,,,,,,,,,,,,,,,,,,,,,,,,,,,,,,,,,,,,,,,,
159,none,random_forest,,,,,,,,,,,,,,,,,,,,,,,,,,,,,,,,,,,,,,,,,,,,,,,,,,,,,,,,,,,,,,,,,,,,,,,,,,,,,,,,,False,gini,None,0.18761975391614794,None,0.0,2,16,0.0,,,,,,,,,,,,no_encoding,minority_coalescer,0.2384871116134215,median,standardize,,,,,random_trees_embedding,,,,,,,,,,,,,,,,,,,,,,,,,,,,,,,,,,True,10,None,16,18,1.0,30,,,,,,
160,none,adaboost,SAMME,0.42606653539188893,6,305,,,,,,,,,,,,,,,,,,,,,,,,,,,,,,,,,,,,,,,,,,,,,,,,,,,,,,,,,,,,,,,,,,,,,,,,,,,,,,,,,,,,,,,,,,,,,,,,,no_encoding,no_coalescense,,mean,quantile_transformer,1024,uniform,,,no_preprocessing,,,,,,,,,,,,,,,,,,,,,,,,,,,,,,,,,,,,,,,,,,,,,,
164,weighting,random_forest,,,,,,,,,,,,,,,,,,,,,,,,,,,,,,,,,,,,,,,,,,,,,,,,,,,,,,,,,,,,,,,,,,,,,,,,,,,,,,,,,False,entropy,None,0.46322799255049524,None,0.0,8,18,0.0,,,,,,,,,,,,no_encoding,minority_coalescer,0.010000000000000004,most_frequent,normalize,,,,,extra_trees_preproc_for_classification,False,gini,None,0.45038607081462806,None,0.0,1,20,0.0,100,,,,,,,,,,,,,,,,,,,,,,,,,,,,,,,,,,,,
168,none,decision_tree,,,,,,,entropy,1.8365096459339665,1.0,None,0.0,13,19,0.0,,,,,,,,,,,,,,,,,,,,,,,,,,,,,,,,,,,,,,,,,,,,,,,,,,,,,,,,,,,,,,,,,,,,,,,,,,,,,,,,,,,,,,,one_hot_encoding,minority_coalescer,0.19546069592995585,median,standardize,,,,,select_rates_classification,,,,,,,,,,,,,,,,,,,,,,,,,,,,,,,,,,,,,,,,,,,0.43890962151308843,fwe,chi2,
174,weighting,random_forest,,,,,,,,,,,,,,,,,,,,,,,,,,,,,,,,,,,,,,,,,,,,,,,,,,,,,,,,,,,,,,,,,,,,,,,,,,,,,,,,,False,entropy,None,0.8390317715938469,None,0.0,14,6,0.0,,,,,,,,,,,,one_hot_encoding,minority_coalescer,0.15465886171097135,mean,robust_scaler,,,0.7083522758919695,0.26017575741727234,select_percentile_classification,,,,,,,,,,,,,,,,,,,,,,,,,,,,,,,,,,,,,,,,,56.29604107917355,chi2,,,,
176,weighting,decision_tree,,,,,,,entropy,1.9982663898517918,1.0,None,0.0,13,20,0.0,,,,,,,,,,,,,,,,,,,,,,,,,,,,,,,,,,,,,,,,,,,,,,,,,,,,,,,,,,,,,,,,,,,,,,,,,,,,,,,,,,,,,,,no_encoding,no_coalescense,,median,robust_scaler,,,0.745955823875325,0.018805452151376446,extra_trees_preproc_for_classification,True,entropy,None,0.5947228812968997,None,0.0,2,3,0.0,100,,,,,,,,,,,,,,,,,,,,,,,,,,,,,,,,,,,,
178,weighting,random_forest,,,,,,,,,,,,,,,,,,,,,,,,,,,,,,,,,,,,,,,,,,,,,,,,,,,,,,,,,,,,,,,,,,,,,,,,,,,,,,,,,True,gini,None,0.7872409347469448,None,0.0,12,12,0.0,,,,,,,,,,,,no_encoding,no_coalescense,,median,none,,,,,polynomial,,,,,,,,,,,,,,,,,,,,,,,,,,,,,,,2,False,True,,,,,,,,,,,,,
180,weighting,random_forest,,,,,,,,,,,,,,,,,,,,,,,,,,,,,,,,,,,,,,,,,,,,,,,,,,,,,,,,,,,,,,,,,,,,,,,,,,,,,,,,,True,entropy,None,0.7219504454820612,None,0.0,20,19,0.0,,,,,,,,,,,,one_hot_encoding,minority_coalescer,0.49923919405364975,most_frequent,standardize,,,,,extra_trees_preproc_for_classification,True,gini,None,0.46733513445588815,None,0.0,11,3,0.0,100,,,,,,,,,,,,,,,,,,,,,,,,,,,,,,,,,,,,
183,none,random_forest,,,,,,,,,,,,,,,,,,,,,,,,,,,,,,,,,,,,,,,,,,,,,,,,,,,,,,,,,,,,,,,,,,,,,,,,,,,,,,,,,True,gini,None,0.5616761622733029,None,0.0,1,2,0.0,,,,,,,,,,,,no_encoding,no_coalescense,,median,quantile_transformer,1062,uniform,,,polynomial,,,,,,,,,,,,,,,,,,,,,,,,,,,,,,,3,True,False,,,,,,,,,,,,,
185,weighting,random_forest,,,,,,,,,,,,,,,,,,,,,,,,,,,,,,,,,,,,,,,,,,,,,,,,,,,,,,,,,,,,,,,,,,,,,,,,,,,,,,,,,True,gini,None,0.45465621103989234,None,0.0,1,11,0.0,,,,,,,,,,,,one_hot_encoding,minority_coalescer,0.07911652782837139,most_frequent,quantile_transformer,1269,uniform,,,extra_trees_preproc_for_classification,True,entropy,None,0.33694980523674034,None,0.0,6,7,0.0,100,,,,,,,,,,,,,,,,,,,,,,,,,,,,,,,,,,,,
187,weighting,extra_trees,,,,,,,,,,,,,,,True,gini,None,0.9605282725670466,None,0.0,5,10,0.0,,,,,,,,,,,,,,,,,,,,,,,,,,,,,,,,,,,,,,,,,,,,,,,,,,,,,,,,,,,,,,,,,,,,,,,,,,,,,,one_hot_encoding,no_coalescense,,median,standardize,,,,,polynomial,,,,,,,,,,,,,,,,,,,,,,,,,,,,,,,2,True,True,,,,,,,,,,,,,
192,weighting,extra_trees,,,,,,,,,,,,,,,False,gini,None,0.47411574742096596,None,0.0,2,5,0.0,,,,,,,,,,,,,,,,,,,,,,,,,,,,,,,,,,,,,,,,,,,,,,,,,,,,,,,,,,,,,,,,,,,,,,,,,,,,,,no_encoding,no_coalescense,,mean,standardize,,,,,no_preprocessing,,,,,,,,,,,,,,,,,,,,,,,,,,,,,,,,,,,,,,,,,,,,,,
194,none,mlp,,,,,,,,,,,,,,,,,,,,,,,,,,,,,,,,,,,,,,,,,,,,,,,,,,,,,,,,,,relu,0.0007738698208231442,auto,0.9,0.999,train,1e-08,1,0.0009387411021757215,32,256,True,adam,0.0001,,,,,,,,,,,,,,,,,,,,,,,,,,,,,,no_encoding,minority_coalescer,0.03441986028720735,mean,none,,,,,extra_trees_preproc_for_classification,True,entropy,None,0.37361797142891895,None,0.0,5,16,0.0,100,,,,,,,,,,,,,,,,,,,,,,,,,,,,,,,,,,,,
199,weighting,random_forest,,,,,,,,,,,,,,,,,,,,,,,,,,,,,,,,,,,,,,,,,,,,,,,,,,,,,,,,,,,,,,,,,,,,,,,,,,,,,,,,,False,entropy,None,0.41808321658160696,None,0.0,1,4,0.0,,,,,,,,,,,,no_encoding,minority_coalescer,0.011283688651384545,median,standardize,,,,,no_preprocessing,,,,,,,,,,,,,,,,,,,,,,,,,,,,,,,,,,,,,,,,,,,,,,
201,none,mlp,,,,,,,,,,,,,,,,,,,,,,,,,,,,,,,,,,,,,,,,,,,,,,,,,,,,,,,,,,tanh,0.059753367987928574,auto,0.9,0.999,valid,1e-08,3,0.0006793588271436622,32,33,True,adam,0.0001,0.1,,,,,,,,,,,,,,,,,,,,,,,,,,,,,one_hot_encoding,no_coalescense,,median,none,,,,,select_rates_classification,,,,,,,,,,,,,,,,,,,,,,,,,,,,,,,,,,,,,,,,,,,0.16991547016195885,,mutual_info_classif,
204,weighting,extra_trees,,,,,,,,,,,,,,,False,entropy,None,0.993803313878608,None,0.0,2,20,0.0,,,,,,,,,,,,,,,,,,,,,,,,,,,,,,,,,,,,,,,,,,,,,,,,,,,,,,,,,,,,,,,,,,,,,,,,,,,,,,no_encoding,minority_coalescer,0.41826215858914706,median,robust_scaler,,,0.7305615609807856,0.25595970768123566,polynomial,,,,,,,,,,,,,,,,,,,,,,,,,,,,,,,2,True,True,,,,,,,,,,,,,
208,weighting,random_forest,,,,,,,,,,,,,,,,,,,,,,,,,,,,,,,,,,,,,,,,,,,,,,,,,,,,,,,,,,,,,,,,,,,,,,,,,,,,,,,,,False,entropy,None,0.42052264554237356,None,0.0,1,9,0.0,,,,,,,,,,,,one_hot_encoding,no_coalescense,,mean,none,,,,,no_preprocessing,,,,,,,,,,,,,,,,,,,,,,,,,,,,,,,,,,,,,,,,,,,,,,
211,weighting,adaboost,SAMME,0.12105232715180604,6,75,,,,,,,,,,,,,,,,,,,,,,,,,,,,,,,,,,,,,,,,,,,,,,,,,,,,,,,,,,,,,,,,,,,,,,,,,,,,,,,,,,,,,,,,,,,,,,,,,no_encoding,no_coalescense,,most_frequent,quantile_transformer,1014,uniform,,,polynomial,,,,,,,,,,,,,,,,,,,,,,,,,,,,,,,2,True,False,,,,,,,,,,,,,
212,none,random_forest,,,,,,,,,,,,,,,,,,,,,,,,,,,,,,,,,,,,,,,,,,,,,,,,,,,,,,,,,,,,,,,,,,,,,,,,,,,,,,,,,True,entropy,None,0.9320250037721503,None,0.0,2,20,0.0,,,,,,,,,,,,no_encoding,no_coalescense,,mean,robust_scaler,,,0.7565639070186843,0.16036410777878235,no_preprocessing,,,,,,,,,,,,,,,,,,,,,,,,,,,,,,,,,,,,,,,,,,,,,,
216,none,adaboost,SAMME,0.9242234566349122,3,351,,,,,,,,,,,,,,,,,,,,,,,,,,,,,,,,,,,,,,,,,,,,,,,,,,,,,,,,,,,,,,,,,,,,,,,,,,,,,,,,,,,,,,,,,,,,,,,,,one_hot_encoding,minority_coalescer,0.02740857609138783,most_frequent,robust_scaler,,,0.8211798538457136,0.26374895579785895,extra_trees_preproc_for_classification,False,gini,None,0.7704192908101698,None,0.0,1,13,0.0,100,,,,,,,,,,,,,,,,,,,,,,,,,,,,,,,,,,,,
220,none,random_forest,,,,,,,,,,,,,,,,,,,,,,,,,,,,,,,,,,,,,,,,,,,,,,,,,,,,,,,,,,,,,,,,,,,,,,,,,,,,,,,,,False,gini,None,0.6649368582553353,None,0.0,4,17,0.0,,,,,,,,,,,,no_encoding,minority_coalescer,0.00019712907856598837,mean,standardize,,,,,liblinear_svc_preprocessor,,,,,,,,,,,,,,,,,,3.6369179553752464,False,True,1,squared_hinge,ovr,l1,0.032744806013857854,,,,,,,,,,,,,,,,,,,,,
224,none,random_forest,,,,,,,,,,,,,,,,,,,,,,,,,,,,,,,,,,,,,,,,,,,,,,,,,,,,,,,,,,,,,,,,,,,,,,,,,,,,,,,,,True,gini,None,0.48028182151964727,None,0.0,12,7,0.0,,,,,,,,,,,,no_encoding,minority_coalescer,0.08421739753857285,median,quantile_transformer,1552,normal,,,polynomial,,,,,,,,,,,,,,,,,,,,,,,,,,,,,,,2,True,True,,,,,,,,,,,,,
225,none,passive_aggressive,,,,,,,,,,,,,,,,,,,,,,,,,,,,,,,,,,,,,,,,,,,,,,,,,,,,,,,,,,,,,,,,,,,,,,,,,,,1.4863887130111564,True,True,hinge,1.018365934496501e-05,,,,,,,,,,,,,,,,,,,,,,no_encoding,minority_coalescer,0.010000000000000004,mean,standardize,,,,,kernel_pca,,,,,,,,,,,,,,cosine,193,,,,,,,,,,,,,,,,,,,,,,,,,,,,,,,
226,weighting,libsvm_svc,,,,,,,,,,,,,,,,,,,,,,,,,,,,,,,,,,,,,,,,,,,,,,,,,,12658.141397913074,-0.9363219780388214,,0.01537699204455116,sigmoid,-1,True,0.002945032824249309,,,,,,,,,,,,,,,,,,,,,,,,,,,,,,,,,,,,,,,,,,,,one_hot_encoding,minority_coalescer,0.010000000000000004,median,robust_scaler,,,0.751759920058951,0.24198666765288185,polynomial,,,,,,,,,,,,,,,,,,,,,,,,,,,,,,,2,True,False,,,,,,,,,,,,,
229,none,libsvm_svc,,,,,,,,,,,,,,,,,,,,,,,,,,,,,,,,,,,,,,,,,,,,,,,,,,16116.771742323255,0.6757594633052517,5,0.01290585966531588,poly,-1,True,0.0940705722403187,,,,,,,,,,,,,,,,,,,,,,,,,,,,,,,,,,,,,,,,,,,,one_hot_encoding,no_coalescense,,median,standardize,,,,,extra_trees_preproc_for_classification,False,gini,None,0.45607771959597393,None,0.0,2,6,0.0,100,,,,,,,,,,,,,,,,,,,,,,,,,,,,,,,,,,,,
231,weighting,bernoulli_nb,,,,,0.8716056914531038,True,,,,,,,,,,,,,,,,,,,,,,,,,,,,,,,,,,,,,,,,,,,,,,,,,,,,,,,,,,,,,,,,,,,,,,,,,,,,,,,,,,,,,,,,,,,,,,,one_hot_encoding,minority_coalescer,0.00013726134442649282,median,robust_scaler,,,0.856264088010484,0.1794906148830047,kernel_pca,,,,,,,,,,,-0.6502388150485785,3,3.187740005683576,poly,16,,,,,,,,,,,,,,,,,,,,,,,,,,,,,,,
234,weighting,libsvm_svc,,,,,,,,,,,,,,,,,,,,,,,,,,,,,,,,,,,,,,,,,,,,,,,,,,14547.641687966585,,,0.027760342173282767,rbf,-1,False,2.6344220036014925e-05,,,,,,,,,,,,,,,,,,,,,,,,,,,,,,,,,,,,,,,,,,,,one_hot_encoding,minority_coalescer,0.06462560332120959,median,none,,,,,no_preprocessing,,,,,,,,,,,,,,,,,,,,,,,,,,,,,,,,,,,,,,,,,,,,,,
237,none,random_forest,,,,,,,,,,,,,,,,,,,,,,,,,,,,,,,,,,,,,,,,,,,,,,,,,,,,,,,,,,,,,,,,,,,,,,,,,,,,,,,,,False,entropy,None,0.030028807186907702,None,0.0,9,13,0.0,,,,,,,,,,,,no_encoding,minority_coalescer,0.0005148298513362157,median,quantile_transformer,1871,uniform,,,select_rates_classification,,,,,,,,,,,,,,,,,,,,,,,,,,,,,,,,,,,,,,,,,,,0.3388440403567233,fwe,chi2,
238,none,random_forest,,,,,,,,,,,,,,,,,,,,,,,,,,,,,,,,,,,,,,,,,,,,,,,,,,,,,,,,,,,,,,,,,,,,,,,,,,,,,,,,,True,entropy,None,0.8735889172956016,None,0.0,13,15,0.0,,,,,,,,,,,,no_encoding,minority_coalescer,0.04870101308884634,median,standardize,,,,,extra_trees_preproc_for_classification,True,entropy,None,0.6520621513915238,None,0.0,13,16,0.0,100,,,,,,,,,,,,,,,,,,,,,,,,,,,,,,,,,,,,
242,none,random_forest,,,,,,,,,,,,,,,,,,,,,,,,,,,,,,,,,,,,,,,,,,,,,,,,,,,,,,,,,,,,,,,,,,,,,,,,,,,,,,,,,False,gini,None,0.15142631080044677,None,0.0,17,2,0.0,,,,,,,,,,,,no_encoding,minority_coalescer,0.011943149028388307,median,standardize,,,,,liblinear_svc_preprocessor,,,,,,,,,,,,,,,,,,0.1280221293936208,False,True,1,squared_hinge,ovr,l1,0.0019702641241474846,,,,,,,,,,,,,,,,,,,,,
245,none,random_forest,,,,,,,,,,,,,,,,,,,,,,,,,,,,,,,,,,,,,,,,,,,,,,,,,,,,,,,,,,,,,,,,,,,,,,,,,,,,,,,,,True,gini,None,0.4947140927426476,None,0.0,1,14,0.0,,,,,,,,,,,,one_hot_encoding,no_coalescense,,mean,standardize,,,,,polynomial,,,,,,,,,,,,,,,,,,,,,,,,,,,,,,,3,True,False,,,,,,,,,,,,,
247,none,random_forest,,,,,,,,,,,,,,,,,,,,,,,,,,,,,,,,,,,,,,,,,,,,,,,,,,,,,,,,,,,,,,,,,,,,,,,,,,,,,,,,,False,entropy,None,0.7050406942926213,None,0.0,16,3,0.0,,,,,,,,,,,,no_encoding,minority_coalescer,0.09887149418035997,most_frequent,standardize,,,,,liblinear_svc_preprocessor,,,,,,,,,,,,,,,,,,330.88642252464814,False,True,1,squared_hinge,ovr,l1,0.0014674791185603933,,,,,,,,,,,,,,,,,,,,,
250,weighting,random_forest,,,,,,,,,,,,,,,,,,,,,,,,,,,,,,,,,,,,,,,,,,,,,,,,,,,,,,,,,,,,,,,,,,,,,,,,,,,,,,,,,True,entropy,None,0.83810067462912,None,0.0,12,19,0.0,,,,,,,,,,,,one_hot_encoding,no_coalescense,,most_frequent,quantile_transformer,1605,uniform,,,select_percentile_classification,,,,,,,,,,,,,,,,,,,,,,,,,,,,,,,,,,,,,,,,,51.25255252560417,chi2,,,,
251,none,random_forest,,,,,,,,,,,,,,,,,,,,,,,,,,,,,,,,,,,,,,,,,,,,,,,,,,,,,,,,,,,,,,,,,,,,,,,,,,,,,,,,,False,entropy,None,0.2804205254391483,None,0.0,3,14,0.0,,,,,,,,,,,,one_hot_encoding,no_coalescense,,most_frequent,quantile_transformer,1872,normal,,,extra_trees_preproc_for_classification,True,gini,None,0.19853608827689675,None,0.0,18,19,0.0,100,,,,,,,,,,,,,,,,,,,,,,,,,,,,,,,,,,,,
254,none,passive_aggressive,,,,,,,,,,,,,,,,,,,,,,,,,,,,,,,,,,,,,,,,,,,,,,,,,,,,,,,,,,,,,,,,,,,,,,,,,,,7.7010341352146225,True,True,hinge,1.3493678968975033e-05,,,,,,,,,,,,,,,,,,,,,,no_encoding,no_coalescense,,median,none,,,,,extra_trees_preproc_for_classification,False,gini,None,0.9307010207343485,None,0.0,8,17,0.0,100,,,,,,,,,,,,,,,,,,,,,,,,,,,,,,,,,,,,
258,none,adaboost,SAMME.R,0.046269426995092074,3,406,,,,,,,,,,,,,,,,,,,,,,,,,,,,,,,,,,,,,,,,,,,,,,,,,,,,,,,,,,,,,,,,,,,,,,,,,,,,,,,,,,,,,,,,,,,,,,,,,one_hot_encoding,minority_coalescer,0.002102242030216922,mean,robust_scaler,,,0.7697572103377026,0.280953821785477,extra_trees_preproc_for_classification,False,entropy,None,0.40839846168190147,None,0.0,4,7,0.0,100,,,,,,,,,,,,,,,,,,,,,,,,,,,,,,,,,,,,
262,none,random_forest,,,,,,,,,,,,,,,,,,,,,,,,,,,,,,,,,,,,,,,,,,,,,,,,,,,,,,,,,,,,,,,,,,,,,,,,,,,,,,,,,True,gini,None,0.5461838984196814,None,0.0,2,3,0.0,,,,,,,,,,,,one_hot_encoding,no_coalescense,,median,none,,,,,extra_trees_preproc_for_classification,False,gini,None,0.6580365253936791,None,0.0,13,19,0.0,100,,,,,,,,,,,,,,,,,,,,,,,,,,,,,,,,,,,,
263,weighting,random_forest,,,,,,,,,,,,,,,,,,,,,,,,,,,,,,,,,,,,,,,,,,,,,,,,,,,,,,,,,,,,,,,,,,,,,,,,,,,,,,,,,True,entropy,None,0.7791518158801763,None,0.0,1,4,0.0,,,,,,,,,,,,no_encoding,minority_coalescer,0.12178168140241935,most_frequent,quantile_transformer,1097,uniform,,,polynomial,,,,,,,,,,,,,,,,,,,,,,,,,,,,,,,2,False,False,,,,,,,,,,,,,
267,none,passive_aggressive,,,,,,,,,,,,,,,,,,,,,,,,,,,,,,,,,,,,,,,,,,,,,,,,,,,,,,,,,,,,,,,,,,,,,,,,,,,0.007571468540566382,True,True,squared_hinge,0.008248871615918937,,,,,,,,,,,,,,,,,,,,,,no_encoding,minority_coalescer,0.48807588068826735,median,none,,,,,random_trees_embedding,,,,,,,,,,,,,,,,,,,,,,,,,,,,,,,,,,False,9,None,20,17,1.0,41,,,,,,
269,weighting,random_forest,,,,,,,,,,,,,,,,,,,,,,,,,,,,,,,,,,,,,,,,,,,,,,,,,,,,,,,,,,,,,,,,,,,,,,,,,,,,,,,,,True,gini,None,0.5401544933959419,None,0.0,1,5,0.0,,,,,,,,,,,,no_encoding,minority_coalescer,0.008906250448146205,median,robust_scaler,,,0.75,0.27113770022384837,no_preprocessing,,,,,,,,,,,,,,,,,,,,,,,,,,,,,,,,,,,,,,,,,,,,,,
271,none,liblinear_svc,,,,,,,,,,,,,,,,,,,,,,,,,,,,,,,,,,,,,,,,,,93.00200700741202,False,True,1,squared_hinge,ovr,l2,0.00019593338308590279,,,,,,,,,,,,,,,,,,,,,,,,,,,,,,,,,,,,,,,,,,,,,,,,,,,,one_hot_encoding,minority_coalescer,0.30277004466278445,most_frequent,standardize,,,,,polynomial,,,,,,,,,,,,,,,,,,,,,,,,,,,,,,,2,True,True,,,,,,,,,,,,,
273,weighting,sgd,,,,,,,,,,,,,,,,,,,,,,,,,,,,,,,,,,,,,,,,,,,,,,,,,,,,,,,,,,,,,,,,,,,,,,,,,,,,,,,,,,,,,,,,,,0.0018367485569817758,True,0.06935467259367672,3.0158489869733344e-07,True,,constant,modified_huber,l1,,5.2594585460405347e-05,one_hot_encoding,no_coalescense,,most_frequent,normalize,,,,,polynomial,,,,,,,,,,,,,,,,,,,,,,,,,,,,,,,3,True,True,,,,,,,,,,,,,
275,none,random_forest,,,,,,,,,,,,,,,,,,,,,,,,,,,,,,,,,,,,,,,,,,,,,,,,,,,,,,,,,,,,,,,,,,,,,,,,,,,,,,,,,False,gini,None,0.7944517773635977,None,0.0,7,6,0.0,,,,,,,,,,,,no_encoding,no_coalescense,,mean,robust_scaler,,,0.7741000076114704,0.294977258705519,extra_trees_preproc_for_classification,True,gini,None,0.5051201793724223,None,0.0,1,16,0.0,100,,,,,,,,,,,,,,,,,,,,,,,,,,,,,,,,,,,,
279,weighting,liblinear_svc,,,,,,,,,,,,,,,,,,,,,,,,,,,,,,,,,,,,,,,,,,0.08057574793946605,False,True,1,squared_hinge,ovr,l2,1.8637627528298484e-05,,,,,,,,,,,,,,,,,,,,,,,,,,,,,,,,,,,,,,,,,,,,,,,,,,,,one_hot_encoding,no_coalescense,,median,standardize,,,,,polynomial,,,,,,,,,,,,,,,,,,,,,,,,,,,,,,,3,True,False,,,,,,,,,,,,,
281,none,mlp,,,,,,,,,,,,,,,,,,,,,,,,,,,,,,,,,,,,,,,,,,,,,,,,,,,,,,,,,,tanh,4.751364121958191e-05,auto,0.9,0.999,valid,1e-08,1,0.0020104613513830046,32,67,True,adam,0.0001,0.1,,,,,,,,,,,,,,,,,,,,,,,,,,,,,one_hot_encoding,minority_coalescer,0.056299189679029436,mean,quantile_transformer,1467,normal,,,no_preprocessing,,,,,,,,,,,,,,,,,,,,,,,,,,,,,,,,,,,,,,,,,,,,,,
284,weighting,libsvm_svc,,,,,,,,,,,,,,,,,,,,,,,,,,,,,,,,,,,,,,,,,,,,,,,,,,181.96184687258582,,,1.8287341102334311,rbf,-1,True,0.013996997317851007,,,,,,,,,,,,,,,,,,,,,,,,,,,,,,,,,,,,,,,,,,,,no_encoding,no_coalescense,,most_frequent,robust_scaler,,,0.75,0.25,extra_trees_preproc_for_classification,False,gini,None,0.9476895445370578,None,0.0,19,8,0.0,100,,,,,,,,,,,,,,,,,,,,,,,,,,,,,,,,,,,,
286,none,random_forest,,,,,,,,,,,,,,,,,,,,,,,,,,,,,,,,,,,,,,,,,,,,,,,,,,,,,,,,,,,,,,,,,,,,,,,,,,,,,,,,,False,gini,None,0.5904439656959901,None,0.0,12,9,0.0,,,,,,,,,,,,no_encoding,no_coalescense,,median,none,,,,,polynomial,,,,,,,,,,,,,,,,,,,,,,,,,,,,,,,3,True,False,,,,,,,,,,,,,
292,none,random_forest,,,,,,,,,,,,,,,,,,,,,,,,,,,,,,,,,,,,,,,,,,,,,,,,,,,,,,,,,,,,,,,,,,,,,,,,,,,,,,,,,False,entropy,None,0.5867879567430101,None,0.0,3,3,0.0,,,,,,,,,,,,no_encoding,no_coalescense,,mean,robust_scaler,,,0.8046879445462963,0.24494475041977243,extra_trees_preproc_for_classification,False,gini,None,0.6963358690745287,None,0.0,20,19,0.0,100,,,,,,,,,,,,,,,,,,,,,,,,,,,,,,,,,,,,
294,weighting,extra_trees,,,,,,,,,,,,,,,True,gini,None,0.2623597419575764,None,0.0,2,2,0.0,,,,,,,,,,,,,,,,,,,,,,,,,,,,,,,,,,,,,,,,,,,,,,,,,,,,,,,,,,,,,,,,,,,,,,,,,,,,,,no_encoding,minority_coalescer,0.37751027285156147,median,robust_scaler,,,0.8431763429820786,0.22178293462764204,select_percentile_classification,,,,,,,,,,,,,,,,,,,,,,,,,,,,,,,,,,,,,,,,,77.85937519357465,chi2,,,,
297,weighting,lda,,,,,,,,,,,,,,,,,,,,,,,,,,,,,,,,,,,,,,,auto,,1.7454799930907547e-05,,,,,,,,,,,,,,,,,,,,,,,,,,,,,,,,,,,,,,,,,,,,,,,,,,,,,,,,,,,,one_hot_encoding,no_coalescense,,most_frequent,none,,,,,kernel_pca,,,,,,,,,,,,,,cosine,1415,,,,,,,,,,,,,,,,,,,,,,,,,,,,,,,
301,none,extra_trees,,,,,,,,,,,,,,,False,entropy,None,0.971348315581384,None,0.0,2,19,0.0,,,,,,,,,,,,,,,,,,,,,,,,,,,,,,,,,,,,,,,,,,,,,,,,,,,,,,,,,,,,,,,,,,,,,,,,,,,,,,one_hot_encoding,no_coalescense,,most_frequent,normalize,,,,,polynomial,,,,,,,,,,,,,,,,,,,,,,,,,,,,,,,2,False,False,,,,,,,,,,,,,
304,none,random_forest,,,,,,,,,,,,,,,,,,,,,,,,,,,,,,,,,,,,,,,,,,,,,,,,,,,,,,,,,,,,,,,,,,,,,,,,,,,,,,,,,False,gini,None,0.5073337637473023,None,0.0,1,2,0.0,,,,,,,,,,,,no_encoding,minority_coalescer,0.13437597370492937,mean,robust_scaler,,,0.7570096321117646,0.2350298456074532,no_preprocessing,,,,,,,,,,,,,,,,,,,,,,,,,,,,,,,,,,,,,,,,,,,,,,
308,weighting,random_forest,,,,,,,,,,,,,,,,,,,,,,,,,,,,,,,,,,,,,,,,,,,,,,,,,,,,,,,,,,,,,,,,,,,,,,,,,,,,,,,,,False,gini,None,0.3599659293525152,None,0.0,1,2,0.0,,,,,,,,,,,,no_encoding,minority_coalescer,0.03775993307531591,mean,quantile_transformer,860,uniform,,,extra_trees_preproc_for_classification,False,gini,None,0.9838496409910149,None,0.0,20,18,0.0,100,,,,,,,,,,,,,,,,,,,,,,,,,,,,,,,,,,,,
312,weighting,libsvm_svc,,,,,,,,,,,,,,,,,,,,,,,,,,,,,,,,,,,,,,,,,,,,,,,,,,1.1308405482878305,0.26844046438282,5,0.0035712374776192264,poly,-1,True,3.088007711136196e-05,,,,,,,,,,,,,,,,,,,,,,,,,,,,,,,,,,,,,,,,,,,,no_encoding,minority_coalescer,0.00010982119387206752,most_frequent,normalize,,,,,extra_trees_preproc_for_classification,False,entropy,None,0.2318583265364712,None,0.0,9,3,0.0,100,,,,,,,,,,,,,,,,,,,,,,,,,,,,,,,,,,,,
313,weighting,decision_tree,,,,,,,gini,1.6785057002915527,1.0,None,0.0,4,20,0.0,,,,,,,,,,,,,,,,,,,,,,,,,,,,,,,,,,,,,,,,,,,,,,,,,,,,,,,,,,,,,,,,,,,,,,,,,,,,,,,,,,,,,,,one_hot_encoding,no_coalescense,,mean,normalize,,,,,no_preprocessing,,,,,,,,,,,,,,,,,,,,,,,,,,,,,,,,,,,,,,,,,,,,,,
317,weighting,libsvm_svc,,,,,,,,,,,,,,,,,,,,,,,,,,,,,,,,,,,,,,,,,,,,,,,,,,13933.25185174103,0.012731404413972136,2,1.1724165915591906,poly,-1,True,0.005777609493157263,,,,,,,,,,,,,,,,,,,,,,,,,,,,,,,,,,,,,,,,,,,,one_hot_encoding,minority_coalescer,0.005360774611347842,most_frequent,standardize,,,,,extra_trees_preproc_for_classification,True,gini,None,0.18273392383839143,None,0.0,18,13,0.0,100,,,,,,,,,,,,,,,,,,,,,,,,,,,,,,,,,,,,
320,none,mlp,,,,,,,,,,,,,,,,,,,,,,,,,,,,,,,,,,,,,,,,,,,,,,,,,,,,,,,,,,tanh,2.5550223982458062e-06,auto,0.9,0.999,train,1e-08,3,0.00027271287919467994,32,54,True,adam,0.0001,,,,,,,,,,,,,,,,,,,,,,,,,,,,,,no_encoding,minority_coalescer,0.017116661677715188,mean,standardize,,,,,extra_trees_preproc_for_classification,False,entropy,None,0.7171678618990129,None,0.0,4,17,0.0,100,,,,,,,,,,,,,,,,,,,,,,,,,,,,,,,,,,,,
325,none,libsvm_svc,,,,,,,,,,,,,,,,,,,,,,,,,,,,,,,,,,,,,,,,,,,,,,,,,,1.171444369812126,,,0.016364556691954846,rbf,-1,True,1.2474972913820311e-05,,,,,,,,,,,,,,,,,,,,,,,,,,,,,,,,,,,,,,,,,,,,no_encoding,no_coalescense,,median,none,,,,,no_preprocessing,,,,,,,,,,,,,,,,,,,,,,,,,,,,,,,,,,,,,,,,,,,,,,
327,weighting,liblinear_svc,,,,,,,,,,,,,,,,,,,,,,,,,,,,,,,,,,,,,,,,,,999.897948630207,False,True,1,squared_hinge,ovr,l2,7.067903490334549e-05,,,,,,,,,,,,,,,,,,,,,,,,,,,,,,,,,,,,,,,,,,,,,,,,,,,,one_hot_encoding,no_coalescense,,most_frequent,robust_scaler,,,0.8031641753134632,0.2755613890217945,polynomial,,,,,,,,,,,,,,,,,,,,,,,,,,,,,,,2,True,True,,,,,,,,,,,,,
330,weighting,random_forest,,,,,,,,,,,,,,,,,,,,,,,,,,,,,,,,,,,,,,,,,,,,,,,,,,,,,,,,,,,,,,,,,,,,,,,,,,,,,,,,,True,entropy,None,0.7307347855491969,None,0.0,15,13,0.0,,,,,,,,,,,,no_encoding,no_coalescense,,mean,quantile_transformer,1013,normal,,,polynomial,,,,,,,,,,,,,,,,,,,,,,,,,,,,,,,2,True,False,,,,,,,,,,,,,
332,none,random_forest,,,,,,,,,,,,,,,,,,,,,,,,,,,,,,,,,,,,,,,,,,,,,,,,,,,,,,,,,,,,,,,,,,,,,,,,,,,,,,,,,True,entropy,None,0.5319279651296486,None,0.0,1,2,0.0,,,,,,,,,,,,one_hot_encoding,minority_coalescer,0.0009445084949959906,mean,robust_scaler,,,0.8456836121889323,0.2681800185380907,no_preprocessing,,,,,,,,,,,,,,,,,,,,,,,,,,,,,,,,,,,,,,,,,,,,,,
336,none,adaboost,SAMME,0.2121676356441419,6,478,,,,,,,,,,,,,,,,,,,,,,,,,,,,,,,,,,,,,,,,,,,,,,,,,,,,,,,,,,,,,,,,,,,,,,,,,,,,,,,,,,,,,,,,,,,,,,,,,no_encoding,minority_coalescer,0.015372351200401561,most_frequent,normalize,,,,,no_preprocessing,,,,,,,,,,,,,,,,,,,,,,,,,,,,,,,,,,,,,,,,,,,,,,
338,weighting,mlp,,,,,,,,,,,,,,,,,,,,,,,,,,,,,,,,,,,,,,,,,,,,,,,,,,,,,,,,,,tanh,0.0009818527868947899,auto,0.9,0.999,train,1e-08,1,0.00010854123591385719,32,129,True,adam,0.0001,,,,,,,,,,,,,,,,,,,,,,,,,,,,,,no_encoding,no_coalescense,,mean,standardize,,,,,polynomial,,,,,,,,,,,,,,,,,,,,,,,,,,,,,,,3,False,False,,,,,,,,,,,,,
341,none,random_forest,,,,,,,,,,,,,,,,,,,,,,,,,,,,,,,,,,,,,,,,,,,,,,,,,,,,,,,,,,,,,,,,,,,,,,,,,,,,,,,,,True,gini,None,0.4638266302540845,None,0.0,13,2,0.0,,,,,,,,,,,,one_hot_encoding,no_coalescense,,mean,robust_scaler,,,0.7502086948774511,0.26269841891756573,no_preprocessing,,,,,,,,,,,,,,,,,,,,,,,,,,,,,,,,,,,,,,,,,,,,,,
344,weighting,random_forest,,,,,,,,,,,,,,,,,,,,,,,,,,,,,,,,,,,,,,,,,,,,,,,,,,,,,,,,,,,,,,,,,,,,,,,,,,,,,,,,,True,gini,None,0.43999367631975456,None,0.0,2,2,0.0,,,,,,,,,,,,no_encoding,no_coalescense,,most_frequent,standardize,,,,,extra_trees_preproc_for_classification,True,entropy,None,0.8134515743047006,None,0.0,9,20,0.0,100,,,,,,,,,,,,,,,,,,,,,,,,,,,,,,,,,,,,
347,none,libsvm_svc,,,,,,,,,,,,,,,,,,,,,,,,,,,,,,,,,,,,,,,,,,,,,,,,,,0.03824826264936938,-0.6599256347903437,3,0.23791314590895415,poly,-1,False,0.00013202690763140443,,,,,,,,,,,,,,,,,,,,,,,,,,,,,,,,,,,,,,,,,,,,one_hot_encoding,minority_coalescer,0.10668417874438474,mean,none,,,,,select_rates_classification,,,,,,,,,,,,,,,,,,,,,,,,,,,,,,,,,,,,,,,,,,,0.029381354102094012,fpr,chi2,
348,weighting,libsvm_svc,,,,,,,,,,,,,,,,,,,,,,,,,,,,,,,,,,,,,,,,,,,,,,,,,,53.02940476309046,,,4.620513273666799,rbf,-1,False,0.00011927832467251196,,,,,,,,,,,,,,,,,,,,,,,,,,,,,,,,,,,,,,,,,,,,no_encoding,minority_coalescer,0.015358530613873636,mean,normalize,,,,,no_preprocessing,,,,,,,,,,,,,,,,,,,,,,,,,,,,,,,,,,,,,,,,,,,,,,
352,weighting,k_nearest_neighbors,,,,,,,,,,,,,,,,,,,,,,,,,,,,,,,,,,,,1,1,distance,,,,,,,,,,,,,,,,,,,,,,,,,,,,,,,,,,,,,,,,,,,,,,,,,,,,,,,,,,,,,,,one_hot_encoding,minority_coalescer,0.010000000000000004,mean,robust_scaler,,,0.7379605755244315,0.22213964556439722,no_preprocessing,,,,,,,,,,,,,,,,,,,,,,,,,,,,,,,,,,,,,,,,,,,,,,
355,none,passive_aggressive,,,,,,,,,,,,,,,,,,,,,,,,,,,,,,,,,,,,,,,,,,,,,,,,,,,,,,,,,,,,,,,,,,,,,,,,,,,2.9583040834150597e-05,False,True,squared_hinge,0.00014689422976194423,,,,,,,,,,,,,,,,,,,,,,no_encoding,minority_coalescer,0.10808079915602442,median,quantile_transformer,734,uniform,,,extra_trees_preproc_for_classification,True,gini,None,0.5325788666290703,None,0.0,1,10,0.0,100,,,,,,,,,,,,,,,,,,,,,,,,,,,,,,,,,,,,
360,none,adaboost,SAMME,0.13167493237005792,2,56,,,,,,,,,,,,,,,,,,,,,,,,,,,,,,,,,,,,,,,,,,,,,,,,,,,,,,,,,,,,,,,,,,,,,,,,,,,,,,,,,,,,,,,,,,,,,,,,,one_hot_encoding,minority_coalescer,0.05897357701860171,mean,normalize,,,,,polynomial,,,,,,,,,,,,,,,,,,,,,,,,,,,,,,,3,False,False,,,,,,,,,,,,,
362,none,random_forest,,,,,,,,,,,,,,,,,,,,,,,,,,,,,,,,,,,,,,,,,,,,,,,,,,,,,,,,,,,,,,,,,,,,,,,,,,,,,,,,,False,entropy,None,0.989938281123279,None,0.0,1,4,0.0,,,,,,,,,,,,one_hot_encoding,minority_coalescer,0.024074640640731084,most_frequent,quantile_transformer,1042,uniform,,,extra_trees_preproc_for_classification,True,gini,None,0.451059565562536,None,0.0,19,6,0.0,100,,,,,,,,,,,,,,,,,,,,,,,,,,,,,,,,,,,,
365,none,passive_aggressive,,,,,,,,,,,,,,,,,,,,,,,,,,,,,,,,,,,,,,,,,,,,,,,,,,,,,,,,,,,,,,,,,,,,,,,,,,,0.14268277711454813,False,True,hinge,0.0002600768160857831,,,,,,,,,,,,,,,,,,,,,,no_encoding,minority_coalescer,0.0070580904199417415,most_frequent,none,,,,,no_preprocessing,,,,,,,,,,,,,,,,,,,,,,,,,,,,,,,,,,,,,,,,,,,,,,
366,weighting,random_forest,,,,,,,,,,,,,,,,,,,,,,,,,,,,,,,,,,,,,,,,,,,,,,,,,,,,,,,,,,,,,,,,,,,,,,,,,,,,,,,,,True,entropy,None,0.8807261073478142,None,0.0,4,2,0.0,,,,,,,,,,,,one_hot_encoding,no_coalescense,,mean,standardize,,,,,polynomial,,,,,,,,,,,,,,,,,,,,,,,,,,,,,,,3,False,False,,,,,,,,,,,,,
370,weighting,mlp,,,,,,,,,,,,,,,,,,,,,,,,,,,,,,,,,,,,,,,,,,,,,,,,,,,,,,,,,,relu,0.003989533567739603,auto,0.9,0.999,valid,1e-08,2,0.0009934511776384044,32,264,True,adam,0.0001,0.1,,,,,,,,,,,,,,,,,,,,,,,,,,,,,one_hot_encoding,no_coalescense,,most_frequent,standardize,,,,,extra_trees_preproc_for_classification,False,gini,None,0.683499980815128,None,0.0,1,16,0.0,100,,,,,,,,,,,,,,,,,,,,,,,,,,,,,,,,,,,,
373,weighting,random_forest,,,,,,,,,,,,,,,,,,,,,,,,,,,,,,,,,,,,,,,,,,,,,,,,,,,,,,,,,,,,,,,,,,,,,,,,,,,,,,,,,True,entropy,None,0.4775492074518431,None,0.0,2,2,0.0,,,,,,,,,,,,no_encoding,minority_coalescer,0.015996368052062886,most_frequent,robust_scaler,,,0.7845396961078424,0.25545052141264185,extra_trees_preproc_for_classification,False,entropy,None,0.5662900693317384,None,0.0,1,7,0.0,100,,,,,,,,,,,,,,,,,,,,,,,,,,,,,,,,,,,,
376,none,liblinear_svc,,,,,,,,,,,,,,,,,,,,,,,,,,,,,,,,,,,,,,,,,,6.395900616857626,False,True,1,squared_hinge,ovr,l2,0.00016419370701353068,,,,,,,,,,,,,,,,,,,,,,,,,,,,,,,,,,,,,,,,,,,,,,,,,,,,no_encoding,no_coalescense,,median,quantile_transformer,431,normal,,,select_percentile_classification,,,,,,,,,,,,,,,,,,,,,,,,,,,,,,,,,,,,,,,,,80.9663133881143,chi2,,,,
381,none,random_forest,,,,,,,,,,,,,,,,,,,,,,,,,,,,,,,,,,,,,,,,,,,,,,,,,,,,,,,,,,,,,,,,,,,,,,,,,,,,,,,,,False,gini,None,0.5830626115596406,None,0.0,2,5,0.0,,,,,,,,,,,,one_hot_encoding,no_coalescense,,mean,normalize,,,,,polynomial,,,,,,,,,,,,,,,,,,,,,,,,,,,,,,,2,True,True,,,,,,,,,,,,,
382,weighting,adaboost,SAMME.R,1.6688109614227489,5,377,,,,,,,,,,,,,,,,,,,,,,,,,,,,,,,,,,,,,,,,,,,,,,,,,,,,,,,,,,,,,,,,,,,,,,,,,,,,,,,,,,,,,,,,,,,,,,,,,one_hot_encoding,minority_coalescer,0.015643384767446557,median,normalize,,,,,no_preprocessing,,,,,,,,,,,,,,,,,,,,,,,,,,,,,,,,,,,,,,,,,,,,,,
385,none,extra_trees,,,,,,,,,,,,,,,False,gini,None,0.5707983257382487,None,0.0,3,11,0.0,,,,,,,,,,,,,,,,,,,,,,,,,,,,,,,,,,,,,,,,,,,,,,,,,,,,,,,,,,,,,,,,,,,,,,,,,,,,,,one_hot_encoding,no_coalescense,,median,none,,,,,polynomial,,,,,,,,,,,,,,,,,,,,,,,,,,,,,,,2,False,False,,,,,,,,,,,,,
386,weighting,random_forest,,,,,,,,,,,,,,,,,,,,,,,,,,,,,,,,,,,,,,,,,,,,,,,,,,,,,,,,,,,,,,,,,,,,,,,,,,,,,,,,,True,entropy,None,0.4150032773862075,None,0.0,1,10,0.0,,,,,,,,,,,,no_encoding,minority_coalescer,0.013915418101289986,mean,robust_scaler,,,0.7550382509582769,0.25,no_preprocessing,,,,,,,,,,,,,,,,,,,,,,,,,,,,,,,,,,,,,,,,,,,,,,
388,weighting,random_forest,,,,,,,,,,,,,,,,,,,,,,,,,,,,,,,,,,,,,,,,,,,,,,,,,,,,,,,,,,,,,,,,,,,,,,,,,,,,,,,,,True,entropy,None,0.24590381838468642,None,0.0,1,4,0.0,,,,,,,,,,,,one_hot_encoding,minority_coalescer,0.004432453636410295,mean,robust_scaler,,,0.7319684594837212,0.2514402774284648,no_preprocessing,,,,,,,,,,,,,,,,,,,,,,,,,,,,,,,,,,,,,,,,,,,,,,
393,none,random_forest,,,,,,,,,,,,,,,,,,,,,,,,,,,,,,,,,,,,,,,,,,,,,,,,,,,,,,,,,,,,,,,,,,,,,,,,,,,,,,,,,False,entropy,None,0.7708651296941559,None,0.0,13,2,0.0,,,,,,,,,,,,no_encoding,no_coalescense,,most_frequent,quantile_transformer,931,normal,,,no_preprocessing,,,,,,,,,,,,,,,,,,,,,,,,,,,,,,,,,,,,,,,,,,,,,,
395,none,random_forest,,,,,,,,,,,,,,,,,,,,,,,,,,,,,,,,,,,,,,,,,,,,,,,,,,,,,,,,,,,,,,,,,,,,,,,,,,,,,,,,,False,entropy,None,0.22112930968695715,None,0.0,1,4,0.0,,,,,,,,,,,,one_hot_encoding,minority_coalescer,0.010000000000000004,most_frequent,none,,,,,polynomial,,,,,,,,,,,,,,,,,,,,,,,,,,,,,,,2,True,True,,,,,,,,,,,,,
399,none,random_forest,,,,,,,,,,,,,,,,,,,,,,,,,,,,,,,,,,,,,,,,,,,,,,,,,,,,,,,,,,,,,,,,,,,,,,,,,,,,,,,,,True,entropy,None,0.6976424185900101,None,0.0,1,8,0.0,,,,,,,,,,,,no_encoding,minority_coalescer,0.004856554427132351,mean,robust_scaler,,,0.8257225061042,0.23020933023430906,no_preprocessing,,,,,,,,,,,,,,,,,,,,,,,,,,,,,,,,,,,,,,,,,,,,,,
400,none,random_forest,,,,,,,,,,,,,,,,,,,,,,,,,,,,,,,,,,,,,,,,,,,,,,,,,,,,,,,,,,,,,,,,,,,,,,,,,,,,,,,,,True,gini,None,0.3176608454246288,None,0.0,1,2,0.0,,,,,,,,,,,,one_hot_encoding,minority_coalescer,0.010000000000000004,most_frequent,standardize,,,,,polynomial,,,,,,,,,,,,,,,,,,,,,,,,,,,,,,,2,True,True,,,,,,,,,,,,,
401,none,random_forest,,,,,,,,,,,,,,,,,,,,,,,,,,,,,,,,,,,,,,,,,,,,,,,,,,,,,,,,,,,,,,,,,,,,,,,,,,,,,,,,,True,entropy,None,0.4523878087284705,None,0.0,1,5,0.0,,,,,,,,,,,,no_encoding,no_coalescense,,most_frequent,none,,,,,polynomial,,,,,,,,,,,,,,,,,,,,,,,,,,,,,,,2,False,False,,,,,,,,,,,,,
403,weighting,random_forest,,,,,,,,,,,,,,,,,,,,,,,,,,,,,,,,,,,,,,,,,,,,,,,,,,,,,,,,,,,,,,,,,,,,,,,,,,,,,,,,,True,entropy,None,0.7032725132170787,None,0.0,1,9,0.0,,,,,,,,,,,,one_hot_encoding,minority_coalescer,0.010000000000000004,median,none,,,,,no_preprocessing,,,,,,,,,,,,,,,,,,,,,,,,,,,,,,,,,,,,,,,,,,,,,,
406,none,sgd,,,,,,,,,,,,,,,,,,,,,,,,,,,,,,,,,,,,,,,,,,,,,,,,,,,,,,,,,,,,,,,,,,,,,,,,,,,,,,,,,,,,,,,,,,0.0007605879915307336,True,,6.976197433930478e-05,True,0.0010502021360724732,invscaling,hinge,elasticnet,0.20958610437983533,0.0014032607809664583,one_hot_encoding,no_coalescense,,mean,robust_scaler,,,0.7418742600571084,0.2716095617388226,no_preprocessing,,,,,,,,,,,,,,,,,,,,,,,,,,,,,,,,,,,,,,,,,,,,,,
408,weighting,random_forest,,,,,,,,,,,,,,,,,,,,,,,,,,,,,,,,,,,,,,,,,,,,,,,,,,,,,,,,,,,,,,,,,,,,,,,,,,,,,,,,,False,entropy,None,0.7822948152854257,None,0.0,1,2,0.0,,,,,,,,,,,,no_encoding,minority_coalescer,0.010000000000000004,median,none,,,,,no_preprocessing,,,,,,,,,,,,,,,,,,,,,,,,,,,,,,,,,,,,,,,,,,,,,,
413,weighting,libsvm_svc,,,,,,,,,,,,,,,,,,,,,,,,,,,,,,,,,,,,,,,,,,,,,,,,,,8080.458417414794,0.5489897627168379,2,7.342258215039525,poly,-1,False,0.011885961337624167,,,,,,,,,,,,,,,,,,,,,,,,,,,,,,,,,,,,,,,,,,,,one_hot_encoding,minority_coalescer,0.0032819313080136784,median,standardize,,,,,extra_trees_preproc_for_classification,False,gini,None,0.49040623535977396,None,0.0,2,5,0.0,100,,,,,,,,,,,,,,,,,,,,,,,,,,,,,,,,,,,,
415,weighting,extra_trees,,,,,,,,,,,,,,,False,gini,None,0.9989920710051853,None,0.0,18,18,0.0,,,,,,,,,,,,,,,,,,,,,,,,,,,,,,,,,,,,,,,,,,,,,,,,,,,,,,,,,,,,,,,,,,,,,,,,,,,,,,no_encoding,minority_coalescer,0.014469280324408279,most_frequent,robust_scaler,,,0.9494866992772018,0.25376573084581294,polynomial,,,,,,,,,,,,,,,,,,,,,,,,,,,,,,,3,False,False,,,,,,,,,,,,,
419,none,random_forest,,,,,,,,,,,,,,,,,,,,,,,,,,,,,,,,,,,,,,,,,,,,,,,,,,,,,,,,,,,,,,,,,,,,,,,,,,,,,,,,,False,gini,None,0.515837651073256,None,0.0,6,13,0.0,,,,,,,,,,,,one_hot_encoding,minority_coalescer,0.00018836037942415805,mean,robust_scaler,,,0.9305545702956928,0.13511300699991388,extra_trees_preproc_for_classification,True,entropy,None,0.6517778324572666,None,0.0,5,12,0.0,100,,,,,,,,,,,,,,,,,,,,,,,,,,,,,,,,,,,,
420,weighting,extra_trees,,,,,,,,,,,,,,,False,entropy,None,0.9586012384536249,None,0.0,8,9,0.0,,,,,,,,,,,,,,,,,,,,,,,,,,,,,,,,,,,,,,,,,,,,,,,,,,,,,,,,,,,,,,,,,,,,,,,,,,,,,,one_hot_encoding,minority_coalescer,0.004914516843602539,most_frequent,standardize,,,,,no_preprocessing,,,,,,,,,,,,,,,,,,,,,,,,,,,,,,,,,,,,,,,,,,,,,,
423,weighting,random_forest,,,,,,,,,,,,,,,,,,,,,,,,,,,,,,,,,,,,,,,,,,,,,,,,,,,,,,,,,,,,,,,,,,,,,,,,,,,,,,,,,True,entropy,None,0.5639718864944128,None,0.0,2,6,0.0,,,,,,,,,,,,one_hot_encoding,minority_coalescer,0.008156449166107223,median,quantile_transformer,1051,uniform,,,extra_trees_preproc_for_classification,False,gini,None,0.8940381629166899,None,0.0,20,10,0.0,100,,,,,,,,,,,,,,,,,,,,,,,,,,,,,,,,,,,,
426,none,random_forest,,,,,,,,,,,,,,,,,,,,,,,,,,,,,,,,,,,,,,,,,,,,,,,,,,,,,,,,,,,,,,,,,,,,,,,,,,,,,,,,,True,entropy,None,0.5,None,0.0,2,2,0.0,,,,,,,,,,,,no_encoding,no_coalescense,,most_frequent,robust_scaler,,,0.8602368355583964,0.09426209765350033,extra_trees_preproc_for_classification,False,entropy,None,0.5295857379934212,None,0.0,1,15,0.0,100,,,,,,,,,,,,,,,,,,,,,,,,,,,,,,,,,,,,
431,weighting,random_forest,,,,,,,,,,,,,,,,,,,,,,,,,,,,,,,,,,,,,,,,,,,,,,,,,,,,,,,,,,,,,,,,,,,,,,,,,,,,,,,,,False,gini,None,0.23832696118792362,None,0.0,1,16,0.0,,,,,,,,,,,,no_encoding,minority_coalescer,0.035949803138524174,mean,robust_scaler,,,0.7356350569414665,0.2902106911441806,select_rates_classification,,,,,,,,,,,,,,,,,,,,,,,,,,,,,,,,,,,,,,,,,,,0.3610975428987517,,mutual_info_classif,
433,weighting,mlp,,,,,,,,,,,,,,,,,,,,,,,,,,,,,,,,,,,,,,,,,,,,,,,,,,,,,,,,,,tanh,0.00020414887559756174,auto,0.9,0.999,train,1e-08,2,0.0006831060185857778,32,241,True,adam,0.0001,,,,,,,,,,,,,,,,,,,,,,,,,,,,,,one_hot_encoding,minority_coalescer,0.0031375741762951154,most_frequent,standardize,,,,,polynomial,,,,,,,,,,,,,,,,,,,,,,,,,,,,,,,3,True,True,,,,,,,,,,,,,
435,none,random_forest,,,,,,,,,,,,,,,,,,,,,,,,,,,,,,,,,,,,,,,,,,,,,,,,,,,,,,,,,,,,,,,,,,,,,,,,,,,,,,,,,True,entropy,None,0.5,None,0.0,1,2,0.0,,,,,,,,,,,,no_encoding,no_coalescense,,median,quantile_transformer,937,uniform,,,random_trees_embedding,,,,,,,,,,,,,,,,,,,,,,,,,,,,,,,,,,True,5,None,1,2,1.0,10,,,,,,
437,weighting,random_forest,,,,,,,,,,,,,,,,,,,,,,,,,,,,,,,,,,,,,,,,,,,,,,,,,,,,,,,,,,,,,,,,,,,,,,,,,,,,,,,,,False,entropy,None,0.4977979323221667,None,0.0,1,4,0.0,,,,,,,,,,,,no_encoding,no_coalescense,,mean,none,,,,,polynomial,,,,,,,,,,,,,,,,,,,,,,,,,,,,,,,2,False,False,,,,,,,,,,,,,
442,weighting,extra_trees,,,,,,,,,,,,,,,True,entropy,None,0.9990114591467005,None,0.0,3,3,0.0,,,,,,,,,,,,,,,,,,,,,,,,,,,,,,,,,,,,,,,,,,,,,,,,,,,,,,,,,,,,,,,,,,,,,,,,,,,,,,one_hot_encoding,minority_coalescer,0.04665919252516574,mean,normalize,,,,,extra_trees_preproc_for_classification,False,entropy,None,0.6679542814383976,None,0.0,19,20,0.0,100,,,,,,,,,,,,,,,,,,,,,,,,,,,,,,,,,,,,
446,none,passive_aggressive,,,,,,,,,,,,,,,,,,,,,,,,,,,,,,,,,,,,,,,,,,,,,,,,,,,,,,,,,,,,,,,,,,,,,,,,,,,0.03553331178958066,True,True,squared_hinge,0.028130479042643267,,,,,,,,,,,,,,,,,,,,,,one_hot_encoding,no_coalescense,,mean,quantile_transformer,1757,uniform,,,polynomial,,,,,,,,,,,,,,,,,,,,,,,,,,,,,,,2,True,False,,,,,,,,,,,,,
449,none,adaboost,SAMME,0.025032327219520423,6,124,,,,,,,,,,,,,,,,,,,,,,,,,,,,,,,,,,,,,,,,,,,,,,,,,,,,,,,,,,,,,,,,,,,,,,,,,,,,,,,,,,,,,,,,,,,,,,,,,no_encoding,no_coalescense,,most_frequent,quantile_transformer,950,normal,,,polynomial,,,,,,,,,,,,,,,,,,,,,,,,,,,,,,,2,True,False,,,,,,,,,,,,,
451,none,mlp,,,,,,,,,,,,,,,,,,,,,,,,,,,,,,,,,,,,,,,,,,,,,,,,,,,,,,,,,,tanh,9.321704997999201e-06,auto,0.9,0.999,train,1e-08,3,0.00010151297940670048,32,155,True,adam,0.0001,,,,,,,,,,,,,,,,,,,,,,,,,,,,,,no_encoding,no_coalescense,,most_frequent,none,,,,,no_preprocessing,,,,,,,,,,,,,,,,,,,,,,,,,,,,,,,,,,,,,,,,,,,,,,
454,weighting,random_forest,,,,,,,,,,,,,,,,,,,,,,,,,,,,,,,,,,,,,,,,,,,,,,,,,,,,,,,,,,,,,,,,,,,,,,,,,,,,,,,,,False,entropy,None,0.5,None,0.0,1,2,0.0,,,,,,,,,,,,one_hot_encoding,minority_coalescer,0.010000000000000004,median,quantile_transformer,967,uniform,,,no_preprocessing,,,,,,,,,,,,,,,,,,,,,,,,,,,,,,,,,,,,,,,,,,,,,,
458,none,random_forest,,,,,,,,,,,,,,,,,,,,,,,,,,,,,,,,,,,,,,,,,,,,,,,,,,,,,,,,,,,,,,,,,,,,,,,,,,,,,,,,,False,entropy,None,0.8829219054291442,None,0.0,7,8,0.0,,,,,,,,,,,,no_encoding,no_coalescense,,mean,none,,,,,polynomial,,,,,,,,,,,,,,,,,,,,,,,,,,,,,,,3,False,False,,,,,,,,,,,,,
460,none,decision_tree,,,,,,,gini,1.2015453171863701,1.0,None,0.0,5,16,0.0,,,,,,,,,,,,,,,,,,,,,,,,,,,,,,,,,,,,,,,,,,,,,,,,,,,,,,,,,,,,,,,,,,,,,,,,,,,,,,,,,,,,,,,no_encoding,minority_coalescer,0.00031184072865501677,most_frequent,none,,,,,select_rates_classification,,,,,,,,,,,,,,,,,,,,,,,,,,,,,,,,,,,,,,,,,,,0.37978231931982154,fdr,chi2,
463,weighting,passive_aggressive,,,,,,,,,,,,,,,,,,,,,,,,,,,,,,,,,,,,,,,,,,,,,,,,,,,,,,,,,,,,,,,,,,,,,,,,,,,0.14833233294431605,True,True,squared_hinge,0.00016482166646253793,,,,,,,,,,,,,,,,,,,,,,no_encoding,minority_coalescer,0.20722745113476584,most_frequent,robust_scaler,,,0.9201445143882738,0.011024052631694491,kitchen_sinks,,,,,,,,,,,,,,,,0.00013628193307668312,148,,,,,,,,,,,,,,,,,,,,,,,,,,,,,
467,weighting,extra_trees,,,,,,,,,,,,,,,False,gini,None,0.6366103480947918,None,0.0,1,2,0.0,,,,,,,,,,,,,,,,,,,,,,,,,,,,,,,,,,,,,,,,,,,,,,,,,,,,,,,,,,,,,,,,,,,,,,,,,,,,,,no_encoding,no_coalescense,,median,robust_scaler,,,0.7043060551256404,0.2598803216804252,liblinear_svc_preprocessor,,,,,,,,,,,,,,,,,,1.0,False,True,1,squared_hinge,ovr,l1,3.3171560075651037e-05,,,,,,,,,,,,,,,,,,,,,
469,weighting,random_forest,,,,,,,,,,,,,,,,,,,,,,,,,,,,,,,,,,,,,,,,,,,,,,,,,,,,,,,,,,,,,,,,,,,,,,,,,,,,,,,,,True,entropy,None,0.6779841015398226,None,0.0,14,14,0.0,,,,,,,,,,,,one_hot_encoding,minority_coalescer,0.03961232028373377,most_frequent,robust_scaler,,,0.9772109830437746,0.13300503334706695,no_preprocessing,,,,,,,,,,,,,,,,,,,,,,,,,,,,,,,,,,,,,,,,,,,,,,
473,none,sgd,,,,,,,,,,,,,,,,,,,,,,,,,,,,,,,,,,,,,,,,,,,,,,,,,,,,,,,,,,,,,,,,,,,,,,,,,,,,,,,,,,,,,,,,,,0.043782453619910996,True,,0.01443000659481611,True,,constant,perceptron,l2,,0.003506214936809261,one_hot_encoding,minority_coalescer,0.010949712691945572,most_frequent,standardize,,,,,nystroem_sampler,,,,,,,,,,,,,,,,,,,,,,,,,,,,,cosine,87,,,,,,,,,,,,,,,,
476,weighting,liblinear_svc,,,,,,,,,,,,,,,,,,,,,,,,,,,,,,,,,,,,,,,,,,0.36838130785733464,False,True,1,squared_hinge,ovr,l2,3.7925330320714236e-05,,,,,,,,,,,,,,,,,,,,,,,,,,,,,,,,,,,,,,,,,,,,,,,,,,,,one_hot_encoding,no_coalescense,,median,none,,,,,polynomial,,,,,,,,,,,,,,,,,,,,,,,,,,,,,,,2,True,True,,,,,,,,,,,,,
479,none,random_forest,,,,,,,,,,,,,,,,,,,,,,,,,,,,,,,,,,,,,,,,,,,,,,,,,,,,,,,,,,,,,,,,,,,,,,,,,,,,,,,,,False,entropy,None,0.7712734111885328,None,0.0,1,5,0.0,,,,,,,,,,,,no_encoding,minority_coalescer,0.015314877693262816,most_frequent,quantile_transformer,1356,uniform,,,select_percentile_classification,,,,,,,,,,,,,,,,,,,,,,,,,,,,,,,,,,,,,,,,,87.53446402021245,chi2,,,,
481,weighting,random_forest,,,,,,,,,,,,,,,,,,,,,,,,,,,,,,,,,,,,,,,,,,,,,,,,,,,,,,,,,,,,,,,,,,,,,,,,,,,,,,,,,False,gini,None,0.4099596588162648,None,0.0,1,8,0.0,,,,,,,,,,,,one_hot_encoding,minority_coalescer,0.4771492435819997,most_frequent,none,,,,,polynomial,,,,,,,,,,,,,,,,,,,,,,,,,,,,,,,3,True,False,,,,,,,,,,,,,
482,weighting,lda,,,,,,,,,,,,,,,,,,,,,,,,,,,,,,,,,,,,,,,None,,1.2368147155880344e-05,,,,,,,,,,,,,,,,,,,,,,,,,,,,,,,,,,,,,,,,,,,,,,,,,,,,,,,,,,,,one_hot_encoding,no_coalescense,,most_frequent,none,,,,,kernel_pca,,,,,,,,,,,0.6207957103581596,4,0.01077801198503498,poly,1449,,,,,,,,,,,,,,,,,,,,,,,,,,,,,,,
484,weighting,lda,,,,,,,,,,,,,,,,,,,,,,,,,,,,,,,,,,,,,,,None,,2.5333090728103466e-05,,,,,,,,,,,,,,,,,,,,,,,,,,,,,,,,,,,,,,,,,,,,,,,,,,,,,,,,,,,,no_encoding,minority_coalescer,0.016156519610283894,most_frequent,none,,,,,kernel_pca,,,,,,,,,,,-0.03595470959535019,4,0.0845557950667849,poly,1990,,,,,,,,,,,,,,,,,,,,,,,,,,,,,,,
487,weighting,adaboost,SAMME.R,0.10801403333310834,4,50,,,,,,,,,,,,,,,,,,,,,,,,,,,,,,,,,,,,,,,,,,,,,,,,,,,,,,,,,,,,,,,,,,,,,,,,,,,,,,,,,,,,,,,,,,,,,,,,,no_encoding,no_coalescense,,most_frequent,standardize,,,,,polynomial,,,,,,,,,,,,,,,,,,,,,,,,,,,,,,,2,False,True,,,,,,,,,,,,,
491,none,extra_trees,,,,,,,,,,,,,,,False,entropy,None,0.873772969271144,None,0.0,7,11,0.0,,,,,,,,,,,,,,,,,,,,,,,,,,,,,,,,,,,,,,,,,,,,,,,,,,,,,,,,,,,,,,,,,,,,,,,,,,,,,,no_encoding,no_coalescense,,most_frequent,quantile_transformer,1821,uniform,,,no_preprocessing,,,,,,,,,,,,,,,,,,,,,,,,,,,,,,,,,,,,,,,,,,,,,,
492,none,random_forest,,,,,,,,,,,,,,,,,,,,,,,,,,,,,,,,,,,,,,,,,,,,,,,,,,,,,,,,,,,,,,,,,,,,,,,,,,,,,,,,,True,gini,None,0.471667884624141,None,0.0,1,2,0.0,,,,,,,,,,,,no_encoding,minority_coalescer,0.010000000000000004,most_frequent,robust_scaler,,,0.7801278716697352,0.009958988457181652,no_preprocessing,,,,,,,,,,,,,,,,,,,,,,,,,,,,,,,,,,,,,,,,,,,,,,
496,weighting,random_forest,,,,,,,,,,,,,,,,,,,,,,,,,,,,,,,,,,,,,,,,,,,,,,,,,,,,,,,,,,,,,,,,,,,,,,,,,,,,,,,,,False,gini,None,0.6169900221424475,None,0.0,3,7,0.0,,,,,,,,,,,,one_hot_encoding,minority_coalescer,0.01178888477221933,mean,robust_scaler,,,0.7269553220175934,0.07123573549100862,polynomial,,,,,,,,,,,,,,,,,,,,,,,,,,,,,,,3,True,False,,,,,,,,,,,,,
499,none,extra_trees,,,,,,,,,,,,,,,False,entropy,None,0.8127956995062233,None,0.0,19,14,0.0,,,,,,,,,,,,,,,,,,,,,,,,,,,,,,,,,,,,,,,,,,,,,,,,,,,,,,,,,,,,,,,,,,,,,,,,,,,,,,one_hot_encoding,no_coalescense,,median,standardize,,,,,polynomial,,,,,,,,,,,,,,,,,,,,,,,,,,,,,,,3,False,False,,,,,,,,,,,,,
503,none,passive_aggressive,,,,,,,,,,,,,,,,,,,,,,,,,,,,,,,,,,,,,,,,,,,,,,,,,,,,,,,,,,,,,,,,,,,,,,,,,,,0.3646508497609059,False,True,hinge,0.0008907846004102684,,,,,,,,,,,,,,,,,,,,,,no_encoding,minority_coalescer,0.009226793742071793,median,quantile_transformer,1894,uniform,,,kernel_pca,,,,,,,,,,,,,,cosine,943,,,,,,,,,,,,,,,,,,,,,,,,,,,,,,,
505,weighting,k_nearest_neighbors,,,,,,,,,,,,,,,,,,,,,,,,,,,,,,,,,,,,2,2,distance,,,,,,,,,,,,,,,,,,,,,,,,,,,,,,,,,,,,,,,,,,,,,,,,,,,,,,,,,,,,,,,one_hot_encoding,no_coalescense,,most_frequent,normalize,,,,,no_preprocessing,,,,,,,,,,,,,,,,,,,,,,,,,,,,,,,,,,,,,,,,,,,,,,
510,weighting,random_forest,,,,,,,,,,,,,,,,,,,,,,,,,,,,,,,,,,,,,,,,,,,,,,,,,,,,,,,,,,,,,,,,,,,,,,,,,,,,,,,,,True,entropy,None,0.39808804715593277,None,0.0,1,2,0.0,,,,,,,,,,,,one_hot_encoding,minority_coalescer,0.02884933636329657,mean,standardize,,,,,no_preprocessing,,,,,,,,,,,,,,,,,,,,,,,,,,,,,,,,,,,,,,,,,,,,,,
511,none,passive_aggressive,,,,,,,,,,,,,,,,,,,,,,,,,,,,,,,,,,,,,,,,,,,,,,,,,,,,,,,,,,,,,,,,,,,,,,,,,,,2.222300033852982,True,True,hinge,0.0002853766745911163,,,,,,,,,,,,,,,,,,,,,,one_hot_encoding,minority_coalescer,0.009876487371087591,most_frequent,none,,,,,kernel_pca,,,,,,,,,,,-0.19422072160522164,2,0.14345360326338452,poly,317,,,,,,,,,,,,,,,,,,,,,,,,,,,,,,,
516,none,k_nearest_neighbors,,,,,,,,,,,,,,,,,,,,,,,,,,,,,,,,,,,,82,1,distance,,,,,,,,,,,,,,,,,,,,,,,,,,,,,,,,,,,,,,,,,,,,,,,,,,,,,,,,,,,,,,,no_encoding,minority_coalescer,0.010000000000000004,mean,robust_scaler,,,0.9467210152999138,0.028896593744082877,no_preprocessing,,,,,,,,,,,,,,,,,,,,,,,,,,,,,,,,,,,,,,,,,,,,,,
519,none,random_forest,,,,,,,,,,,,,,,,,,,,,,,,,,,,,,,,,,,,,,,,,,,,,,,,,,,,,,,,,,,,,,,,,,,,,,,,,,,,,,,,,False,gini,None,0.5993366356288942,None,0.0,1,12,0.0,,,,,,,,,,,,no_encoding,minority_coalescer,0.016964233570070736,most_frequent,none,,,,,polynomial,,,,,,,,,,,,,,,,,,,,,,,,,,,,,,,2,True,True,,,,,,,,,,,,,
523,weighting,passive_aggressive,,,,,,,,,,,,,,,,,,,,,,,,,,,,,,,,,,,,,,,,,,,,,,,,,,,,,,,,,,,,,,,,,,,,,,,,,,,1.052064969681484,True,True,squared_hinge,1.4496041479232043e-05,,,,,,,,,,,,,,,,,,,,,,one_hot_encoding,minority_coalescer,0.15258196517248282,most_frequent,quantile_transformer,1017,uniform,,,polynomial,,,,,,,,,,,,,,,,,,,,,,,,,,,,,,,2,True,False,,,,,,,,,,,,,
527,weighting,adaboost,SAMME.R,1.3104324359089259,2,447,,,,,,,,,,,,,,,,,,,,,,,,,,,,,,,,,,,,,,,,,,,,,,,,,,,,,,,,,,,,,,,,,,,,,,,,,,,,,,,,,,,,,,,,,,,,,,,,,one_hot_encoding,minority_coalescer,0.007688169083280994,mean,quantile_transformer,976,uniform,,,polynomial,,,,,,,,,,,,,,,,,,,,,,,,,,,,,,,3,True,False,,,,,,,,,,,,,
528,none,sgd,,,,,,,,,,,,,,,,,,,,,,,,,,,,,,,,,,,,,,,,,,,,,,,,,,,,,,,,,,,,,,,,,,,,,,,,,,,,,,,,,,,,,,,,,,0.0002346515712987664,True,,,True,,optimal,log,l1,,1.3716748930467322e-05,one_hot_encoding,no_coalescense,,mean,standardize,,,,,no_preprocessing,,,,,,,,,,,,,,,,,,,,,,,,,,,,,,,,,,,,,,,,,,,,,,
530,none,extra_trees,,,,,,,,,,,,,,,False,entropy,None,0.6128603428070196,None,0.0,1,3,0.0,,,,,,,,,,,,,,,,,,,,,,,,,,,,,,,,,,,,,,,,,,,,,,,,,,,,,,,,,,,,,,,,,,,,,,,,,,,,,,one_hot_encoding,minority_coalescer,0.08125391652261632,most_frequent,robust_scaler,,,0.8601586365248128,0.052862156055921525,no_preprocessing,,,,,,,,,,,,,,,,,,,,,,,,,,,,,,,,,,,,,,,,,,,,,,
534,none,k_nearest_neighbors,,,,,,,,,,,,,,,,,,,,,,,,,,,,,,,,,,,,1,2,distance,,,,,,,,,,,,,,,,,,,,,,,,,,,,,,,,,,,,,,,,,,,,,,,,,,,,,,,,,,,,,,,one_hot_encoding,minority_coalescer,0.012494427735365514,mean,robust_scaler,,,0.8013321163679897,0.04508686753888279,random_trees_embedding,,,,,,,,,,,,,,,,,,,,,,,,,,,,,,,,,,False,3,None,8,18,1.0,74,,,,,,
536,none,random_forest,,,,,,,,,,,,,,,,,,,,,,,,,,,,,,,,,,,,,,,,,,,,,,,,,,,,,,,,,,,,,,,,,,,,,,,,,,,,,,,,,False,gini,None,0.4094019537783763,None,0.0,6,5,0.0,,,,,,,,,,,,no_encoding,no_coalescense,,mean,quantile_transformer,1285,uniform,,,polynomial,,,,,,,,,,,,,,,,,,,,,,,,,,,,,,,3,False,False,,,,,,,,,,,,,
540,weighting,lda,,,,,,,,,,,,,,,,,,,,,,,,,,,,,,,,,,,,,,,None,,2.3779438488805372e-05,,,,,,,,,,,,,,,,,,,,,,,,,,,,,,,,,,,,,,,,,,,,,,,,,,,,,,,,,,,,one_hot_encoding,minority_coalescer,0.14319891040962948,most_frequent,quantile_transformer,1392,uniform,,,kernel_pca,,,,,,,,,,,,,0.010000000000000004,rbf,100,,,,,,,,,,,,,,,,,,,,,,,,,,,,,,,
542,weighting,libsvm_svc,,,,,,,,,,,,,,,,,,,,,,,,,,,,,,,,,,,,,,,,,,,,,,,,,,575.2840839820392,,,0.28251015893293174,rbf,-1,False,6.314728575433805e-05,,,,,,,,,,,,,,,,,,,,,,,,,,,,,,,,,,,,,,,,,,,,one_hot_encoding,no_coalescense,,median,none,,,,,no_preprocessing,,,,,,,,,,,,,,,,,,,,,,,,,,,,,,,,,,,,,,,,,,,,,,
545,none,sgd,,,,,,,,,,,,,,,,,,,,,,,,,,,,,,,,,,,,,,,,,,,,,,,,,,,,,,,,,,,,,,,,,,,,,,,,,,,,,,,,,,,,,,,,,,0.048393074342475875,False,0.05659652183670086,0.007455061573984687,True,0.07829415164250811,invscaling,modified_huber,elasticnet,0.5,2.16768164831849e-05,one_hot_encoding,no_coalescense,,median,standardize,,,,,liblinear_svc_preprocessor,,,,,,,,,,,,,,,,,,1.0,False,True,1,squared_hinge,ovr,l1,7.725962335456218e-05,,,,,,,,,,,,,,,,,,,,,
548,none,random_forest,,,,,,,,,,,,,,,,,,,,,,,,,,,,,,,,,,,,,,,,,,,,,,,,,,,,,,,,,,,,,,,,,,,,,,,,,,,,,,,,,False,gini,None,0.04430001567713662,None,0.0,1,3,0.0,,,,,,,,,,,,one_hot_encoding,minority_coalescer,0.01068736010711665,mean,none,,,,,polynomial,,,,,,,,,,,,,,,,,,,,,,,,,,,,,,,2,True,False,,,,,,,,,,,,,
549,none,sgd,,,,,,,,,,,,,,,,,,,,,,,,,,,,,,,,,,,,,,,,,,,,,,,,,,,,,,,,,,,,,,,,,,,,,,,,,,,,,,,,,,,,,,,,,,5.9414069705206326e-05,True,,,True,0.9347722140167287,optimal,hinge,elasticnet,,0.002550783423602953,one_hot_encoding,minority_coalescer,0.0052788602541260716,mean,robust_scaler,,,0.893819912120224,0.09668091755861194,kitchen_sinks,,,,,,,,,,,,,,,,3.356169142107901e-05,194,,,,,,,,,,,,,,,,,,,,,,,,,,,,,
554,weighting,adaboost,SAMME,0.0898116612384131,5,305,,,,,,,,,,,,,,,,,,,,,,,,,,,,,,,,,,,,,,,,,,,,,,,,,,,,,,,,,,,,,,,,,,,,,,,,,,,,,,,,,,,,,,,,,,,,,,,,,no_encoding,no_coalescense,,most_frequent,none,,,,,polynomial,,,,,,,,,,,,,,,,,,,,,,,,,,,,,,,3,True,True,,,,,,,,,,,,,
556,none,k_nearest_neighbors,,,,,,,,,,,,,,,,,,,,,,,,,,,,,,,,,,,,1,2,distance,,,,,,,,,,,,,,,,,,,,,,,,,,,,,,,,,,,,,,,,,,,,,,,,,,,,,,,,,,,,,,,one_hot_encoding,minority_coalescer,0.2243702699735874,median,robust_scaler,,,0.9398079108777535,0.06751508236447328,extra_trees_preproc_for_classification,False,gini,None,0.5400657457230515,None,0.0,17,7,0.0,100,,,,,,,,,,,,,,,,,,,,,,,,,,,,,,,,,,,,
